,client_id,loan_id,state,arrears_days,total_paid,Monto Acumulado,Uso de los recursos,Plazo,Sector,Ingresos,Ubicación,Estrato Mínimo,Procesos judiciales,Alertas,Score Bureau Empresa,Huellas de Consulta,Website empresa,Instagram empresa,LinkedIn empresa,LinkedIn empresarios,Edad empresarios,Activador,Número de accionistas,Impacto,Acceso previso a la banca,# Empleados,Mujeres empresarias,Mujeres en cargos directivos,cluster_id_2,cluster_id_3
0,241,1076,PAID,17,147915805,250000000,CR ,25 a 36 meses,Servicios,Seed,Medellín,5,No,No,925,8,Si,Si,Si,Si,45,Internet,2,No,Si,16,No,2,1,2
1,241,1244,PAID,23,91852726,250000000,CR ,25 a 36 meses,Servicios,Seed,Medellín,5,No,No,925,8,Si,Si,Si,Si,45,Internet,2,No,Si,16,No,2,1,2
2,362,1469,PAID,14,15211138,50000000,KT - EX,13 a 24 meses,Servicios,Seed,Medellín,3,No,No,924,2,Si,No,Si,No,32,SocialNetworks,3,No,Si,3,No,0,1,2
3,428,119,PAID,64,8713879,40000000,SP,13 a 24 meses,Industria,Seed,Medellín,4,No,No,861,1,Si,No,Si,Si,44,CreditProfessionalContact,2,No,Si,5,No,0,1,2
4,428,120,PAID,64,8102608,40000000,SP,13 a 24 meses,Industria,Seed,Medellín,4,No,No,861,1,Si,No,Si,Si,44,CreditProfessionalContact,2,No,Si,5,No,0,1,2
5,429,998,PAID,65,34013973,111491000,SP,Menos de 12 meses,Servicios,Seed,Medellín,4,No,No,951,0,No,No,No,No,49,CreditProfessionalContact,2,No,No,5,No,2,1,2
6,429,1512,LATE,42,9890745,111491000,SP,Menos de 12 meses,Servicios,Seed,Medellín,4,No,No,951,0,No,No,No,No,49,CreditProfessionalContact,2,No,No,5,No,2,1,2
7,430,205,PAID,33,127943202,1299370581,KT - CO,Menos de 12 meses,Industria,Venture,Envigado,5,No,Si,810,20,Si,Si,Si,Si,24,Other,3,No,Si,22,No,0,1,2
8,430,587,PAID,1,91401252,1299370581,KT - CO,Menos de 12 meses,Industria,Venture,Envigado,5,No,Si,810,20,Si,Si,Si,Si,24,Other,3,No,Si,22,No,0,1,2
9,430,1092,PAID,0,69718610,1299370581,KT - CO,Menos de 12 meses,Industria,Venture,Envigado,5,No,Si,810,20,Si,Si,Si,Si,24,Other,3,No,Si,22,No,0,1,2
10,430,1337,PAID,0,156686604,1299370581,KT - CO,Menos de 12 meses,Industria,Venture,Envigado,5,No,Si,810,20,Si,Si,Si,Si,24,Other,3,No,Si,22,No,0,1,2
11,431,608,PAID,0,108148102,110000000,KT - EX,Más de 37 meses,Servicios,Seed,Medellín,6,No,No,885,1,No,No,No,No,41,FriendOrColleague,2,No,Si,20,No,3,1,2
12,432,975,LATE,95,43921726,675000000,CR ,25 a 36 meses,Industria,Venture,Bogotá D.C.,5,No,No,891,9,Si,Si,No,No,37,FriendOrColleague,2,No,Si,146,Si,0,1,2
13,432,1344,PAID,53,5184642,675000000,CR ,25 a 36 meses,Industria,Venture,Bogotá D.C.,5,No,No,891,9,Si,Si,No,No,37,FriendOrColleague,2,No,Si,146,Si,0,1,2
14,459,579,PAID,0,153491420,150000000,CR ,13 a 24 meses,Servicios,Scale Up,Medellín,4,No,No,933,7,Si,Si,Si,Si,40,CreditProfessionalContact,5,No,Si,42,No,0,1,2
15,461,703,PAID,2,55041196,700000000,KT - CO,Menos de 12 meses,Comercio,Venture,Bogotá D.C.,4,No,No,933,10,No,No,No,No,32,Newspapers,3,No,Si,8,Si,1,1,2
16,461,1252,LATE,4,63816316,700000000,KT - CO,Menos de 12 meses,Comercio,Venture,Bogotá D.C.,4,No,No,933,10,No,No,No,No,32,Newspapers,3,No,Si,8,Si,1,1,2
17,461,1510,LATE,4,68557372,700000000,KT - CO,Menos de 12 meses,Comercio,Venture,Bogotá D.C.,4,No,No,933,10,No,No,No,No,32,Newspapers,3,No,Si,8,Si,1,1,2
18,472,123,PAID,0,109740029,610000000,KT - CO,Menos de 12 meses,Servicios,Venture,Sabaneta,5,No,Si,891,14,No,No,No,Si,32,CreditProfessionalContact,1,No,Si,4,No,1,1,2
19,472,700,PAID,19,75420306,610000000,KT - CO,Menos de 12 meses,Servicios,Venture,Sabaneta,5,No,Si,891,14,No,No,No,Si,32,CreditProfessionalContact,1,No,Si,4,No,1,1,2
20,472,1149,PAID,17,16304899,610000000,KT - CO,Menos de 12 meses,Servicios,Venture,Sabaneta,5,No,Si,891,14,No,No,No,Si,32,CreditProfessionalContact,1,No,Si,4,No,1,1,2
21,472,1308,PAID,11,49378916,610000000,KT - CO,Menos de 12 meses,Servicios,Venture,Sabaneta,5,No,Si,891,14,No,No,No,Si,32,CreditProfessionalContact,1,No,Si,4,No,1,1,2
22,472,1322,PAID,4,49228148,610000000,KT - CO,Menos de 12 meses,Servicios,Venture,Sabaneta,5,No,Si,891,14,No,No,No,Si,32,CreditProfessionalContact,1,No,Si,4,No,1,1,2
23,473,716,PAID,1,26031488,220000000,KT - EX,Menos de 12 meses,Servicios,Venture,Medellín,4,No,No,931,2,Si,No,No,No,42,FriendOrColleague,3,No,Si,185,No,0,1,2
24,473,1152,PAID,1,54693470,220000000,KT - EX,Menos de 12 meses,Servicios,Venture,Medellín,4,No,No,931,2,Si,No,No,No,42,FriendOrColleague,3,No,Si,185,No,0,1,2
25,498,644,PAID,2,17747694,135000000,KT - EX,Menos de 12 meses,Servicios,Venture,Medellín,5,No,No,883,1,Si,Si,Si,No,37,CreditProfessionalContact,1,No,No,4,No,0,1,2
26,498,1105,PAID,11,36806539,135000000,KT - EX,Menos de 12 meses,Servicios,Venture,Medellín,5,No,No,883,1,Si,Si,Si,No,37,CreditProfessionalContact,1,No,No,4,No,0,1,2
27,504,976,LATE,189,25368907,100000000,KT - EX,13 a 24 meses,Servicios,Venture,Bogotá D.C.,5,No,No,901,4,Si,No,No,No,35,Internet,3,No,Si,22,No,1,1,2
28,504,1144,PAID,41,14972404,100000000,KT - EX,13 a 24 meses,Servicios,Venture,Bogotá D.C.,5,No,No,901,4,Si,No,No,No,35,Internet,3,No,Si,22,No,1,1,2
29,505,982,LATE,59,36566538,200000000,KT - EX,25 a 36 meses,Industria,Venture,Medellín,4,Si,No,882,3,Si,Si,Si,Si,48,Internet,2,No,Si,16,No,1,1,2
30,505,1444,LATE,217,19939097,200000000,KT - EX,25 a 36 meses,Industria,Venture,Medellín,4,Si,No,882,3,Si,Si,Si,Si,48,Internet,2,No,Si,16,No,1,1,2
31,506,678,PAID,3,10407317,110000000,KT - CO,Menos de 12 meses,Servicios,Venture,Medellín,4,No,No,902,6,Si,No,No,No,32,FriendOrColleague,2,No,Si,10,Si,1,1,2
32,524,707,PAID,22,27087586,30000000,SP,25 a 36 meses,Industria,Venture,Itagüí,4,Si,No,892,4,No,Si,No,No,35,CreditProfessionalContact,2,No,Si,8,No,2,1,2
33,547,121,PAID,20,38658707,350000000,KT - CO,Menos de 12 meses,Servicios,Scale Up,Medellín,4,Si,No,862,10,Si,Si,No,No,39,CreditProfessionalContact,2,No,Si,35,Si,0,1,2
34,547,704,PAID,18,27559185,350000000,KT - CO,Menos de 12 meses,Servicios,Scale Up,Medellín,4,Si,No,862,10,Si,Si,No,No,39,CreditProfessionalContact,2,No,Si,35,Si,0,1,2
35,548,705,PAID,0,38103713,630000000,KT - EX,Menos de 12 meses,Servicios,Scale Up,Bogotá D.C.,5,No,No,881,7,Si,No,No,No,37,Other,4,No,Si,32,No,3,1,2
36,548,726,PAID,2,82577251,630000000,KT - EX,Menos de 12 meses,Servicios,Scale Up,Bogotá D.C.,5,No,No,881,7,Si,No,No,No,37,Other,4,No,Si,32,No,3,1,2
37,548,1265,PAID,32,296718260,630000000,KT - EX,Menos de 12 meses,Servicios,Scale Up,Bogotá D.C.,5,No,No,881,7,Si,No,No,No,37,Other,4,No,Si,32,No,3,1,2
38,549,245,PAID,0,15257019,170000000,KT - CO,13 a 24 meses,Servicios,Seed,Medellín,3,No,No,780,1,No,No,No,No,31,CreditProfessionalContact,3,No,No,2,No,2,1,1
39,549,1376,PAID,16,15358471,170000000,KT - CO,13 a 24 meses,Servicios,Seed,Medellín,3,No,No,780,1,No,No,No,No,31,CreditProfessionalContact,3,No,No,2,No,2,1,1
40,560,723,PAID,15,27801393,260000000,KT - EX,Menos de 12 meses,Industria,Venture,Bogotá D.C.,3,No,Si,898,16,Si,No,Si,No,55,FriendOrColleague,4,No,No,8,Si,1,1,2
41,560,1059,PAID,16,11313722,260000000,KT - EX,Menos de 12 meses,Industria,Venture,Bogotá D.C.,3,No,Si,898,16,Si,No,Si,No,55,FriendOrColleague,4,No,No,8,Si,1,1,2
42,560,1061,PAID,30,19386985,260000000,KT - EX,Menos de 12 meses,Industria,Venture,Bogotá D.C.,3,No,Si,898,16,Si,No,Si,No,55,FriendOrColleague,4,No,No,8,Si,1,1,2
43,560,1435,PAID,27,15208314,260000000,KT - EX,Menos de 12 meses,Industria,Venture,Bogotá D.C.,3,No,Si,898,16,Si,No,Si,No,55,FriendOrColleague,4,No,No,8,Si,1,1,2
44,574,107,LATE,257,25022334,300000000,KT - EX,13 a 24 meses,Servicios,Scale Up,Medellín,4,No,No,808,7,No,No,No,No,25,Internet,2,No,Si,111,No,4,1,2
45,574,620,LATE,187,50078645,300000000,KT - EX,13 a 24 meses,Servicios,Scale Up,Medellín,4,No,No,808,7,No,No,No,No,25,Internet,2,No,Si,111,No,4,1,2
46,575,609,PAID,0,61843053,274341316,KT - EX,Menos de 12 meses,Servicios,Seed,Bogotá D.C.,6,Si,No,878,1,Si,Si,Si,Si,41,Other,2,No,Si,4,No,1,1,2
47,575,668,PAID,21,46448764,274341316,KT - EX,Menos de 12 meses,Servicios,Seed,Bogotá D.C.,6,Si,No,878,1,Si,Si,Si,Si,41,Other,2,No,Si,4,No,1,1,2
48,575,1169,PAID,0,42150770,274341316,KT - EX,Menos de 12 meses,Servicios,Seed,Bogotá D.C.,6,Si,No,878,1,Si,Si,Si,Si,41,Other,2,No,Si,4,No,1,1,2
49,599,990,LATE,622,0,100000000,CR ,13 a 24 meses,Servicios,Seed,La Ceja,4,Si,No,939,0,No,No,No,No,45,Internet,1,No,No,20,No,1,1,2
50,600,206,PAID,28,69918220,420000000,KT - CO,13 a 24 meses,Industria,Venture,Medellín,4,No,No,760,2,No,No,No,Si,38,FriendOrColleague,3,No,Si,7,No,0,1,1
51,600,1100,PAID,8,38283469,420000000,KT - CO,13 a 24 meses,Industria,Venture,Medellín,4,No,No,760,2,No,No,No,Si,38,FriendOrColleague,3,No,Si,7,No,0,1,1
52,600,1113,PAID,29,31486760,420000000,KT - CO,13 a 24 meses,Industria,Venture,Medellín,4,No,No,760,2,No,No,No,Si,38,FriendOrColleague,3,No,Si,7,No,0,1,1
53,601,658,PAID,4,60209243,130000000,KT - CO,25 a 36 meses,Industria,Seed,Medellín,6,No,No,933,2,No,Si,No,Si,31,FriendOrColleague,2,No,No,3,No,2,1,2
54,601,838,PAID,0,56907320,130000000,KT - CO,25 a 36 meses,Industria,Seed,Medellín,6,No,No,933,2,No,Si,No,Si,31,FriendOrColleague,2,No,No,3,No,2,1,2
55,602,978,LATE,216,11729187,600000000,CR ,Más de 37 meses,Industria,Growth,La Estrella,4,No,No,659,20,Si,Si,Si,Si,46,CreditProfessionalContact,5,No,Si,100,No,4,1,1
56,602,980,LATE,210,35188037,600000000,CR ,Más de 37 meses,Industria,Growth,La Estrella,4,No,No,659,20,Si,Si,Si,Si,46,CreditProfessionalContact,5,No,Si,100,No,4,1,1
57,602,989,LATE,210,11729134,600000000,CR ,Más de 37 meses,Industria,Growth,La Estrella,4,No,No,659,20,Si,Si,Si,Si,46,CreditProfessionalContact,5,No,Si,100,No,4,1,1
58,602,1003,LATE,210,11729319,600000000,CR ,Más de 37 meses,Industria,Growth,La Estrella,4,No,No,659,20,Si,Si,Si,Si,46,CreditProfessionalContact,5,No,Si,100,No,4,1,1
59,602,1219,LATE,613,0,600000000,CR ,Más de 37 meses,Industria,Growth,La Estrella,4,No,No,659,20,Si,Si,Si,Si,46,CreditProfessionalContact,5,No,Si,100,No,4,1,1
60,602,1220,LATE,613,0,600000000,CR ,Más de 37 meses,Industria,Growth,La Estrella,4,No,No,659,20,Si,Si,Si,Si,46,CreditProfessionalContact,5,No,Si,100,No,4,1,1
61,602,1221,LATE,613,0,600000000,CR ,Más de 37 meses,Industria,Growth,La Estrella,4,No,No,659,20,Si,Si,Si,Si,46,CreditProfessionalContact,5,No,Si,100,No,4,1,1
62,602,1222,LATE,613,0,600000000,CR ,Más de 37 meses,Industria,Growth,La Estrella,4,No,No,659,20,Si,Si,Si,Si,46,CreditProfessionalContact,5,No,Si,100,No,4,1,1
63,603,667,PAID,0,27650252,375000000,KT - EX,Menos de 12 meses,Servicios,Seed,Medellín,5,No,No,933,2,Si,No,No,Si,43,CreditProfessionalContact,2,Si,No,3,No,0,1,2
64,603,1060,PAID,0,27639888,375000000,KT - EX,Menos de 12 meses,Servicios,Seed,Medellín,5,No,No,933,2,Si,No,No,Si,43,CreditProfessionalContact,2,Si,No,3,No,0,1,2
65,603,1414,PAID,1,22650436,375000000,KT - EX,Menos de 12 meses,Servicios,Seed,Medellín,5,No,No,933,2,Si,No,No,Si,43,CreditProfessionalContact,2,Si,No,3,No,0,1,2
66,613,34,PAID,0,100204762,950000000,SP,Menos de 12 meses,Industria,Seed,Medellín,4,No,No,901,2,Si,No,No,No,42,CreditProfessionalContact,1,No,No,35,No,0,1,2
67,613,64,PAID,0,68122928,950000000,SP,Menos de 12 meses,Industria,Seed,Medellín,4,No,No,901,2,Si,No,No,No,42,CreditProfessionalContact,1,No,No,35,No,0,1,2
68,613,65,PAID,0,70212020,950000000,SP,Menos de 12 meses,Industria,Seed,Medellín,4,No,No,901,2,Si,No,No,No,42,CreditProfessionalContact,1,No,No,35,No,0,1,2
69,646,32,PAID,0,62651300,320000000,KT - CO,Menos de 12 meses,Servicios,Scale Up,Medellín,4,No,No,937,0,Si,No,No,Si,36,Other,3,No,Si,35,No,2,1,2
70,896,1232,PAID,6,17618312,110000000,KT - EX,13 a 24 meses,Servicios,Seed,Medellín,5,No,No,0,0,No,Si,No,No,35,FriendOrColleague,2,No,No,4,No,0,0,0
71,909,612,PAID,35,257480344,300000000,SP,Más de 37 meses,Comercio,Venture,Medellín,6,No,No,929,5,Si,Si,No,No,46,CreditProfessionalContact,5,Si,Si,7,No,1,1,2
72,910,988,PAID,0,32917657,380000000,KT - EX,Menos de 12 meses,Servicios,Seed,Bogotá D.C.,5,No,Si,201,11,Si,Si,Si,Si,29,FriendOrColleague,5,No,Si,13,No,1,0,0
73,910,1001,PAID,179,16908747,380000000,KT - EX,Menos de 12 meses,Servicios,Seed,Bogotá D.C.,5,No,Si,201,11,Si,Si,Si,Si,29,FriendOrColleague,5,No,Si,13,No,1,0,0
74,1021,261,PAID,73,23349938,136500000,CR ,Menos de 12 meses,Servicios,Venture,Bogotá D.C.,5,No,No,790,5,Si,Si,Si,Si,30,Newspapers,1,No,Si,35,No,2,1,1
75,1021,706,PAID,81,17384531,136500000,CR ,Menos de 12 meses,Servicios,Venture,Bogotá D.C.,5,No,No,790,5,Si,Si,Si,Si,30,Newspapers,1,No,Si,35,No,2,1,1
76,1022,840,PAID,53,16705143,120000000,KT - CO,Menos de 12 meses,Servicios,Seed,Medellín,5,No,No,561,4,Si,No,No,No,44,CreditProfessionalContact,3,No,Si,13,No,4,1,1
77,1066,262,PAID,0,38279458,80000000,KT - CO,Menos de 12 meses,Servicios,Seed,Bogotá D.C.,5,No,No,949,1,Si,Si,Si,Si,27,Newspapers,3,No,No,14,No,0,1,2
78,1066,1439,PAID,3,14688134,80000000,KT - CO,Menos de 12 meses,Servicios,Seed,Bogotá D.C.,5,No,No,949,1,Si,Si,Si,Si,27,Newspapers,3,No,No,14,No,0,1,2
79,1067,712,PAID,16,38490732,380000000,KT - CO,13 a 24 meses,Servicios,Scale Up,Medellín,4,Si,No,904,15,No,Si,Si,No,38,CreditProfessionalContact,2,No,No,32,Si,2,1,2
80,1067,1468,PAID,20,53310826,380000000,KT - CO,13 a 24 meses,Servicios,Scale Up,Medellín,4,Si,No,904,15,No,Si,Si,No,38,CreditProfessionalContact,2,No,No,32,Si,2,1,2
81,1068,984,LATE,80,12581410,50000000,KT - CO,13 a 24 meses,Servicios,Seed,Bogotá D.C.,5,No,No,570,7,Si,No,Si,Si,39,Internet,2,No,Si,5,No,1,1,1
82,1069,124,PAID,2,38418415,200000000,KT - EX,13 a 24 meses,Servicios,Venture,Medellín,6,Si,No,295,2,Si,No,No,No,43,Newspapers,4,Si,Si,15,No,1,0,0
83,1070,677,PAID,7,30151607,230000000,KT - EX,13 a 24 meses,Servicios,Venture,Medellín,6,No,No,807,6,Si,Si,No,No,43,FriendOrColleague,6,No,Si,20,No,1,1,2
84,1070,1143,PAID,1,9039250,230000000,KT - EX,13 a 24 meses,Servicios,Venture,Medellín,6,No,No,807,6,Si,Si,No,No,43,FriendOrColleague,6,No,Si,20,No,1,1,2
85,1070,1505,PAID,4,29926839,230000000,KT - EX,13 a 24 meses,Servicios,Venture,Medellín,6,No,No,807,6,Si,Si,No,No,43,FriendOrColleague,6,No,Si,20,No,1,1,2
86,1112,1298,PAID,8,9138489,30000000,KT - CO,13 a 24 meses,Servicios,Seed,Medellín,3,No,No,957,1,Si,Si,No,No,29,Internet,2,No,No,6,Si,1,1,2
87,1146,1361,PAID,0,61373292,200000000,KT - CO,13 a 24 meses,Servicios,Venture,Neiva,4,No,Si,809,7,Si,No,No,Si,33,FriendOrColleague,5,Si,Si,12,Si,6,1,2
88,1259,972,PAID,115,23311264,110000000,KT - EX,13 a 24 meses,Servicios,Seed,Bogotá D.C.,6,No,No,911,4,Si,Si,Si,Si,31,Internet,2,No,Si,21,No,6,1,2
89,1259,1012,LATE,39,16070489,110000000,KT - EX,13 a 24 meses,Servicios,Seed,Bogotá D.C.,6,No,No,911,4,Si,Si,Si,Si,31,Internet,2,No,Si,21,No,6,1,2
90,1281,1011,PAID,193,15660125,40000000,KT - CO,13 a 24 meses,Servicios,Seed,Medellín,3,No,No,876,4,Si,No,Si,Si,63,FriendOrColleague,1,No,Si,14,Si,2,1,2
91,1282,599,PAID,4,16590701,30000000,CR ,Menos de 12 meses,Servicios,Seed,Bogotá D.C.,4,No,No,967,2,No,Si,Si,No,40,Internet,5,No,No,6,No,1,1,2
92,1314,639,PAID,5,242274953,1150000000,SP,13 a 24 meses,Industria,Scale Up,Bogotá D.C.,4,No,Si,933,21,Si,No,Si,Si,33,Internet,4,Si,Si,150,Si,6,1,2
93,1314,648,PAID,8,91195322,1150000000,SP,13 a 24 meses,Industria,Scale Up,Bogotá D.C.,4,No,Si,933,21,Si,No,Si,Si,33,Internet,4,Si,Si,150,Si,6,1,2
94,1315,1002,PAID,5,24592287,80000000,KT - EX,13 a 24 meses,Servicios,Seed,Bogotá D.C.,3,No,No,729,2,Si,Si,Si,Si,38,Internet,4,No,Si,8,No,0,1,1
95,1338,635,PAID,1,186955232,330000000,KT - CO,Menos de 12 meses,Servicios,Growth,Bogotá D.C.,4,No,No,929,11,Si,No,Si,Si,59,FriendOrColleague,3,No,Si,120,No,4,1,2
96,1339,264,LATE,313,13160472,50000000,SP,13 a 24 meses,Servicios,Seed,Medellín,6,No,No,861,3,Si,No,No,Si,32,FriendOrColleague,2,No,Si,10,No,1,1,2
97,1340,652,PAID,1,36070718,290000000,SP,13 a 24 meses,Servicios,Venture,Bogotá D.C.,5,No,No,925,9,Si,Si,Si,No,41,Internet,2,No,Si,40,No,4,1,2
98,1341,671,PAID,26,16707869,110000000,KT - EX,Menos de 12 meses,Servicios,Seed,Bogotá D.C.,5,No,Si,920,1,Si,No,Si,No,32,Internet,3,No,Si,8,No,2,1,2
99,1341,1243,PAID,1,16535793,110000000,KT - EX,Menos de 12 meses,Servicios,Seed,Bogotá D.C.,5,No,Si,920,1,Si,No,Si,No,32,Internet,3,No,Si,8,No,2,1,2
100,1342,640,PAID,10,12090536,90000000,KT - EX,13 a 24 meses,Servicios,Seed,Envigado,3,No,No,951,2,No,Si,Si,No,31,FriendOrColleague,2,No,No,22,Si,2,1,2
101,1343,269,PAID,0,21655336,407000000,KT - CO,25 a 36 meses,Comercio,Venture,Bogotá D.C.,5,No,No,929,13,No,Si,No,No,57,Internet,2,No,Si,18,No,1,1,2
102,1343,641,PAID,0,162125908,407000000,KT - CO,25 a 36 meses,Comercio,Venture,Bogotá D.C.,5,No,No,929,13,No,Si,No,No,57,Internet,2,No,Si,18,No,1,1,2
103,1343,1321,PAID,0,10791618,407000000,KT - CO,25 a 36 meses,Comercio,Venture,Bogotá D.C.,5,No,No,929,13,No,Si,No,No,57,Internet,2,No,Si,18,No,1,1,2
104,1372,697,LATE,210,19192558,230000000,KT - EX,13 a 24 meses,Industria,Venture,Medellín,4,No,Si,632,8,No,No,Si,Si,34,Internet,1,Si,Si,35,No,2,1,1
105,1372,1070,LATE,222,20390108,230000000,KT - EX,13 a 24 meses,Industria,Venture,Medellín,4,No,Si,632,8,No,No,Si,Si,34,Internet,1,Si,Si,35,No,2,1,1
106,1397,36,PAID,0,128196078,300000000,KT - CO,25 a 36 meses,Servicios,Venture,Medellín,6,Si,No,925,14,Si,Si,Si,Si,38,Other,4,No,Si,50,No,1,1,2
107,1397,1311,LATE,470,0,300000000,KT - CO,25 a 36 meses,Servicios,Venture,Medellín,6,Si,No,925,14,Si,Si,Si,Si,38,Other,4,No,Si,50,No,1,1,2
108,1399,601,PAID,64,24380864,120000000,KT - EX,Menos de 12 meses,Servicios,Seed,Bogotá D.C.,5,No,No,955,2,Si,Si,Si,Si,44,Internet,2,No,Si,26,Si,3,1,2
109,1399,1146,PAID,60,21977094,120000000,KT - EX,Menos de 12 meses,Servicios,Seed,Bogotá D.C.,5,No,No,955,2,Si,Si,Si,Si,44,Internet,2,No,Si,26,Si,3,1,2
110,1400,576,PAID,147,15721765,30000000,SP,13 a 24 meses,Industria,Seed,Medellín,4,No,No,45,3,Si,Si,No,Si,36,Other,4,No,Si,10,No,1,0,0
111,1403,11,PAID,6,54364691,1030000000,KT - EX,Menos de 12 meses,Industria,Growth,La Estrella,3,No,Si,929,33,Si,No,No,Si,47,Other,2,No,Si,15,No,1,1,2
112,1403,645,LATE,484,22756137,1030000000,KT - EX,Menos de 12 meses,Industria,Growth,La Estrella,3,No,Si,929,33,Si,No,No,Si,47,Other,2,No,Si,15,No,1,1,2
113,1403,646,PAID,92,38524047,1030000000,KT - EX,Menos de 12 meses,Industria,Growth,La Estrella,3,No,Si,929,33,Si,No,No,Si,47,Other,2,No,Si,15,No,1,1,2
114,1403,647,PAID,26,37713694,1030000000,KT - EX,Menos de 12 meses,Industria,Growth,La Estrella,3,No,Si,929,33,Si,No,No,Si,47,Other,2,No,Si,15,No,1,1,2
115,1403,1005,LATE,641,6525686,1030000000,KT - EX,Menos de 12 meses,Industria,Growth,La Estrella,3,No,Si,929,33,Si,No,No,Si,47,Other,2,No,Si,15,No,1,1,2
116,1403,1006,PAID,100,38558906,1030000000,KT - EX,Menos de 12 meses,Industria,Growth,La Estrella,3,No,Si,929,33,Si,No,No,Si,47,Other,2,No,Si,15,No,1,1,2
117,1403,1007,PAID,38,37736602,1030000000,KT - EX,Menos de 12 meses,Industria,Growth,La Estrella,3,No,Si,929,33,Si,No,No,Si,47,Other,2,No,Si,15,No,1,1,2
118,1403,1008,LATE,563,0,1030000000,KT - EX,Menos de 12 meses,Industria,Growth,La Estrella,3,No,Si,929,33,Si,No,No,Si,47,Other,2,No,Si,15,No,1,1,2
119,1403,1104,LATE,540,0,1030000000,KT - EX,Menos de 12 meses,Industria,Growth,La Estrella,3,No,Si,929,33,Si,No,No,Si,47,Other,2,No,Si,15,No,1,1,2
120,1403,1193,LATE,529,0,1030000000,KT - EX,Menos de 12 meses,Industria,Growth,La Estrella,3,No,Si,929,33,Si,No,No,Si,47,Other,2,No,Si,15,No,1,1,2
121,1405,23,LATE,293,25483419,600000000,KT - EX,13 a 24 meses,Industria,Venture,Itagüí,5,No,No,651,14,Si,Si,No,Si,53,Other,2,No,Si,10,No,2,1,1
122,1405,24,LATE,284,25409711,600000000,KT - EX,13 a 24 meses,Industria,Venture,Itagüí,5,No,No,651,14,Si,Si,No,Si,53,Other,2,No,Si,10,No,2,1,1
123,1405,25,LATE,278,25360068,600000000,KT - EX,13 a 24 meses,Industria,Venture,Itagüí,5,No,No,651,14,Si,Si,No,Si,53,Other,2,No,Si,10,No,2,1,1
124,1405,26,LATE,282,25404867,600000000,KT - EX,13 a 24 meses,Industria,Venture,Itagüí,5,No,No,651,14,Si,Si,No,Si,53,Other,2,No,Si,10,No,2,1,1
125,1405,27,LATE,295,9263848,600000000,KT - EX,13 a 24 meses,Industria,Venture,Itagüí,5,No,No,651,14,Si,Si,No,Si,53,Other,2,No,Si,10,No,2,1,1
126,1405,28,LATE,290,9258444,600000000,KT - EX,13 a 24 meses,Industria,Venture,Itagüí,5,No,No,651,14,Si,Si,No,Si,53,Other,2,No,Si,10,No,2,1,1
127,1405,991,PAID,69,52330925,600000000,KT - EX,13 a 24 meses,Industria,Venture,Itagüí,5,No,No,651,14,Si,Si,No,Si,53,Other,2,No,Si,10,No,2,1,1
128,1405,992,PAID,69,59126057,600000000,KT - EX,13 a 24 meses,Industria,Venture,Itagüí,5,No,No,651,14,Si,Si,No,Si,53,Other,2,No,Si,10,No,2,1,1
129,1405,993,PAID,69,65879405,600000000,KT - EX,13 a 24 meses,Industria,Venture,Itagüí,5,No,No,651,14,Si,Si,No,Si,53,Other,2,No,Si,10,No,2,1,1
130,1405,994,PAID,69,65444876,600000000,KT - EX,13 a 24 meses,Industria,Venture,Itagüí,5,No,No,651,14,Si,Si,No,Si,53,Other,2,No,Si,10,No,2,1,1
131,1405,995,PAID,69,36133447,600000000,KT - EX,13 a 24 meses,Industria,Venture,Itagüí,5,No,No,651,14,Si,Si,No,Si,53,Other,2,No,Si,10,No,2,1,1
132,1405,996,PAID,69,36042993,600000000,KT - EX,13 a 24 meses,Industria,Venture,Itagüí,5,No,No,651,14,Si,Si,No,Si,53,Other,2,No,Si,10,No,2,1,1
133,1405,997,PAID,69,74660780,600000000,KT - EX,13 a 24 meses,Industria,Venture,Itagüí,5,No,No,651,14,Si,Si,No,Si,53,Other,2,No,Si,10,No,2,1,1
134,1406,621,LATE,62,11393825,45000000,KT - EX,13 a 24 meses,Servicios,Seed,Bogotá D.C.,5,No,No,0,3,Si,No,Si,Si,50,Newspapers,1,No,Si,1,Si,1,0,0
135,1423,618,PAID,6,11658905,130000000,KT - EX,13 a 24 meses,Comercio,Seed,Medellín,6,No,No,962,4,No,Si,Si,Si,30,Newspapers,1,No,No,9,No,2,1,2
136,1423,1138,PAID,8,19403202,130000000,KT - EX,13 a 24 meses,Comercio,Seed,Medellín,6,No,No,962,4,No,Si,Si,Si,30,Newspapers,1,No,No,9,No,2,1,2
137,1424,689,PAID,0,2688273,130000000,KT - EX,13 a 24 meses,Servicios,Seed,Pereira,5,No,No,943,1,Si,No,Si,Si,33,FriendOrColleague,2,No,Si,6,Si,3,1,2
138,1425,600,LATE,96,28136045,250000000,CR ,25 a 36 meses,Servicios,Seed,Bogotá D.C.,5,No,No,933,6,Si,Si,No,Si,35,FriendOrColleague,2,No,No,7,No,2,1,2
139,1425,708,LATE,104,18709846,250000000,CR ,25 a 36 meses,Servicios,Seed,Bogotá D.C.,5,No,No,933,6,Si,Si,No,Si,35,FriendOrColleague,2,No,No,7,No,2,1,2
140,1440,673,PAID,82,24654443,180000000,CR ,13 a 24 meses,Servicios,Seed,Bogotá D.C.,6,No,No,884,0,Si,Si,Si,Si,34,FriendOrColleague,2,No,No,16,No,0,1,2
141,1440,1150,PAID,8,25365367,180000000,CR ,13 a 24 meses,Servicios,Seed,Bogotá D.C.,6,No,No,884,0,Si,Si,Si,Si,34,FriendOrColleague,2,No,No,16,No,0,1,2
142,1441,973,PAID,182,15293607,115000000,KT - CO,13 a 24 meses,Comercio,Venture,Medellín,3,No,No,906,3,No,Si,Si,Si,34,Other,3,No,Si,12,No,0,1,2
143,1441,981,PAID,160,29156585,115000000,KT - CO,13 a 24 meses,Comercio,Venture,Medellín,3,No,No,906,3,No,Si,Si,Si,34,Other,3,No,Si,12,No,0,1,2
144,1465,717,LATE,78,108874324,600000000,CR ,25 a 36 meses,Servicios,Venture,Bogotá D.C.,6,No,Si,920,18,Si,Si,Si,Si,57,Newspapers,5,No,Si,80,No,1,1,2
145,1466,203,LATE,18,27495195,650000000,KT - EX,13 a 24 meses,Servicios,Growth,Bogotá D.C.,5,No,No,715,24,Si,Si,Si,No,31,Other,2,No,Si,25,No,1,1,1
146,1466,670,PAID,21,9092571,650000000,KT - EX,13 a 24 meses,Servicios,Growth,Bogotá D.C.,5,No,No,715,24,Si,Si,Si,No,31,Other,2,No,Si,25,No,1,1,1
147,1466,1262,LATE,24,40336509,650000000,KT - EX,13 a 24 meses,Servicios,Growth,Bogotá D.C.,5,No,No,715,24,Si,Si,Si,No,31,Other,2,No,Si,25,No,1,1,1
148,1466,1507,LATE,13,18081724,650000000,KT - EX,13 a 24 meses,Servicios,Growth,Bogotá D.C.,5,No,No,715,24,Si,Si,Si,No,31,Other,2,No,Si,25,No,1,1,1
149,1467,103,PAID,2,27255376,160500000,SP,Menos de 12 meses,Servicios,Seed,Medellín,5,No,Si,876,2,Si,Si,Si,Si,35,FriendOrColleague,1,No,Si,9,No,0,1,2
150,1467,687,PAID,1,17053594,160500000,SP,Menos de 12 meses,Servicios,Seed,Medellín,5,No,Si,876,2,Si,Si,Si,Si,35,FriendOrColleague,1,No,Si,9,No,0,1,2
151,1467,1309,PAID,32,30190589,160500000,SP,Menos de 12 meses,Servicios,Seed,Medellín,5,No,Si,876,2,Si,Si,Si,Si,35,FriendOrColleague,1,No,Si,9,No,0,1,2
152,1468,685,PAID,76,11674641,120000000,CR ,13 a 24 meses,Industria,Seed,Itagüí,5,No,No,954,1,Si,Si,No,Si,56,Internet,1,Si,Si,7,No,1,1,2
153,1469,268,PAID,0,37614578,130000000,SP,13 a 24 meses,Industria,Seed,Medellín,6,No,No,876,2,Si,Si,No,Si,32,Other,2,No,No,14,Si,2,1,2
154,1469,1303,LATE,21,17477331,130000000,SP,13 a 24 meses,Industria,Seed,Medellín,6,No,No,876,2,Si,Si,No,Si,32,Other,2,No,No,14,Si,2,1,2
155,1472,122,PAID,2,42138087,90000000,SP,Menos de 12 meses,Servicios,Venture,Bogotá D.C.,3,No,No,829,7,Si,No,Si,No,34,Newspapers,2,No,Si,70,No,4,1,2
156,1473,572,PAID,3,26733266,60000000,SP,13 a 24 meses,Industria,Seed,Medellín,5,No,No,909,0,No,No,No,No,65,Newspapers,3,No,Si,10,No,1,1,2
157,1473,573,PAID,3,29235576,60000000,SP,13 a 24 meses,Industria,Seed,Medellín,5,No,No,909,0,No,No,No,No,65,Newspapers,3,No,Si,10,No,1,1,2
158,1474,221,PAID,0,116181102,450000000,KT - CO,13 a 24 meses,Servicios,Venture,Barranquilla,5,No,Si,908,12,No,Si,Si,Si,46,Other,4,No,Si,45,No,5,1,2
159,1475,584,PAID,8,66628707,450000000,KT - EX,13 a 24 meses,Servicios,Venture,Bogotá D.C.,5,No,Si,964,4,Si,Si,Si,Si,43,FriendOrColleague,2,No,No,25,No,1,1,2
160,1475,1110,PAID,1,15054738,450000000,KT - EX,13 a 24 meses,Servicios,Venture,Bogotá D.C.,5,No,Si,964,4,Si,Si,Si,Si,43,FriendOrColleague,2,No,No,25,No,1,1,2
161,1475,1518,PAID,0,21763743,450000000,KT - EX,13 a 24 meses,Servicios,Venture,Bogotá D.C.,5,No,Si,964,4,Si,Si,Si,Si,43,FriendOrColleague,2,No,No,25,No,1,1,2
162,1477,674,PAID,61,44467065,82410311,CR ,25 a 36 meses,Industria,Seed,Medellín,6,No,No,693,9,Si,Si,Si,Si,30,Other,4,No,No,25,No,3,1,1
163,1477,987,PAID,90,21826860,82410311,CR ,25 a 36 meses,Industria,Seed,Medellín,6,No,No,693,9,Si,Si,Si,Si,30,Other,4,No,No,25,No,3,1,1
164,1478,263,PAID,139,147410871,150000000,KT - EX,25 a 36 meses,Servicios,Seed,Medellín,4,No,No,938,1,Si,No,No,Si,34,Other,3,Si,Si,27,No,1,1,2
165,1480,606,PAID,317,15614938,40000000,CR ,13 a 24 meses,Industria,Venture,Medellín,3,No,No,39,4,Si,Si,Si,Si,45,Internet,1,Si,No,10,No,0,0,0
166,1480,1302,LATE,518,0,40000000,CR ,13 a 24 meses,Industria,Venture,Medellín,3,No,No,39,4,Si,Si,Si,Si,45,Internet,1,Si,No,10,No,0,0,0
167,1502,266,PAID,18,50181150,930000000,KT - CO,13 a 24 meses,Servicios,Seed,Envigado,4,No,No,864,5,Si,No,No,No,26,CreditProfessionalContact,2,No,Si,11,No,1,1,2
168,1502,718,PAID,5,37822165,930000000,KT - CO,13 a 24 meses,Servicios,Seed,Envigado,4,No,No,864,5,Si,No,No,No,26,CreditProfessionalContact,2,No,Si,11,No,1,1,2
169,1502,1260,PAID,60,34465883,930000000,KT - CO,13 a 24 meses,Servicios,Seed,Envigado,4,No,No,864,5,Si,No,No,No,26,CreditProfessionalContact,2,No,Si,11,No,1,1,2
170,1502,1549,LATE,75,125564549,930000000,KT - CO,13 a 24 meses,Servicios,Seed,Envigado,4,No,No,864,5,Si,No,No,No,26,CreditProfessionalContact,2,No,Si,11,No,1,1,2
171,1503,1310,PAID,0,272476587,1200000000,KT - CO,Menos de 12 meses,Comercio,Growth,Medellín,4,Si,No,933,28,No,No,No,No,45,Other,1,No,Si,10,No,3,1,2
172,1521,727,LATE,32,14136354,235000000,CR ,13 a 24 meses,Servicios,Seed,Bogotá D.C.,4,No,Si,851,3,No,No,Si,Si,37,FriendOrColleague,1,No,Si,25,Si,2,1,2
173,1521,1192,PAID,37,24395177,235000000,CR ,13 a 24 meses,Servicios,Seed,Bogotá D.C.,4,No,Si,851,3,No,No,Si,Si,37,FriendOrColleague,1,No,Si,25,Si,2,1,2
174,1522,686,PAID,1,17354618,160000000,SP,Menos de 12 meses,Servicios,Venture,Medellín,4,No,No,888,4,Si,Si,No,No,66,Newspapers,2,No,Si,35,Si,3,1,2
175,1522,1148,PAID,1,21809992,160000000,SP,Menos de 12 meses,Servicios,Venture,Medellín,4,No,No,888,4,Si,Si,No,No,66,Newspapers,2,No,Si,35,Si,3,1,2
176,1523,690,PAID,0,65617374,550000000,KT - CO,13 a 24 meses,Industria,Scale Up,Medellín,4,No,No,929,9,No,No,No,Si,42,Other,4,No,Si,40,No,3,1,2
177,1523,1108,PAID,0,44931692,550000000,KT - CO,13 a 24 meses,Industria,Scale Up,Medellín,4,No,No,929,9,No,No,No,Si,42,Other,4,No,Si,40,No,3,1,2
178,1524,691,PAID,0,99631827,300000000,KT - EX,25 a 36 meses,Comercio,Seed,Bogotá D.C.,5,No,No,861,1,No,No,No,No,41,Internet,2,No,No,5,No,0,1,2
179,1524,1199,PAID,5,39572005,300000000,KT - EX,25 a 36 meses,Comercio,Seed,Bogotá D.C.,5,No,No,861,1,No,No,No,No,41,Internet,2,No,No,5,No,0,1,2
180,1525,683,LATE,113,22525351,310000000,KT - CO,13 a 24 meses,Servicios,Scale Up,Medellín,4,No,Si,783,11,Si,Si,Si,No,47,CreditProfessionalContact,2,No,Si,28,No,5,1,1
181,1525,1053,LATE,127,25344599,310000000,KT - CO,13 a 24 meses,Servicios,Scale Up,Medellín,4,No,Si,783,11,Si,Si,Si,No,47,CreditProfessionalContact,2,No,Si,28,No,5,1,1
182,1551,594,PAID,22,46172737,120000000,KT - CO,13 a 24 meses,Industria,Venture,Bogotá D.C.,4,No,No,954,2,No,No,No,No,32,Internet,2,No,No,2,No,0,1,2
183,1552,839,PAID,4,44898169,150000000,KT - EX,13 a 24 meses,Comercio,Scale Up,Bucaramanga,3,No,No,925,9,No,No,No,No,51,SocialNetworks,1,No,Si,27,No,1,1,2
184,1553,666,LATE,522,0,100000000,CR ,13 a 24 meses,Industria,Scale Up,Cali,3,No,No,919,17,No,No,No,No,26,Internet,1,No,No,21,No,0,1,2
185,1554,986,LATE,529,0,50000000,KT - CO,13 a 24 meses,Servicios,Venture,Medellín,4,No,Si,0,0,No,No,No,No,52,FriendOrColleague,1,No,No,12,Si,1,0,0
186,1555,709,PAID,0,89498175,180000000,KT - CO,Menos de 12 meses,Industria,Growth,Bogotá D.C.,3,No,No,898,7,Si,No,No,Si,63,Other,2,No,No,13,No,4,1,2
187,1555,1088,PAID,4,16812486,180000000,KT - CO,Menos de 12 meses,Industria,Growth,Bogotá D.C.,3,No,No,898,7,Si,No,No,Si,63,Other,2,No,No,13,No,4,1,2
188,1556,836,LATE,37,37532195,150000000,SP,13 a 24 meses,Comercio,Venture,Bogotá D.C.,5,No,Si,290,4,No,No,No,No,48,CreditProfessionalContact,4,No,Si,10,No,5,0,0
189,1557,586,PAID,14,60626578,470000000,SP,Menos de 12 meses,Servicios,Seed,Bogotá D.C.,4,Si,Si,929,4,Si,Si,Si,Si,46,FriendOrColleague,1,No,Si,5,No,1,1,2
190,1557,1058,PAID,10,122933658,470000000,SP,Menos de 12 meses,Servicios,Seed,Bogotá D.C.,4,Si,Si,929,4,Si,Si,Si,Si,46,FriendOrColleague,1,No,Si,5,No,1,1,2
191,1558,593,LATE,270,44290586,522000000,KT - CO,Menos de 12 meses,Comercio,Growth,Sabaneta,5,Si,Si,887,15,Si,Si,Si,Si,62,CreditProfessionalContact,2,No,Si,72,No,3,1,2
192,1558,692,PAID,154,75947978,522000000,KT - CO,Menos de 12 meses,Comercio,Growth,Sabaneta,5,Si,Si,887,15,Si,Si,Si,Si,62,CreditProfessionalContact,2,No,Si,72,No,3,1,2
193,1558,1132,LATE,111,32854329,522000000,KT - CO,Menos de 12 meses,Comercio,Growth,Sabaneta,5,Si,Si,887,15,Si,Si,Si,Si,62,CreditProfessionalContact,2,No,Si,72,No,3,1,2
194,1580,1450,LATE,1,21341158,85000000,KT - EX,13 a 24 meses,Servicios,Seed,Medellín,4,No,No,956,0,Si,Si,No,No,42,Newspapers,1,No,No,5,Si,1,1,2
195,1600,22,PAID,4,54872164,840000000,KT - CO,Menos de 12 meses,Industria,Scale Up,Medellín,6,Si,No,617,8,Si,No,Si,Si,42,Other,4,No,Si,45,No,10,1,1
196,1600,67,PAID,0,98738685,840000000,KT - CO,Menos de 12 meses,Industria,Scale Up,Medellín,6,Si,No,617,8,Si,No,Si,Si,42,Other,4,No,Si,45,No,10,1,1
197,1600,562,LATE,100,36451323,840000000,KT - CO,Menos de 12 meses,Industria,Scale Up,Medellín,6,Si,No,617,8,Si,No,Si,Si,42,Other,4,No,Si,45,No,10,1,1
198,1600,615,LATE,117,91596195,840000000,KT - CO,Menos de 12 meses,Industria,Scale Up,Medellín,6,Si,No,617,8,Si,No,Si,Si,42,Other,4,No,Si,45,No,10,1,1
199,1600,698,PAID,77,109643956,840000000,KT - CO,Menos de 12 meses,Industria,Scale Up,Medellín,6,Si,No,617,8,Si,No,Si,Si,42,Other,4,No,Si,45,No,10,1,1
200,1600,1392,PAID,56,64367433,840000000,KT - CO,Menos de 12 meses,Industria,Scale Up,Medellín,6,Si,No,617,8,Si,No,Si,Si,42,Other,4,No,Si,45,No,10,1,1
201,1600,1393,PAID,56,75120391,840000000,KT - CO,Menos de 12 meses,Industria,Scale Up,Medellín,6,Si,No,617,8,Si,No,Si,Si,42,Other,4,No,Si,45,No,10,1,1
202,1626,208,LATE,464,2268588,150000000,SP,Menos de 12 meses,Industria,Venture,Medellín,4,No,No,777,10,Si,Si,No,Si,31,Other,3,No,Si,37,No,7,1,1
203,1626,974,LATE,475,1505370,150000000,SP,Menos de 12 meses,Industria,Venture,Medellín,4,No,No,777,10,Si,Si,No,Si,31,Other,3,No,Si,37,No,7,1,1
204,1626,983,LATE,509,7909022,150000000,SP,Menos de 12 meses,Industria,Venture,Medellín,4,No,No,777,10,Si,Si,No,Si,31,Other,3,No,Si,37,No,7,1,1
205,1626,999,PAID,174,16576086,150000000,SP,Menos de 12 meses,Industria,Venture,Medellín,4,No,No,777,10,Si,Si,No,Si,31,Other,3,No,Si,37,No,7,1,1
206,1627,207,PAID,29,353190680,1247359964,KT - EX,13 a 24 meses,Industria,Scale Up,Envigado,5,No,No,937,10,Si,Si,Si,Si,38,CreditProfessionalContact,4,No,Si,72,No,4,1,2
207,1627,636,PAID,24,12342408,1247359964,KT - EX,13 a 24 meses,Industria,Scale Up,Envigado,5,No,No,937,10,Si,Si,Si,Si,38,CreditProfessionalContact,4,No,Si,72,No,4,1,2
208,1628,710,PAID,309,40043732,70000000,KT - CO,Menos de 12 meses,Industria,Venture,Medellín,3,No,No,0,1,No,Si,No,No,29,FriendOrColleague,1,No,Si,6,No,0,0,0
209,1658,1085,LATE,115,25767303,280000000,KT - CO,13 a 24 meses,Comercio,Venture,Medellín,5,No,Si,713,6,No,No,No,No,28,CreditProfessionalContact,1,No,No,18,No,1,1,1
210,1658,1261,LATE,139,14899838,280000000,KT - CO,13 a 24 meses,Comercio,Venture,Medellín,5,No,Si,713,6,No,No,No,No,28,CreditProfessionalContact,1,No,No,18,No,1,1,1
211,1659,655,PAID,4,30141249,330000000,CR ,13 a 24 meses,Comercio,Growth,Medellín,3,No,Si,920,17,Si,Si,No,Si,46,CreditProfessionalContact,2,No,Si,40,Si,4,1,2
212,1659,1215,PAID,0,18140107,330000000,CR ,13 a 24 meses,Comercio,Growth,Medellín,3,No,Si,920,17,Si,Si,No,Si,46,CreditProfessionalContact,2,No,Si,40,Si,4,1,2
213,1660,70,PAID,0,150482150,400000000,KT - CO,13 a 24 meses,Servicios,Growth,Itagüí,4,Si,Si,925,10,Si,No,Si,Si,46,FriendOrColleague,8,No,Si,45,No,3,1,2
214,1661,643,LATE,467,0,250000000,CR ,25 a 36 meses,Servicios,Seed,Bogotá D.C.,6,No,No,923,2,No,No,No,Si,35,Newspapers,2,No,No,7,No,1,1,2
215,1661,1101,LATE,519,3759075,250000000,CR ,25 a 36 meses,Servicios,Seed,Bogotá D.C.,6,No,No,923,2,No,No,No,Si,35,Newspapers,2,No,No,7,No,1,1,2
216,1663,720,LATE,247,10120953,350000000,CR ,Menos de 12 meses,Industria,Scale Up,Itagüí,3,No,No,933,16,No,No,No,No,39,CreditProfessionalContact,1,No,Si,80,No,2,1,2
217,1663,970,PAID,87,54869651,350000000,CR ,Menos de 12 meses,Industria,Scale Up,Itagüí,3,No,No,933,16,No,No,No,No,39,CreditProfessionalContact,1,No,Si,80,No,2,1,2
218,1663,971,LATE,164,29347807,350000000,CR ,Menos de 12 meses,Industria,Scale Up,Itagüí,3,No,No,933,16,No,No,No,No,39,CreditProfessionalContact,1,No,Si,80,No,2,1,2
219,1681,1266,PAID,5,30247367,200000000,KT - CO,13 a 24 meses,Servicios,Growth,Medellín,4,Si,No,937,23,Si,No,No,No,46,Other,1,No,Si,50,No,8,1,2
220,1700,672,PAID,1,22286310,340000000,KT - CO,Menos de 12 meses,Comercio,Venture,Bogotá D.C.,3,No,Si,679,16,Si,Si,Si,Si,27,Internet,2,No,Si,28,No,2,1,1
221,1700,1313,LATE,30,46424824,340000000,KT - CO,Menos de 12 meses,Comercio,Venture,Bogotá D.C.,3,No,Si,679,16,Si,Si,Si,Si,27,Internet,2,No,Si,28,No,2,1,1
222,1731,1087,PAID,0,15904465,150000000,KT - CO,13 a 24 meses,Comercio,Seed,Bogotá D.C.,4,Si,Si,922,4,Si,No,Si,Si,69,FriendOrColleague,5,No,No,8,No,1,1,2
223,1731,1114,PAID,0,19231145,150000000,KT - CO,13 a 24 meses,Comercio,Seed,Bogotá D.C.,4,Si,Si,922,4,Si,No,Si,Si,69,FriendOrColleague,5,No,No,8,No,1,1,2
224,1731,1366,PAID,0,15019796,150000000,KT - CO,13 a 24 meses,Comercio,Seed,Bogotá D.C.,4,Si,Si,922,4,Si,No,Si,Si,69,FriendOrColleague,5,No,No,8,No,1,1,2
225,1739,588,PAID,4,13142415,750000000,KT - EX,25 a 36 meses,Servicios,Venture,Medellín,6,Si,No,923,1,Si,No,Si,Si,36,FriendOrColleague,3,No,Si,11,No,1,1,2
226,1739,597,PAID,0,7580020,750000000,KT - EX,25 a 36 meses,Servicios,Venture,Medellín,6,Si,No,923,1,Si,No,Si,Si,36,FriendOrColleague,3,No,Si,11,No,1,1,2
227,1740,681,PAID,1,33302422,250000000,CR ,25 a 36 meses,Comercio,Seed,Envigado,5,No,No,876,2,Si,Si,No,No,32,Other,5,No,No,8,No,1,1,2
228,1740,1301,PAID,1,68894210,250000000,CR ,25 a 36 meses,Comercio,Seed,Envigado,5,No,No,876,2,Si,Si,No,No,32,Other,5,No,No,8,No,1,1,2
229,1741,637,PAID,52,230633492,731112570,KT - EX,Menos de 12 meses,Servicios,Scale Up,Bogotá D.C.,4,No,No,713,11,Si,Si,Si,No,33,Other,6,No,No,15,No,0,1,1
230,1741,833,PAID,13,61431810,731112570,KT - EX,Menos de 12 meses,Servicios,Scale Up,Bogotá D.C.,4,No,No,713,11,Si,Si,Si,No,33,Other,6,No,No,15,No,0,1,1
231,1742,222,PAID,177,38760382,400000000,KT - EX,Menos de 12 meses,Servicios,Scale Up,Bogotá D.C.,5,No,Si,966,15,Si,Si,Si,Si,47,Newspapers,3,No,Si,10,No,1,1,2
232,1742,979,PAID,222,166251192,400000000,KT - EX,Menos de 12 meses,Servicios,Scale Up,Bogotá D.C.,5,No,Si,966,15,Si,Si,Si,Si,47,Newspapers,3,No,Si,10,No,1,1,2
233,1743,837,LATE,27,150557919,611585150,KT - EX,13 a 24 meses,Industria,Scale Up,Itagüí,4,No,No,933,22,Si,No,Si,Si,44,Other,20,No,Si,327,No,5,1,2
234,1745,1218,PAID,1,60677072,250000000,SP,13 a 24 meses,Servicios,Seed,Bogotá D.C.,6,No,No,944,1,No,No,Si,Si,40,Internet,4,Si,No,52,No,5,1,2
235,1745,1519,PAID,0,15029466,250000000,SP,13 a 24 meses,Servicios,Seed,Bogotá D.C.,6,No,No,944,1,No,No,Si,Si,40,Internet,4,Si,No,52,No,5,1,2
236,1777,1284,PAID,1,26776792,120000000,SP,25 a 36 meses,Servicios,Seed,Bogotá D.C.,5,No,Si,937,12,Si,No,No,Si,40,Internet,2,No,Si,43,No,2,1,2
237,1831,1498,LATE,40,64865795,250000000,KT - EX,13 a 24 meses,Servicios,Seed,Medellín,4,No,No,874,4,Si,Si,Si,Si,28,FriendOrColleague,8,Si,Si,23,No,1,1,2
238,1935,1432,LATE,8,12627381,150000000,CR ,13 a 24 meses,Servicios,Seed,Bogotá D.C.,4,No,No,776,6,Si,Si,Si,No,32,SocialNetworks,3,No,No,16,No,0,1,1
239,1996,1063,LATE,160,40402112,200000000,KT - CO,13 a 24 meses,Servicios,Growth,Bogotá D.C.,3,No,No,933,8,Si,No,No,No,50,FriendOrColleague,1,No,Si,70,No,1,1,2
240,2027,1497,LATE,90,14691247,100000000,KT - EX,25 a 36 meses,Servicios,Scale Up,Barranquilla,4,No,No,866,8,No,No,No,No,35,Newspapers,3,No,Si,173,No,2,1,2
241,2080,1182,PAID,0,43382875,200000000,CR ,25 a 36 meses,Industria,Venture,Bello,4,No,Si,937,23,Si,No,Si,Si,35,SocialNetworks,2,No,Si,120,No,6,1,2
242,2127,650,LATE,6,16453847,145000000,KT - CO,13 a 24 meses,Servicios,Seed,Bogotá D.C.,4,No,No,971,5,Si,Si,Si,Si,57,Internet,2,No,No,10,Si,3,1,2
243,2174,570,PAID,0,10593974,35000000,KT - CO,13 a 24 meses,Comercio,Seed,Barranquilla,4,No,No,922,1,No,No,No,No,43,Newspapers,1,No,Si,4,Si,2,1,2
244,2186,1180,LATE,192,9872248,50000000,KT - CO,Menos de 12 meses,Servicios,Seed,Bogotá D.C.,4,No,No,956,1,No,No,No,Si,32,FriendOrColleague,4,No,No,7,No,1,1,2
245,2188,1404,LATE,1,7628509,30000000,KT - CO,13 a 24 meses,Servicios,Seed,Medellín,5,No,No,817,1,Si,Si,No,Si,28,SocialNetworks,2,No,Si,2,Si,1,1,2
246,2189,565,PAID,45,27849040,230000000,CR ,Menos de 12 meses,Servicios,Seed,Bogotá D.C.,4,No,Si,486,9,Si,No,No,No,63,Internet,4,No,Si,8,No,1,0,1
247,2189,1282,PAID,31,18504350,230000000,CR ,Menos de 12 meses,Servicios,Seed,Bogotá D.C.,4,No,Si,486,9,Si,No,No,No,63,Internet,4,No,Si,8,No,1,0,1
248,2190,651,LATE,224,55649179,410000000,KT - CO,Menos de 12 meses,Comercio,Venture,Cali,3,No,Si,907,11,No,No,No,No,37,Internet,1,No,No,15,No,1,1,2
249,2190,1128,LATE,216,18620224,410000000,KT - CO,Menos de 12 meses,Comercio,Venture,Cali,3,No,Si,907,11,No,No,No,No,37,Internet,1,No,No,15,No,1,1,2
250,2190,1145,LATE,193,11032937,410000000,KT - CO,Menos de 12 meses,Comercio,Venture,Cali,3,No,Si,907,11,No,No,No,No,37,Internet,1,No,No,15,No,1,1,2
251,2227,63,PAID,6,221838093,250000000,KT - CO,13 a 24 meses,Servicios,Scale Up,Medellín,5,No,No,902,14,No,No,Si,Si,36,CreditProfessionalContact,4,No,Si,45,No,2,1,2
252,2230,1147,PAID,2,18289832,240000000,CR ,13 a 24 meses,Servicios,Seed,Medellín,5,No,Si,494,2,Si,Si,No,No,28,Other,2,Si,Si,5,No,0,0,1
253,2242,1004,PAID,3,27058614,90000000,KT - CO,13 a 24 meses,Servicios,Scale Up,Medellín,5,No,No,891,5,No,No,No,Si,54,FriendOrColleague,2,No,No,5,No,0,1,2
254,2247,722,PAID,5,58298751,250000000,KT - CO,13 a 24 meses,Servicios,Seed,Medellín,6,No,Si,925,0,No,Si,No,No,66,FriendOrColleague,3,No,Si,15,No,3,1,2
255,2247,1521,LATE,9,18051360,250000000,KT - CO,13 a 24 meses,Servicios,Seed,Medellín,6,No,Si,925,0,No,Si,No,No,66,FriendOrColleague,3,No,Si,15,No,3,1,2
256,2260,1316,PAID,5,39023257,200000000,KT - CO,13 a 24 meses,Servicios,Seed,Bogotá D.C.,3,No,No,918,4,Si,Si,No,Si,37,Internet,3,Si,No,10,No,0,1,2
257,2267,1111,LATE,19,12691512,150000000,KT - EX,13 a 24 meses,Servicios,Seed,Sabaneta,5,No,No,967,1,Si,Si,Si,Si,28,Other,1,No,No,16,No,0,1,2
258,2272,1411,PAID,5,38742135,100000000,KT - CO,13 a 24 meses,Comercio,Scale Up,Bogotá D.C.,5,No,No,892,2,Si,Si,No,Si,47,Internet,1,No,No,11,No,1,1,2
259,2274,563,PAID,55,16849884,230000000,KT - EX,Menos de 12 meses,Servicios,Seed,Bogotá D.C.,5,No,Si,888,4,No,No,No,Si,33,FriendOrColleague,3,Si,No,30,No,1,1,2
260,2319,1055,PAID,0,8997716,40000000,CR ,25 a 36 meses,Comercio,Seed,Bogotá D.C.,4,No,No,0,0,No,No,No,No,29,Newspapers,1,Si,No,2,No,1,0,0
261,2428,202,PAID,49,166164894,800000000,KT - EX,Menos de 12 meses,Servicios,Venture,Medellín,5,No,Si,891,17,No,Si,Si,Si,30,FriendOrColleague,2,No,Si,10,No,1,1,2
262,2428,224,PAID,60,38649095,800000000,KT - EX,Menos de 12 meses,Servicios,Venture,Medellín,5,No,Si,891,17,No,Si,Si,Si,30,FriendOrColleague,2,No,Si,10,No,1,1,2
263,2428,1223,LATE,62,92445425,800000000,KT - EX,Menos de 12 meses,Servicios,Venture,Medellín,5,No,Si,891,17,No,Si,Si,Si,30,FriendOrColleague,2,No,Si,10,No,1,1,2
264,2428,1427,PAID,21,55267159,800000000,KT - EX,Menos de 12 meses,Servicios,Venture,Medellín,5,No,Si,891,17,No,Si,Si,Si,30,FriendOrColleague,2,No,Si,10,No,1,1,2
265,2429,602,LATE,177,10019585,30000000,CR ,13 a 24 meses,Industria,Seed,Medellín,3,No,No,664,2,No,No,No,No,34,FriendOrColleague,1,No,No,18,Si,1,1,1
266,2430,613,PAID,3,18197342,300000000,KT - EX,Menos de 12 meses,Servicios,Venture,Bogotá D.C.,5,Si,No,906,7,Si,No,Si,No,64,FriendOrColleague,5,No,Si,10,Si,5,1,2
267,2430,1329,PAID,0,30606503,300000000,KT - EX,Menos de 12 meses,Servicios,Venture,Bogotá D.C.,5,Si,No,906,7,Si,No,Si,No,64,FriendOrColleague,5,No,Si,10,Si,5,1,2
268,2431,624,PAID,0,76109420,250000000,KT - CO,13 a 24 meses,Servicios,Seed,Medellín,6,No,No,935,2,Si,Si,Si,Si,61,FriendOrColleague,2,No,Si,20,No,5,1,2
269,2431,1281,PAID,0,76664128,250000000,KT - CO,13 a 24 meses,Servicios,Seed,Medellín,6,No,No,935,2,Si,Si,Si,Si,61,FriendOrColleague,2,No,Si,20,No,5,1,2
270,2432,607,PAID,106,16667224,60000000,KT - EX,Menos de 12 meses,Servicios,Seed,Bogotá D.C.,6,No,No,917,2,Si,No,Si,No,49,FriendOrColleague,2,No,No,4,No,0,1,2
271,2433,106,PAID,15,20161722,530000000,CR ,13 a 24 meses,Servicios,Growth,Bogotá D.C.,3,Si,Si,920,26,No,No,No,Si,29,Internet,5,No,Si,30,No,0,1,2
272,2433,1170,PAID,12,39188178,530000000,CR ,13 a 24 meses,Servicios,Growth,Bogotá D.C.,3,Si,Si,920,26,No,No,No,Si,29,Internet,5,No,Si,30,No,0,1,2
273,2433,1214,LATE,33,25158992,530000000,CR ,13 a 24 meses,Servicios,Growth,Bogotá D.C.,3,Si,Si,920,26,No,No,No,Si,29,Internet,5,No,Si,30,No,0,1,2
274,2434,632,LATE,148,13029470,50000000,KT - CO,13 a 24 meses,Industria,Seed,Bogotá D.C.,5,No,No,872,3,No,No,No,Si,51,FriendOrColleague,2,No,Si,25,Si,0,1,2
275,2435,835,PAID,15,118588319,600000000,KT - CO,13 a 24 meses,Industria,Growth,Medellín,4,No,Si,929,21,Si,Si,Si,No,30,CreditProfessionalContact,5,No,Si,230,No,7,1,2
276,2435,1205,PAID,1,182221355,600000000,KT - CO,13 a 24 meses,Industria,Growth,Medellín,4,No,Si,929,21,Si,Si,Si,No,30,CreditProfessionalContact,5,No,Si,230,No,7,1,2
277,2437,611,PAID,6,12210532,220606989,KT - CO,13 a 24 meses,Comercio,Seed,Envigado,4,No,No,880,8,Si,Si,Si,Si,52,FriendOrColleague,1,No,No,7,No,1,1,2
278,2437,638,PAID,3,25257378,220606989,KT - CO,13 a 24 meses,Comercio,Seed,Envigado,4,No,No,880,8,Si,Si,Si,Si,52,FriendOrColleague,1,No,No,7,No,1,1,2
279,2437,1409,LATE,8,9206906,220606989,KT - CO,13 a 24 meses,Comercio,Seed,Envigado,4,No,No,880,8,Si,Si,Si,Si,52,FriendOrColleague,1,No,No,7,No,1,1,2
280,2438,199,PAID,1,11100221,300000000,KT - EX,13 a 24 meses,Servicios,Seed,Medellín,6,No,No,933,2,No,No,No,No,36,FriendOrColleague,4,No,Si,4,No,0,1,2
281,2438,1216,PAID,4,30346831,300000000,KT - EX,13 a 24 meses,Servicios,Seed,Medellín,6,No,No,933,2,No,No,No,No,36,FriendOrColleague,4,No,Si,4,No,0,1,2
282,2439,834,PAID,1,32107091,310000000,KT - EX,25 a 36 meses,Industria,Scale Up,Sabaneta,4,No,No,925,27,Si,No,No,No,56,FriendOrColleague,5,No,Si,120,No,25,1,2
283,2439,1187,PAID,0,15004072,310000000,KT - EX,25 a 36 meses,Industria,Scale Up,Sabaneta,4,No,No,925,27,Si,No,No,No,56,FriendOrColleague,5,No,Si,120,No,25,1,2
284,2439,1188,PAID,0,17737257,310000000,KT - EX,25 a 36 meses,Industria,Scale Up,Sabaneta,4,No,No,925,27,Si,No,No,No,56,FriendOrColleague,5,No,Si,120,No,25,1,2
285,2440,662,PAID,61,22469828,193138000,KT - EX,13 a 24 meses,Servicios,Seed,Bogotá D.C.,5,No,No,362,2,Si,Si,No,No,38,Other,1,No,Si,12,Si,1,0,0
286,2440,663,LATE,25,9931914,193138000,KT - EX,13 a 24 meses,Servicios,Seed,Bogotá D.C.,5,No,No,362,2,Si,Si,No,No,38,Other,1,No,Si,12,Si,1,0,0
287,2440,1539,LATE,15,19754663,193138000,KT - EX,13 a 24 meses,Servicios,Seed,Bogotá D.C.,5,No,No,362,2,Si,Si,No,No,38,Other,1,No,Si,12,Si,1,0,0
288,2441,614,LATE,11,21028409,130000000,KT - CO,13 a 24 meses,Servicios,Venture,Medellín,3,No,No,954,4,No,No,No,No,39,CreditProfessionalContact,2,No,Si,10,Si,1,1,2
289,2442,1179,PAID,13,90440797,530000000,KT - CO,Menos de 12 meses,Comercio,Scale Up,Bogotá D.C.,5,No,No,917,12,Si,No,Si,No,43,Other,2,No,Si,10,No,0,1,2
290,2442,1516,LATE,7,24911296,530000000,KT - CO,Menos de 12 meses,Comercio,Scale Up,Bogotá D.C.,5,No,No,917,12,Si,No,Si,No,43,Other,2,No,Si,10,No,0,1,2
291,2447,1079,PAID,3,12067875,280000000,KT - EX,Menos de 12 meses,Servicios,Seed,Medellín,5,No,No,936,2,Si,Si,Si,Si,39,FriendOrColleague,2,No,No,5,Si,1,1,2
292,2447,1091,PAID,3,15090518,280000000,KT - EX,Menos de 12 meses,Servicios,Seed,Medellín,5,No,No,936,2,Si,Si,Si,Si,39,FriendOrColleague,2,No,No,5,Si,1,1,2
293,2447,1129,PAID,3,9050844,280000000,KT - EX,Menos de 12 meses,Servicios,Seed,Medellín,5,No,No,936,2,Si,Si,Si,Si,39,FriendOrColleague,2,No,No,5,Si,1,1,2
294,2448,580,PAID,48,11753812,30000000,KT - EX,13 a 24 meses,Servicios,Seed,Bogotá D.C.,6,No,No,852,2,Si,Si,Si,Si,37,CreditProfessionalContact,4,Si,Si,5,No,1,1,2
295,2449,581,PAID,16,31072195,363215000,SP,13 a 24 meses,Industria,Seed,Medellín,6,No,No,808,12,Si,Si,Si,No,33,Email,1,No,Si,20,Si,2,1,2
296,2449,694,PAID,50,46086880,363215000,SP,13 a 24 meses,Industria,Seed,Medellín,6,No,No,808,12,Si,Si,Si,No,33,Email,1,No,Si,20,Si,2,1,2
297,2449,695,LATE,55,10808112,363215000,SP,13 a 24 meses,Industria,Seed,Medellín,6,No,No,808,12,Si,Si,Si,No,33,Email,1,No,Si,20,Si,2,1,2
298,2449,713,LATE,55,7753213,363215000,SP,13 a 24 meses,Industria,Seed,Medellín,6,No,No,808,12,Si,Si,Si,No,33,Email,1,No,Si,20,Si,2,1,2
299,2450,653,LATE,106,14372797,343000000,KT - EX,25 a 36 meses,Servicios,Seed,Bogotá D.C.,6,Si,Si,891,6,Si,No,Si,Si,45,Other,2,No,Si,4,No,1,1,2
300,2450,669,PAID,121,2170151,343000000,KT - EX,25 a 36 meses,Servicios,Seed,Bogotá D.C.,6,Si,Si,891,6,Si,No,Si,Si,45,Other,2,No,Si,4,No,1,1,2
301,2450,1161,LATE,96,12518598,343000000,KT - EX,25 a 36 meses,Servicios,Seed,Bogotá D.C.,6,Si,Si,891,6,Si,No,Si,Si,45,Other,2,No,Si,4,No,1,1,2
302,2451,230,PAID,0,65074312,300000000,SP,25 a 36 meses,Servicios,Seed,Bogotá D.C.,6,No,No,921,6,Si,Si,No,No,45,Internet,3,No,No,11,No,2,1,2
303,2452,699,PAID,5,44790619,210000000,KT - EX,13 a 24 meses,Servicios,Seed,Bogotá D.C.,6,No,No,893,4,Si,Si,No,Si,49,FriendOrColleague,2,No,Si,4,Si,1,1,2
304,2453,665,LATE,76,12929771,40000000,KT - CO,13 a 24 meses,Servicios,Seed,Medellín,6,Si,No,839,2,No,No,No,Si,52,FriendOrColleague,1,No,No,10,No,1,1,2
305,2454,682,PAID,3,16648799,80000000,KT - EX,Menos de 12 meses,Servicios,Seed,Medellín,5,No,No,877,1,No,No,No,No,27,FriendOrColleague,2,No,No,5,Si,3,1,2
306,2455,701,LATE,203,48944027,150000000,KT - CO,13 a 24 meses,Comercio,Scale Up,Bogotá D.C.,5,No,Si,833,20,Si,Si,No,No,36,FriendOrColleague,2,No,Si,12,No,2,1,2
307,2456,1371,LATE,72,75157647,600000000,KT - CO,13 a 24 meses,Comercio,Growth,Bogotá D.C.,4,No,Si,929,29,No,No,Si,Si,57,FriendOrColleague,4,No,Si,25,Si,3,1,2
308,2457,625,PAID,50,24372806,110000000,KT - CO,13 a 24 meses,Comercio,Venture,Medellín,6,Si,No,757,9,Si,No,Si,Si,49,Email,1,No,Si,9,No,1,1,1
309,2457,1514,LATE,22,7563529,110000000,KT - CO,13 a 24 meses,Comercio,Venture,Medellín,6,Si,No,757,9,Si,No,Si,Si,49,Email,1,No,Si,9,No,1,1,1
310,2458,656,PAID,1,159874001,300000000,CR ,25 a 36 meses,Servicios,Scale Up,Medellín,4,No,No,916,6,No,No,No,No,45,Newspapers,4,No,Si,42,No,0,1,2
311,2459,628,LATE,545,0,300000000,KT - EX,25 a 36 meses,Servicios,Venture,Bogotá D.C.,4,Si,Si,933,11,No,No,No,No,63,Internet,5,No,Si,81,No,3,1,2
312,2460,688,PAID,3,66058664,450000000,CR ,13 a 24 meses,Comercio,Scale Up,Medellín,5,No,No,937,7,No,No,No,Si,41,CreditProfessionalContact,1,No,Si,15,No,3,1,2
313,2460,1534,LATE,2,37226008,450000000,CR ,13 a 24 meses,Comercio,Scale Up,Medellín,5,No,No,937,7,No,No,No,Si,41,CreditProfessionalContact,1,No,Si,15,No,3,1,2
314,2461,684,PAID,1,44361317,160000000,KT - CO,Menos de 12 meses,Servicios,Seed,Medellín,4,No,No,877,8,Si,Si,Si,Si,31,FriendOrColleague,1,No,Si,18,No,2,1,2
315,2461,1422,PAID,0,24242804,160000000,KT - CO,Menos de 12 meses,Servicios,Seed,Medellín,4,No,No,877,8,Si,Si,Si,Si,31,FriendOrColleague,1,No,Si,18,No,2,1,2
316,2462,20,PAID,0,48677583,1230000000,CR ,25 a 36 meses,Servicios,Venture,Medellín,6,No,No,933,16,Si,Si,Si,Si,33,FriendOrColleague,2,No,Si,22,No,3,1,2
317,2462,590,PAID,1,32642401,1230000000,CR ,25 a 36 meses,Servicios,Venture,Medellín,6,No,No,933,16,Si,Si,Si,Si,33,FriendOrColleague,2,No,Si,22,No,3,1,2
318,2462,1116,PAID,1,216844031,1230000000,CR ,25 a 36 meses,Servicios,Venture,Medellín,6,No,No,933,16,Si,Si,Si,Si,33,FriendOrColleague,2,No,Si,22,No,3,1,2
319,2464,626,PAID,1,43674921,200000000,SP,25 a 36 meses,Servicios,Venture,Medellín,5,Si,No,929,4,Si,Si,Si,Si,30,Other,2,No,Si,40,No,8,1,2
320,2465,209,LATE,209,24788185,285478000,CR ,Menos de 12 meses,Industria,Seed,La Estrella,4,No,Si,468,9,Si,No,No,No,36,Other,2,No,Si,28,No,3,0,1
321,2465,719,PAID,32,27761453,285478000,CR ,Menos de 12 meses,Industria,Seed,La Estrella,4,No,Si,468,9,Si,No,No,No,36,Other,2,No,Si,28,No,3,0,1
322,2465,977,LATE,200,20423226,285478000,CR ,Menos de 12 meses,Industria,Seed,La Estrella,4,No,Si,468,9,Si,No,No,No,36,Other,2,No,Si,28,No,3,0,1
323,2466,985,LATE,191,12608386,50000000,SP,13 a 24 meses,Servicios,Seed,Envigado,6,No,No,861,5,Si,No,Si,No,46,Internet,5,No,Si,14,No,0,1,2
324,2466,1082,PAID,135,29889144,50000000,SP,13 a 24 meses,Servicios,Seed,Envigado,6,No,No,861,5,Si,No,Si,No,46,Internet,5,No,Si,14,No,0,1,2
325,2467,610,PAID,0,9263122,140000000,KT - CO,Menos de 12 meses,Industria,Venture,Medellín,5,No,Si,917,5,Si,Si,Si,Si,40,FriendOrColleague,2,No,Si,12,No,0,1,2
326,2467,679,PAID,2,25816894,140000000,KT - CO,Menos de 12 meses,Industria,Venture,Medellín,5,No,Si,917,5,Si,Si,Si,Si,40,FriendOrColleague,2,No,Si,12,No,0,1,2
327,2468,627,LATE,96,7599862,90000000,KT - CO,Menos de 12 meses,Servicios,Seed,Medellín,5,No,No,933,4,Si,Si,No,Si,43,FriendOrColleague,3,Si,Si,18,No,1,1,2
328,2468,633,PAID,48,43496664,90000000,KT - CO,Menos de 12 meses,Servicios,Seed,Medellín,5,No,No,933,4,Si,Si,No,Si,43,FriendOrColleague,3,Si,Si,18,No,1,1,2
329,2469,630,PAID,0,39370424,390000000,KT - CO,Menos de 12 meses,Comercio,Growth,Bogotá D.C.,4,Si,Si,920,20,Si,No,No,Si,64,FriendOrColleague,2,No,Si,20,Si,5,1,2
330,2469,1190,PAID,1,48097647,390000000,KT - CO,Menos de 12 meses,Comercio,Growth,Bogotá D.C.,4,Si,Si,920,20,Si,No,No,Si,64,FriendOrColleague,2,No,Si,20,Si,5,1,2
331,2470,585,PAID,1,15869853,117902428,SP,13 a 24 meses,Servicios,Seed,Medellín,4,No,No,902,4,Si,No,Si,No,43,CreditProfessionalContact,1,No,Si,10,No,1,1,2
332,2470,903,PAID,2,29769862,117902428,SP,13 a 24 meses,Servicios,Seed,Medellín,4,No,No,902,4,Si,No,Si,No,43,CreditProfessionalContact,1,No,Si,10,No,1,1,2
333,2474,616,PAID,2,6629553,120000000,KT - CO,13 a 24 meses,Industria,Seed,Medellín,6,No,No,832,1,Si,Si,Si,No,33,Other,4,No,Si,6,Si,2,1,2
334,2474,714,PAID,13,6619094,120000000,KT - CO,13 a 24 meses,Industria,Seed,Medellín,6,No,No,832,1,Si,Si,Si,No,33,Other,4,No,Si,6,Si,2,1,2
335,2474,1159,PAID,13,6620879,120000000,KT - CO,13 a 24 meses,Industria,Seed,Medellín,6,No,No,832,1,Si,Si,Si,No,33,Other,4,No,Si,6,Si,2,1,2
336,2475,617,PAID,13,9007154,110000000,KT - EX,Menos de 12 meses,Servicios,Seed,Medellín,6,No,No,853,3,Si,Si,Si,Si,37,Newspapers,3,No,Si,8,No,2,1,2
337,2475,696,PAID,1,27520765,110000000,KT - EX,Menos de 12 meses,Servicios,Seed,Medellín,6,No,No,853,3,Si,Si,Si,Si,37,Newspapers,3,No,Si,8,No,2,1,2
338,2475,1317,PAID,5,8989251,110000000,KT - EX,Menos de 12 meses,Servicios,Seed,Medellín,6,No,No,853,3,Si,Si,Si,Si,37,Newspapers,3,No,Si,8,No,2,1,2
339,2476,676,PAID,0,44949348,560000000,KT - EX,Menos de 12 meses,Servicios,Scale Up,Medellín,6,No,No,929,5,Si,Si,Si,Si,37,Other,2,No,Si,20,No,7,1,2
340,2476,1130,PAID,1,157743092,560000000,KT - EX,Menos de 12 meses,Servicios,Scale Up,Medellín,6,No,No,929,5,Si,Si,Si,Si,37,Other,2,No,Si,20,No,7,1,2
341,2477,1240,PAID,14,90567209,750000000,KT - CO,Menos de 12 meses,Servicios,Venture,Bogotá D.C.,6,No,Si,858,21,Si,Si,Si,Si,31,FriendOrColleague,3,No,Si,11,No,0,1,2
342,2477,1423,LATE,14,25204306,750000000,KT - CO,Menos de 12 meses,Servicios,Venture,Bogotá D.C.,6,No,Si,858,21,Si,Si,Si,Si,31,FriendOrColleague,3,No,Si,11,No,0,1,2
343,2478,35,PAID,12,88449367,90000000,KT - CO,Menos de 12 meses,Servicios,Venture,Medellín,4,No,No,858,9,Si,No,No,Si,40,Other,2,No,No,30,No,1,1,2
344,2479,561,PAID,2,6508179,150000000,KT - CO,25 a 36 meses,Servicios,Venture,Envigado,5,No,No,907,2,No,Si,No,Si,40,CreditProfessionalContact,2,No,Si,8,No,1,1,2
345,2479,1050,PAID,1,26029725,150000000,KT - CO,25 a 36 meses,Servicios,Venture,Envigado,5,No,No,907,2,No,Si,No,Si,40,CreditProfessionalContact,2,No,Si,8,No,1,1,2
346,2480,629,PAID,0,38743695,140000000,KT - CO,Menos de 12 meses,Servicios,Seed,Bogotá D.C.,5,No,No,921,1,No,No,No,No,44,Other,2,No,No,4,No,0,1,2
347,2481,223,PAID,3,88898557,1095000000,KT - CO,Menos de 12 meses,Servicios,Scale Up,Bogotá D.C.,6,Si,Si,900,13,Si,Si,Si,No,35,FriendOrColleague,1,No,Si,33,No,3,1,2
348,2481,265,PAID,4,25018288,1095000000,KT - CO,Menos de 12 meses,Servicios,Scale Up,Bogotá D.C.,6,Si,Si,900,13,Si,Si,Si,No,35,FriendOrColleague,1,No,Si,33,No,3,1,2
349,2481,591,PAID,22,83433059,1095000000,KT - CO,Menos de 12 meses,Servicios,Scale Up,Bogotá D.C.,6,Si,Si,900,13,Si,Si,Si,No,35,FriendOrColleague,1,No,Si,33,No,3,1,2
350,2481,657,LATE,10,18535319,1095000000,KT - CO,Menos de 12 meses,Servicios,Scale Up,Bogotá D.C.,6,Si,Si,900,13,Si,Si,Si,No,35,FriendOrColleague,1,No,Si,33,No,3,1,2
351,2481,711,PAID,3,77798891,1095000000,KT - CO,Menos de 12 meses,Servicios,Scale Up,Bogotá D.C.,6,Si,Si,900,13,Si,Si,Si,No,35,FriendOrColleague,1,No,Si,33,No,3,1,2
352,2481,1136,PAID,81,167408252,1095000000,KT - CO,Menos de 12 meses,Servicios,Scale Up,Bogotá D.C.,6,Si,Si,900,13,Si,Si,Si,No,35,FriendOrColleague,1,No,Si,33,No,3,1,2
353,2481,1408,PAID,55,60518733,1095000000,KT - CO,Menos de 12 meses,Servicios,Scale Up,Bogotá D.C.,6,Si,Si,900,13,Si,Si,Si,No,35,FriendOrColleague,1,No,Si,33,No,3,1,2
354,2483,675,PAID,20,65043382,300000000,KT - CO,25 a 36 meses,Servicios,Seed,Bogotá D.C.,6,No,No,925,0,Si,No,Si,Si,44,FriendOrColleague,1,No,No,10,No,3,1,2
355,2486,1066,PAID,2,67491433,300000000,KT - EX,25 a 36 meses,Comercio,Seed,Bogotá D.C.,5,No,No,943,1,No,No,No,Si,36,FriendOrColleague,19,No,Si,5,No,1,1,2
356,2496,569,PAID,2,14380984,250000000,CR ,13 a 24 meses,Industria,Seed,Medellín,4,No,No,922,1,Si,Si,Si,Si,38,FriendOrColleague,2,No,No,18,No,1,1,2
357,2514,954,LATE,494,0,300000000,KT - EX,25 a 36 meses,Industria,Scale Up,Barranquilla,4,Si,Si,619,16,No,No,Si,Si,29,Other,2,No,Si,25,No,1,1,1
358,2598,1009,PAID,203,22205184,250000000,CR ,Menos de 12 meses,Industria,Venture,La Estrella,4,No,No,0,0,Si,No,No,Si,46,CreditProfessionalContact,1,Si,No,9,No,1,0,0
359,2598,1010,LATE,139,38360445,250000000,CR ,Menos de 12 meses,Industria,Venture,La Estrella,4,No,No,0,0,Si,No,No,Si,46,CreditProfessionalContact,1,Si,No,9,No,1,0,0
360,2652,1051,PAID,6,15170017,50000000,KT - EX,13 a 24 meses,Servicios,Seed,Medellín,4,No,No,0,0,No,Si,No,No,32,SocialNetworks,2,No,Si,2,No,2,0,0
361,2696,1056,PAID,16,9165339,260000000,KT - EX,13 a 24 meses,Comercio,Seed,Bogotá D.C.,5,No,No,901,2,Si,Si,Si,Si,36,FriendOrColleague,2,No,Si,6,No,0,1,2
362,2696,1384,LATE,22,18573877,260000000,KT - EX,13 a 24 meses,Comercio,Seed,Bogotá D.C.,5,No,No,901,2,Si,Si,Si,Si,36,FriendOrColleague,2,No,Si,6,No,0,1,2
363,2697,1099,PAID,25,11677360,60000000,KT - CO,13 a 24 meses,Industria,Seed,Barranquilla,2,No,No,931,2,No,No,No,No,35,Internet,3,No,Si,7,Si,1,1,2
364,2738,1089,PAID,0,22127209,70000000,KT - CO,Menos de 12 meses,Servicios,Seed,Bogotá D.C.,4,No,No,923,4,Si,Si,Si,Si,32,Internet,3,No,No,7,No,1,1,2
365,2738,1365,PAID,0,11577922,70000000,KT - CO,Menos de 12 meses,Servicios,Seed,Bogotá D.C.,4,No,No,923,4,Si,Si,Si,Si,32,Internet,3,No,No,7,No,1,1,2
366,2765,1049,LATE,91,62874133,320000000,SP,13 a 24 meses,Servicios,Scale Up,Medellín,6,No,No,867,1,No,No,No,Si,49,FriendOrColleague,4,No,Si,35,No,5,1,2
367,2767,1594,LATE,3,7575876,30000000,KT - CO,13 a 24 meses,Comercio,Seed,Bogotá D.C.,3,No,No,951,3,Si,Si,Si,Si,31,Newspapers,2,No,No,7,No,1,1,2
368,2769,1071,LATE,212,40289538,200000000,KT - CO,13 a 24 meses,Servicios,Scale Up,Barranquilla,4,Si,No,950,4,No,No,No,No,33,Other,2,No,No,15,Si,2,1,2
369,2774,1429,LATE,83,12424684,50000000,SP,Menos de 12 meses,Servicios,Seed,Bogotá D.C.,3,No,No,936,0,No,No,No,No,52,Newspapers,3,No,Si,7,No,0,1,2
370,2792,1052,LATE,76,32442131,250000000,KT - CO,Menos de 12 meses,Comercio,Venture,Medellín,5,No,No,925,4,No,No,No,No,37,Internet,1,No,Si,5,No,1,1,2
371,2792,1463,LATE,80,69592922,250000000,KT - CO,Menos de 12 meses,Comercio,Venture,Medellín,5,No,No,925,4,No,No,No,No,37,Internet,1,No,Si,5,No,1,1,2
372,2814,1137,LATE,30,54148723,300000000,KT - EX,25 a 36 meses,Servicios,Venture,Medellín,4,Si,Si,937,12,Si,No,Si,Si,48,SocialNetworks,2,No,Si,100,No,8,1,2
373,2822,1064,PAID,7,13216064,110000000,KT - EX,25 a 36 meses,Servicios,Seed,Bogotá D.C.,5,No,No,0,4,Si,Si,Si,Si,44,Newspapers,2,No,No,29,No,3,0,0
374,2822,1323,PAID,1,11009583,110000000,KT - EX,25 a 36 meses,Servicios,Seed,Bogotá D.C.,5,No,No,0,4,Si,Si,Si,Si,44,Newspapers,2,No,No,29,No,3,0,0
375,2884,1067,PAID,1,54774874,350000000,CR ,25 a 36 meses,Servicios,Venture,Barranquilla,4,Si,Si,895,15,No,Si,No,No,34,Other,1,No,Si,25,Si,2,1,2
376,2892,1057,PAID,7,55975654,60000000,KT - EX,13 a 24 meses,Servicios,Seed,Bogotá D.C.,4,Si,No,0,1,Si,No,No,No,45,Internet,1,No,No,2,No,0,0,0
377,2916,1068,PAID,4,55226553,170000000,KT - CO,Menos de 12 meses,Servicios,Growth,Barranquilla,6,No,Si,931,12,Si,Si,Si,Si,46,Other,6,No,No,140,No,5,1,2
378,2918,1078,PAID,75,202338429,500000000,CR ,13 a 24 meses,Comercio,Growth,Bogotá D.C.,4,No,Si,916,10,No,No,No,No,47,FriendOrColleague,1,No,Si,70,No,2,1,2
379,2924,1073,PAID,32,76750775,200000000,KT - CO,13 a 24 meses,Servicios,Growth,Bogotá D.C.,4,Si,Si,902,5,Si,No,Si,Si,55,FriendOrColleague,2,Si,Si,500,No,5,1,2
380,2952,1065,PAID,7,75541330,130000000,KT - CO,25 a 36 meses,Servicios,Seed,Medellín,6,No,No,863,2,Si,No,No,Si,31,SocialNetworks,1,Si,No,3,No,0,1,2
381,2952,1484,PAID,3,14168871,130000000,KT - CO,25 a 36 meses,Servicios,Seed,Medellín,6,No,No,863,2,Si,No,No,Si,31,SocialNetworks,1,Si,No,3,No,0,1,2
382,2959,1072,LATE,1083,0,150000000,KT - CO,Menos de 12 meses,Comercio,Growth,Bogotá D.C.,5,No,Si,937,27,No,No,No,No,59,FriendOrColleague,1,No,Si,3,No,2,1,2
383,2981,1483,LATE,137,20212375,100000000,KT - EX,13 a 24 meses,Servicios,Venture,Cali,5,No,No,800,2,Si,Si,No,No,38,Internet,2,No,Si,7,Si,2,1,2
384,2986,1074,LATE,63,36605941,300000000,KT - EX,13 a 24 meses,Servicios,Growth,Bogotá D.C.,5,Si,Si,887,44,Si,No,Si,Si,51,FriendOrColleague,2,No,Si,370,No,1,1,2
385,2986,1233,LATE,56,32128283,300000000,KT - EX,13 a 24 meses,Servicios,Growth,Bogotá D.C.,5,Si,Si,887,44,Si,No,Si,Si,51,FriendOrColleague,2,No,Si,370,No,1,1,2
386,2994,1374,PAID,6,16694930,60000000,KT - EX,Menos de 12 meses,Servicios,Seed,Bogotá D.C.,5,No,No,937,1,No,Si,Si,Si,29,SocialNetworks,2,No,No,6,No,0,1,2
387,2999,1112,LATE,89,15078186,200000000,CR ,25 a 36 meses,Servicios,Venture,Bogotá D.C.,4,No,Si,868,2,Si,Si,No,Si,32,FriendOrColleague,2,No,No,11,No,0,1,2
388,3045,1084,LATE,48,16123517,80000000,KT - CO,13 a 24 meses,Servicios,Seed,Bogotá D.C.,6,No,No,881,4,No,No,No,Si,56,FriendOrColleague,1,No,Si,3,No,0,1,2
389,3065,1160,LATE,43,9803626,60000000,KT - EX,13 a 24 meses,Comercio,Growth,Medellín,4,No,No,0,0,No,No,No,Si,63,Other,1,Si,No,5,Si,2,0,0
390,3066,1119,LATE,279,22066737,300000000,CR ,25 a 36 meses,Industria,Growth,Medellín,4,No,Si,669,32,Si,No,No,No,48,Other,1,No,Si,39,No,2,1,1
391,3070,1077,LATE,13,9657801,110000000,KT - CO,13 a 24 meses,Industria,Seed,Medellín,4,Si,Si,765,6,Si,Si,No,No,48,FriendOrColleague,5,No,No,20,Si,1,1,1
392,3070,1513,LATE,15,9614491,110000000,KT - CO,13 a 24 meses,Industria,Seed,Medellín,4,Si,Si,765,6,Si,Si,No,No,48,FriendOrColleague,5,No,No,20,Si,1,1,1
393,3074,1093,PAID,31,115723422,300000000,KT - CO,13 a 24 meses,Comercio,Growth,Barranquilla,6,No,Si,828,34,No,No,Si,Si,48,CreditProfessionalContact,6,No,Si,120,No,3,1,2
394,3114,1086,LATE,24,35519770,170000000,KT - EX,13 a 24 meses,Servicios,Seed,Bogotá D.C.,5,No,No,798,6,No,No,No,No,35,FriendOrColleague,1,No,No,3,No,0,1,2
395,3127,1098,PAID,11,25869469,85000000,CR ,13 a 24 meses,Comercio,Venture,Bogotá D.C.,3,No,No,951,2,Si,Si,No,No,55,FriendOrColleague,3,No,No,10,No,0,1,2
396,3133,1433,LATE,35,35550858,240000000,KT - EX,Menos de 12 meses,Servicios,Seed,Bogotá D.C.,4,No,No,863,6,Si,Si,Si,Si,42,FriendOrColleague,4,No,No,11,No,2,1,2
397,3156,1246,LATE,33,16070444,50000000,KT - CO,13 a 24 meses,Servicios,Venture,Bogotá D.C.,4,No,No,886,1,Si,No,Si,Si,43,Internet,2,No,Si,10,No,0,1,2
398,3162,1118,PAID,5,104167089,320000000,KT - CO,13 a 24 meses,Industria,Seed,Bogotá D.C.,5,No,Si,866,10,Si,No,Si,Si,59,FriendOrColleague,2,No,Si,51,No,5,1,2
399,3165,1276,PAID,14,61361196,350000000,KT - CO,13 a 24 meses,Servicios,Venture,Bogotá D.C.,5,No,No,772,3,Si,Si,No,Si,28,FriendOrColleague,1,Si,Si,17,No,1,1,1
400,3237,1094,PAID,8,12201853,40000000,CR ,13 a 24 meses,Servicios,Seed,Bogotá D.C.,3,No,No,982,2,Si,Si,Si,Si,41,Internet,2,No,Si,12,No,1,1,2
401,3239,1103,PAID,92,72350175,230000000,KT - EX,Menos de 12 meses,Servicios,Scale Up,Rionegro,5,No,No,841,7,Si,No,No,Si,49,CreditProfessionalContact,2,No,Si,7,No,0,1,2
402,3262,1109,PAID,0,30443768,150000000,KT - EX,13 a 24 meses,Servicios,Scale Up,Bogotá D.C.,5,No,Si,701,4,Si,Si,Si,Si,67,Internet,2,No,Si,50,No,4,1,1
403,3262,1440,PAID,0,15151752,150000000,KT - EX,13 a 24 meses,Servicios,Scale Up,Bogotá D.C.,5,No,Si,701,4,Si,Si,Si,Si,67,Internet,2,No,Si,50,No,4,1,1
404,3265,1364,PAID,2,19540255,145000000,KT - CO,13 a 24 meses,Comercio,Seed,Medellín,4,No,No,942,3,No,No,Si,Si,32,Internet,2,No,No,5,No,2,1,2
405,3283,1102,PAID,43,30517902,100000000,KT - EX,13 a 24 meses,Servicios,Venture,Barranquilla,4,No,No,891,0,Si,Si,Si,No,42,Newspapers,8,Si,No,20,No,1,1,2
406,3369,1117,PAID,21,675865,35000000,CR ,25 a 36 meses,Comercio,Seed,Medellín,5,No,No,924,0,No,No,No,Si,33,FriendOrColleague,1,No,No,8,No,0,1,2
407,3400,1127,LATE,600,0,30000000,KT - CO,Menos de 12 meses,Comercio,Venture,Envigado,3,No,No,912,0,No,Si,No,No,30,FriendOrColleague,1,No,Si,5,No,0,1,2
408,3423,1115,LATE,17,24874003,130000000,KT - EX,13 a 24 meses,Servicios,Seed,Bogotá D.C.,5,No,No,752,9,Si,Si,Si,Si,33,FriendOrColleague,3,No,Si,12,Si,5,1,1
409,3423,1515,LATE,17,7417872,130000000,KT - EX,13 a 24 meses,Servicios,Seed,Bogotá D.C.,5,No,No,752,9,Si,Si,Si,Si,33,FriendOrColleague,3,No,Si,12,Si,5,1,1
410,3430,1178,PAID,9,43833428,60000000,KT - CO,Menos de 12 meses,Servicios,Seed,Bogotá D.C.,5,No,No,895,5,Si,No,No,Si,33,Newspapers,3,No,Si,6,No,2,1,2
411,3440,1156,PAID,1,29712361,60000000,KT - EX,Menos de 12 meses,Servicios,Seed,Medellín,4,No,No,879,5,Si,No,Si,No,35,FriendOrColleague,3,No,Si,7,No,0,1,2
412,3478,1273,LATE,106,9422590,100000000,CR ,25 a 36 meses,Servicios,Seed,Bucaramanga,4,No,No,0,0,No,No,No,No,41,Newspapers,4,No,No,13,No,0,0,0
413,3478,1424,LATE,108,9426759,100000000,CR ,25 a 36 meses,Servicios,Seed,Bucaramanga,4,No,No,0,0,No,No,No,No,41,Newspapers,4,No,No,13,No,0,0,0
414,3486,1141,PAID,0,90490830,370000000,KT - CO,13 a 24 meses,Industria,Venture,Cartagena de indias,3,Si,No,933,6,Si,Si,Si,Si,65,Other,5,No,Si,85,No,4,1,2
415,3489,1120,PAID,38,52763195,63000000,KT - EX,13 a 24 meses,Servicios,Seed,Barranquilla,3,No,No,819,4,Si,Si,No,Si,33,FriendOrColleague,1,No,Si,7,Si,2,1,2
416,3527,1352,LATE,127,12888007,50000000,KT - EX,13 a 24 meses,Servicios,Seed,Barranquilla,5,No,No,456,5,Si,Si,No,Si,34,Other,1,No,No,7,No,0,0,1
417,3560,1142,LATE,323,7692886,50000000,KT - EX,13 a 24 meses,Servicios,Scale Up,Bogotá D.C.,4,No,No,0,0,Si,Si,Si,Si,35,Internet,5,No,No,30,Si,2,0,0
418,3616,1196,LATE,83,7666920,30000000,KT - EX,13 a 24 meses,Servicios,Seed,Bogotá D.C.,4,No,No,736,0,Si,Si,Si,Si,33,Other,1,Si,No,6,No,1,1,1
419,3627,1154,PAID,103,205929387,375708564,KT - EX,Menos de 12 meses,Servicios,Venture,Cali,5,No,No,933,0,No,Si,Si,Si,43,Other,2,No,Si,7,No,1,1,2
420,3629,1194,PAID,34,22266496,170000000,KT - EX,13 a 24 meses,Servicios,Scale Up,Bogotá D.C.,3,No,No,881,2,Si,Si,Si,Si,38,Internet,1,No,No,35,No,3,1,2
421,3629,1600,LATE,10,17664854,170000000,KT - EX,13 a 24 meses,Servicios,Scale Up,Bogotá D.C.,3,No,No,881,2,Si,Si,Si,Si,38,Internet,1,No,No,35,No,3,1,2
422,3639,1267,LATE,100,23445839,50000000,KT - CO,Menos de 12 meses,Comercio,Scale Up,Bogotá D.C.,4,Si,No,925,7,Si,No,Si,No,46,FriendOrColleague,2,No,Si,8,No,0,1,2
423,3656,1472,PAID,6,9105105,30000000,KT - EX,13 a 24 meses,Servicios,Seed,Barranquilla,3,No,No,919,1,Si,Si,Si,Si,36,Internet,1,No,No,6,No,0,1,2
424,3665,1173,PAID,1,45196096,150000000,KT - EX,13 a 24 meses,Servicios,Venture,Bogotá D.C.,5,No,No,912,3,Si,No,No,No,61,Newspapers,2,No,Si,7,No,0,1,2
425,3715,1162,PAID,32,195612036,250000000,SP,Más de 37 meses,Servicios,Seed,Medellín,5,No,No,828,1,No,No,No,Si,35,FriendOrColleague,3,No,Si,12,Si,1,1,2
426,3719,1157,PAID,2,27730604,290000000,KT - CO,Menos de 12 meses,Servicios,Scale Up,Barranquilla,4,No,Si,786,5,Si,No,No,Si,32,Other,3,No,Si,11,No,0,1,1
427,3719,1508,PAID,0,16543546,290000000,KT - CO,Menos de 12 meses,Servicios,Scale Up,Barranquilla,4,No,Si,786,5,Si,No,No,Si,32,Other,3,No,Si,11,No,0,1,1
428,3722,1163,LATE,80,13879903,90000000,KT - CO,Menos de 12 meses,Servicios,Venture,Medellín,3,No,Si,929,10,Si,Si,No,Si,40,FriendOrColleague,1,No,Si,8,Si,1,1,2
429,3722,1504,LATE,81,6051663,90000000,KT - CO,Menos de 12 meses,Servicios,Venture,Medellín,3,No,Si,929,10,Si,Si,No,Si,40,FriendOrColleague,1,No,Si,8,Si,1,1,2
430,3723,1277,PAID,3,76577760,200000000,KT - CO,13 a 24 meses,Comercio,Scale Up,Bogotá D.C.,5,No,No,666,1,Si,Si,No,Si,52,FriendOrColleague,4,No,Si,24,No,0,1,1
431,3735,1172,PAID,2,66038351,350000000,CR ,25 a 36 meses,Servicios,Venture,Bogotá D.C.,5,Si,Si,904,27,Si,Si,Si,Si,50,CreditProfessionalContact,3,No,Si,125,No,8,1,2
432,3741,1164,PAID,10,9145540,77000000,SP,13 a 24 meses,Servicios,Seed,Manizales,6,No,No,792,3,Si,No,Si,Si,32,CreditProfessionalContact,3,Si,Si,11,Si,1,1,1
433,3742,1168,PAID,4,19352180,60000000,KT - CO,Menos de 12 meses,Servicios,Seed,Medellín,6,No,No,889,2,Si,No,No,No,41,FriendOrColleague,1,No,No,2,No,0,1,2
434,3761,1171,LATE,59,37201729,270000000,CR ,13 a 24 meses,Servicios,Venture,Medellín,5,No,Si,635,6,Si,Si,No,Si,32,SocialNetworks,3,Si,Si,23,No,0,1,1
435,3780,1174,PAID,2,54780871,500000000,SP,25 a 36 meses,Industria,Venture,Manizales,4,Si,Si,933,24,Si,No,No,Si,65,FriendOrColleague,3,No,Si,19,Si,4,1,2
436,3780,1217,PAID,0,54771911,500000000,SP,25 a 36 meses,Industria,Venture,Manizales,4,Si,Si,933,24,Si,No,No,Si,65,FriendOrColleague,3,No,Si,19,Si,4,1,2
437,3787,1176,PAID,0,45193041,150000000,KT - EX,13 a 24 meses,Servicios,Venture,Armenia,4,No,No,853,3,Si,Si,Si,Si,37,Other,2,No,Si,25,No,0,1,2
438,3802,1175,PAID,6,82066403,200000000,KT - CO,Menos de 12 meses,Servicios,Seed,Bogotá D.C.,5,No,No,905,3,Si,Si,Si,No,43,FriendOrColleague,1,No,Si,4,No,1,1,2
439,3819,1189,PAID,17,45509016,240000000,KT - CO,13 a 24 meses,Servicios,Venture,Medellín,6,No,Si,734,1,Si,No,No,No,35,FriendOrColleague,1,No,Si,9,No,2,1,1
440,3819,1587,PAID,8,15002812,240000000,KT - CO,13 a 24 meses,Servicios,Venture,Medellín,6,No,Si,734,1,Si,No,No,No,35,FriendOrColleague,1,No,Si,9,No,2,1,1
441,3832,1197,LATE,132,16300779,80000000,KT - CO,13 a 24 meses,Servicios,Seed,Bogotá D.C.,6,No,No,0,0,No,No,No,No,40,FriendOrColleague,1,No,No,4,No,1,0,0
442,3839,1183,PAID,42,30625498,100000000,SP,13 a 24 meses,Servicios,Seed,Bucaramanga,4,No,No,914,4,Si,Si,Si,Si,27,Internet,1,No,Si,11,Si,2,1,2
443,3851,1184,PAID,7,27718890,80000000,KT - CO,Menos de 12 meses,Comercio,Venture,Bogotá D.C.,4,No,No,902,7,Si,Si,No,No,30,Internet,1,No,No,4,No,2,1,2
444,3870,1314,LATE,7,9760691,30000000,KT - CO,13 a 24 meses,Servicios,Seed,Bogotá D.C.,5,No,Si,820,4,Si,No,Si,Si,45,FriendOrColleague,2,No,No,11,No,1,1,2
445,3888,1177,PAID,21,60120161,300000000,KT - CO,Menos de 12 meses,Industria,Scale Up,Bogotá D.C.,3,No,No,836,2,Si,No,No,No,32,FriendOrColleague,3,No,Si,15,No,0,1,2
446,3903,1198,PAID,0,98125795,100000000,KT - CO,13 a 24 meses,Comercio,Scale Up,Barranquilla,4,No,No,976,2,No,No,No,No,45,CreditProfessionalContact,2,No,No,9,No,0,1,2
447,3934,1285,PAID,7,65088680,300000000,SP,25 a 36 meses,Servicios,Scale Up,Medellín,5,No,No,933,11,Si,Si,No,No,46,Other,5,No,No,60,No,3,1,2
448,3985,1250,PAID,3,30233511,100000000,KT - EX,13 a 24 meses,Servicios,Scale Up,Bogotá D.C.,3,No,Si,933,11,Si,Si,Si,Si,52,Internet,5,No,Si,14,No,4,1,2
449,3996,1203,PAID,3,76783378,100000000,SP,25 a 36 meses,Comercio,Seed,Marinilla,3,No,Si,929,1,Si,Si,No,No,45,Other,2,No,Si,18,No,2,1,2
450,4029,634,PAID,0,25622487,385000000,KT - EX,13 a 24 meses,Servicios,Venture,Bogotá D.C.,6,Si,No,970,3,Si,Si,Si,No,43,Other,4,No,Si,24,No,0,1,2
451,4029,1191,PAID,5,65636135,385000000,KT - EX,13 a 24 meses,Servicios,Venture,Bogotá D.C.,6,Si,No,970,3,Si,Si,Si,No,43,Other,4,No,Si,24,No,0,1,2
452,4030,1237,PAID,0,33465571,330000000,SP,13 a 24 meses,Comercio,Seed,Bogotá D.C.,3,No,No,922,3,Si,Si,Si,Si,40,FriendOrColleague,1,No,Si,4,No,0,1,2
453,4036,1373,LATE,181,13996926,50000000,KT - CO,Menos de 12 meses,Comercio,Venture,Cartagena de indias,3,No,No,916,5,Si,No,No,No,40,Internet,1,No,No,10,No,0,1,2
454,4042,1486,LATE,242,15248437,100000000,KT - CO,13 a 24 meses,Servicios,Venture,Santa Marta,3,Si,Si,951,3,Si,No,No,No,37,Newspapers,1,No,Si,8,No,0,1,2
455,4049,1236,PAID,9,15179837,80000000,SP,13 a 24 meses,Servicios,Seed,Bogotá D.C.,4,No,Si,956,1,Si,Si,Si,Si,30,SocialNetworks,1,No,No,18,No,2,1,2
456,4068,1229,LATE,66,49946461,250000000,KT - EX,13 a 24 meses,Comercio,Growth,Medellín,6,No,Si,925,3,No,No,No,No,55,SocialNetworks,1,No,Si,25,No,4,1,2
457,4071,1230,PAID,0,10990740,50000000,SP,25 a 36 meses,Servicios,Seed,Medellín,5,No,No,819,3,Si,No,Si,Si,31,Internet,1,No,Si,15,No,0,1,2
458,4075,1264,PAID,18,27811944,110000000,KT - EX,Menos de 12 meses,Servicios,Seed,Bogotá D.C.,5,No,Si,905,1,Si,Si,No,Si,31,FriendOrColleague,1,No,Si,12,No,0,1,2
459,4078,1351,LATE,434,6495565,100000000,KT - CO,13 a 24 meses,Comercio,Venture,Cali,3,No,No,0,4,No,No,No,No,41,FriendOrColleague,1,No,No,15,No,0,0,0
460,4086,1226,LATE,1,7637302,30000000,KT - CO,13 a 24 meses,Comercio,Seed,Bogotá D.C.,4,No,Si,891,3,No,No,No,No,33,CreditProfessionalContact,2,No,Si,17,No,3,1,2
461,4090,1228,PAID,6,33190977,150000000,KT - CO,25 a 36 meses,Servicios,Venture,Bogotá D.C.,5,No,No,929,6,No,No,No,Si,43,FriendOrColleague,1,No,Si,12,No,2,1,2
462,4147,1247,LATE,302,5560552,80000000,KT - EX,Menos de 12 meses,Servicios,Seed,Barranquilla,3,No,No,940,5,No,No,No,No,34,Internet,1,No,No,5,No,0,1,2
463,4162,1494,LATE,14,25416538,175000000,KT - EX,Menos de 12 meses,Servicios,Venture,Bogotá D.C.,6,No,Si,825,4,Si,No,No,No,31,FriendOrColleague,2,No,No,43,No,0,1,2
464,4179,1239,LATE,408,5600184,150000000,CR ,25 a 36 meses,Industria,Seed,Medellín,4,No,No,932,4,No,Si,No,Si,43,FriendOrColleague,1,Si,Si,6,No,0,1,2
465,4187,1254,LATE,29,25444843,175000000,KT - CO,13 a 24 meses,Comercio,Seed,Bogotá D.C.,3,No,No,687,6,Si,No,No,No,39,CreditProfessionalContact,1,No,No,14,Si,1,1,1
466,4214,1295,PAID,0,41070197,50000000,KT - CO,Menos de 12 meses,Servicios,Seed,Bogotá D.C.,5,No,No,0,0,No,No,No,Si,32,Newspapers,2,No,No,5,No,0,0,0
467,4217,1255,PAID,0,114747467,360000000,KT - CO,13 a 24 meses,Comercio,Venture,Bogotá D.C.,3,No,No,927,6,Si,Si,Si,Si,42,FriendOrColleague,1,No,Si,4,No,0,1,2
468,4228,1271,PAID,2,60965773,330000000,CR ,13 a 24 meses,Servicios,Scale Up,Pereira,5,No,Si,862,3,No,No,No,No,42,SocialNetworks,3,No,Si,31,No,1,1,2
469,4240,1272,PAID,0,16729395,60000000,KT - EX,Menos de 12 meses,Servicios,Seed,Bogotá D.C.,4,No,No,0,0,Si,No,Si,Si,42,CreditProfessionalContact,1,No,No,2,No,0,0,0
470,4242,1330,LATE,49,16291446,50000000,KT - CO,13 a 24 meses,Industria,Seed,Copacabana,3,No,No,943,0,No,No,No,No,45,FriendOrColleague,1,No,Si,16,No,1,1,2
471,4250,1249,PAID,5,38139810,200000000,KT - EX,13 a 24 meses,Servicios,Seed,Medellín,5,No,No,938,1,Si,No,No,Si,44,FriendOrColleague,1,No,No,12,No,0,1,2
472,4264,1256,PAID,2,89353418,500000000,KT - CO,13 a 24 meses,Servicios,Growth,Bogotá D.C.,5,Si,Si,925,10,Si,No,Si,Si,42,FriendOrColleague,2,No,Si,27,No,1,1,2
473,4266,1278,PAID,9,30744939,100000000,SP,13 a 24 meses,Servicios,Scale Up,Medellín,4,No,Si,165,2,Si,Si,Si,Si,55,Other,3,No,Si,29,No,2,0,0
474,4277,1318,PAID,35,22810087,75000000,KT - EX,13 a 24 meses,Industria,Seed,Medellín,4,No,No,962,0,No,Si,No,No,32,FriendOrColleague,2,No,No,6,Si,1,1,2
475,4286,1334,PAID,36,16767651,60000000,KT - CO,Menos de 12 meses,Comercio,Seed,Bogotá D.C.,4,No,No,933,3,No,No,Si,No,32,FriendOrColleague,2,No,No,1,No,1,1,2
476,4312,1257,PAID,1,45350391,150000000,KT - CO,13 a 24 meses,Comercio,Scale Up,Medellín,3,No,No,925,2,No,No,No,No,48,CreditProfessionalContact,2,No,Si,62,No,3,1,2
477,4324,1263,PAID,10,55429375,250000000,KT - CO,Menos de 12 meses,Servicios,Scale Up,Bogotá D.C.,4,Si,Si,804,16,Si,Si,No,Si,57,Email,1,Si,Si,50,Si,4,1,2
478,4342,1270,PAID,1,9123228,30000000,KT - EX,13 a 24 meses,Servicios,Seed,Cali,5,No,No,957,0,Si,Si,Si,Si,37,SocialNetworks,1,No,No,7,No,0,1,2
479,4372,1275,LATE,7,9786739,60000000,KT - EX,13 a 24 meses,Servicios,Seed,Bogotá D.C.,4,No,No,877,2,Si,No,No,Si,44,Internet,2,Si,Si,24,Si,1,1,2
480,4404,1279,LATE,168,32090550,300000000,KT - EX,25 a 36 meses,Comercio,Growth,Medellín,5,No,No,920,3,No,Si,No,No,68,Other,1,No,Si,20,No,0,1,2
481,4406,1333,PAID,13,11705145,30000000,KT - CO,13 a 24 meses,Industria,Seed,Medellín,3,No,No,0,1,No,No,No,No,22,FriendOrColleague,1,No,No,4,Si,1,0,0
482,4409,1287,LATE,187,6275878,30000000,KT - EX,13 a 24 meses,Servicios,Seed,Bogotá D.C.,4,No,No,895,1,No,No,No,No,58,FriendOrColleague,2,No,No,3,Si,1,1,2
483,4440,1449,LATE,38,11562785,45000000,KT - EX,13 a 24 meses,Servicios,Seed,Medellín,4,No,Si,892,0,Si,Si,Si,Si,44,SocialNetworks,1,No,No,4,No,1,1,2
484,4449,1332,LATE,25,47929858,150000000,KT - CO,13 a 24 meses,Servicios,Venture,Medellín,5,No,No,929,2,Si,Si,Si,Si,40,Other,6,No,Si,15,No,1,1,2
485,4458,1320,LATE,19,12980741,90000000,CR ,13 a 24 meses,Servicios,Seed,Bogotá D.C.,2,No,No,933,2,No,No,No,No,42,CreditProfessionalContact,1,Si,No,5,Si,1,1,2
486,4468,1315,LATE,89,13048847,50000000,SP,13 a 24 meses,Servicios,Seed,Bogotá D.C.,5,No,No,896,1,Si,No,No,Si,41,FriendOrColleague,1,No,Si,2,Si,2,1,2
487,4504,1280,PAID,0,22716095,100000000,KT - CO,25 a 36 meses,Comercio,Seed,Barranquilla,5,Si,No,933,3,Si,Si,No,No,71,CreditProfessionalContact,3,No,Si,14,No,3,1,2
488,4508,1383,LATE,6,20619765,110000000,CR ,25 a 36 meses,Industria,Venture,Bogotá D.C.,3,No,No,0,2,Si,Si,No,No,41,FriendOrColleague,1,No,Si,18,No,4,0,0
489,4529,1297,LATE,60,54954172,300000000,CR ,25 a 36 meses,Servicios,Seed,Bogotá D.C.,4,No,No,910,6,Si,No,No,Si,56,CreditProfessionalContact,5,No,Si,28,Si,4,1,2
490,4574,1453,PAID,10,27628562,120000000,KT - CO,Menos de 12 meses,Servicios,Seed,Bogotá D.C.,3,No,No,916,3,Si,No,Si,No,39,Other,2,No,Si,15,No,3,1,2
491,4585,1340,PAID,2,24214797,220000000,KT - CO,13 a 24 meses,Servicios,Seed,Bogotá D.C.,5,No,No,806,3,Si,No,No,No,36,SocialNetworks,1,No,No,10,Si,1,1,2
492,4590,1328,PAID,3,76661853,200000000,KT - CO,13 a 24 meses,Comercio,Venture,Bogotá D.C.,4,No,No,937,3,Si,Si,No,No,43,CreditProfessionalContact,2,No,Si,14,No,3,1,2
493,4657,1379,PAID,10,6631616,30000000,CR ,25 a 36 meses,Servicios,Seed,Bogotá D.C.,6,No,Si,938,2,Si,Si,Si,Si,32,Internet,1,No,Si,8,No,1,1,2
494,4685,1324,PAID,1,88424192,300000000,KT - EX,13 a 24 meses,Servicios,Venture,Bogotá D.C.,6,No,No,969,0,No,No,No,Si,45,CommunicationMedia,1,No,Si,35,No,6,1,2
495,4697,1304,PAID,3,27595237,150000000,KT - EX,13 a 24 meses,Servicios,Seed,Medellín,5,No,Si,325,1,No,Si,No,Si,28,Referrer,2,No,No,12,No,0,0,0
496,4728,1319,PAID,18,90985563,300000000,KT - CO,13 a 24 meses,Comercio,Growth,Medellín,5,Si,Si,933,11,Si,Si,Si,Si,53,CreditProfessionalContact,69,Si,Si,69,No,5,1,2
497,4736,1307,LATE,18,37935382,150000000,KT - CO,13 a 24 meses,Servicios,Venture,Medellín,5,No,No,950,3,Si,No,No,Si,40,Referrer,4,No,No,26,No,1,1,2
498,4778,1325,LATE,1,27249934,150000000,CR ,25 a 36 meses,Servicios,Scale Up,Barranquilla,4,No,No,943,5,No,No,Si,No,46,Referrer,2,No,Si,25,No,1,1,2
499,4824,1353,LATE,570,0,100000000,KT - EX,13 a 24 meses,Servicios,Scale Up,Bogotá D.C.,3,No,Si,882,4,No,Si,No,No,54,Other,1,No,Si,5,No,0,1,2
500,4872,1338,PAID,81,50481755,50000000,SP,13 a 24 meses,Industria,Seed,Medellín,6,No,No,944,1,No,Si,No,Si,27,FriendOrColleague,3,No,No,15,Si,2,1,2
501,4892,1442,PAID,4,12055883,40000000,SP,13 a 24 meses,Servicios,Seed,Medellín,4,No,No,0,0,Si,Si,Si,Si,30,CreditProfessionalContact,3,Si,No,11,No,0,0,0
502,4896,1327,LATE,13,14785067,80000000,CR ,25 a 36 meses,Industria,Seed,Medellín,3,No,No,919,2,No,No,No,No,40,Referrer,1,Si,Si,14,No,1,1,2
503,4909,1381,PAID,14,15342260,50000000,KT - CO,13 a 24 meses,Servicios,Seed,Medellín,4,No,No,874,0,Si,No,No,Si,35,Fenalco,2,No,Si,10,No,2,1,2
504,4911,1357,LATE,29,18327376,170000000,KT - EX,13 a 24 meses,Servicios,Seed,Medellín,4,No,Si,828,2,Si,No,Si,Si,32,RutaN,3,No,No,8,No,0,1,2
505,4922,1359,PAID,8,9202102,30000000,CR ,13 a 24 meses,Servicios,Seed,Medellín,3,No,No,906,2,No,No,No,No,43,Fenalco,1,No,No,37,Si,3,1,2
506,4941,1349,PAID,0,18392912,110000000,KT - CO,13 a 24 meses,Servicios,Venture,Medellín,4,No,No,829,5,No,Si,Si,Si,42,RutaN,2,No,Si,10,No,1,1,2
507,4953,1342,PAID,0,22054331,100000000,KT - EX,25 a 36 meses,Servicios,Scale Up,Medellín,4,No,No,860,2,No,No,No,Si,29,RutaN,3,No,Si,35,No,4,1,2
508,4976,1343,PAID,0,33681577,110000000,KT - EX,13 a 24 meses,Servicios,Seed,Medellín,5,No,Si,870,1,Si,No,Si,Si,41,RutaN,1,No,No,11,No,0,1,2
509,5055,1369,LATE,157,13165959,50000000,KT - CO,13 a 24 meses,Industria,Seed,Bogotá D.C.,4,No,No,942,1,Si,No,No,Si,60,CreditProfessionalContact,1,No,Si,15,No,3,1,2
510,5067,1363,PAID,25,27875443,120000000,KT - EX,Menos de 12 meses,Servicios,Seed,Medellín,3,No,No,937,2,Si,No,No,No,32,RutaN,2,No,Si,12,Si,1,1,2
511,5070,1331,PAID,58,19539608,50000000,KT - CO,13 a 24 meses,Comercio,Scale Up,Bogotá D.C.,4,No,Si,340,4,Si,Si,Si,Si,47,FriendOrColleague,2,No,Si,9,Si,2,0,0
512,5072,1367,LATE,49,12678458,50000000,SP,13 a 24 meses,Servicios,Venture,Manizales,4,No,No,925,4,Si,No,Si,No,46,Other,1,No,Si,6,No,2,1,2
513,5083,1350,PAID,0,9209444,30000000,KT - CO,13 a 24 meses,Industria,Seed,Barranquilla,2,No,No,967,1,No,No,No,Si,32,Referrer,2,No,No,4,No,0,1,2
514,5092,1336,PAID,49,45136252,150000000,KT - EX,13 a 24 meses,Comercio,Scale Up,Itagüí,4,No,Si,933,7,No,No,Si,Si,36,SocialNetworks,5,No,Si,22,No,1,1,2
515,5117,1339,PAID,16,45222072,150000000,KT - EX,13 a 24 meses,Servicios,Venture,Bogotá D.C.,6,No,No,939,2,Si,Si,Si,Si,32,FriendOrColleague,1,No,Si,45,Si,3,1,2
516,5132,1382,PAID,0,31289766,80000000,KT - EX,13 a 24 meses,Servicios,Venture,Bogotá D.C.,4,No,Si,791,1,Si,No,Si,Si,37,SocialNetworks,3,No,Si,15,No,1,1,1
517,5133,1446,PAID,0,15292200,50000000,CR ,13 a 24 meses,Servicios,Seed,Bogotá D.C.,4,No,No,974,3,Si,Si,No,No,38,SocialNetworks,1,No,Si,5,No,1,1,2
518,5227,1407,PAID,0,54360796,180000000,SP,13 a 24 meses,Servicios,Seed,Bogotá D.C.,5,No,Si,893,4,Si,Si,Si,Si,38,SocialNetworks,4,No,Si,27,Si,5,1,2
519,5251,1356,LATE,267,11365823,100000000,SP,25 a 36 meses,Servicios,Seed,Medellín,3,No,Si,180,2,No,Si,No,No,47,Referrer,2,No,Si,8,No,2,0,0
520,5269,1362,LATE,107,27631332,150000000,KT - EX,25 a 36 meses,Comercio,Scale Up,Bucaramanga,3,No,Si,933,6,No,No,No,No,48,Referrer,2,No,Si,4,No,0,1,2
521,5271,1385,LATE,480,0,100000000,CR ,13 a 24 meses,Industria,Scale Up,Cali,3,No,No,950,1,No,No,No,No,37,FriendOrColleague,1,No,No,9,No,0,1,2
522,5309,1377,PAID,12,59538788,200000000,KT - EX,13 a 24 meses,Industria,Growth,Bogotá D.C.,4,Si,No,929,28,Si,Si,Si,Si,61,CreditProfessionalContact,3,No,Si,196,No,5,1,2
523,5338,1372,LATE,92,53684248,300000000,KT - EX,25 a 36 meses,Servicios,Growth,Medellín,6,Si,No,920,4,No,No,No,No,65,FriendOrColleague,1,Si,Si,80,No,0,1,2
524,5350,1370,LATE,69,18576327,100000000,CR ,25 a 36 meses,Servicios,Seed,Medellín,4,No,No,805,0,Si,Si,No,No,28,Referrer,1,No,Si,4,No,0,1,2
525,5362,1418,PAID,2,47706277,150000000,KT - EX,13 a 24 meses,Servicios,Venture,Bogotá D.C.,5,Si,Si,872,1,No,Si,Si,Si,33,FriendOrColleague,4,No,No,26,No,2,1,2
526,5363,1335,LATE,34,27671503,150000000,KT - CO,25 a 36 meses,Servicios,Growth,Rionegro,5,No,Si,828,6,Si,Si,No,No,39,Referrer,2,No,Si,40,No,3,1,2
527,5403,1397,LATE,132,20508845,80000000,KT - CO,13 a 24 meses,Industria,Venture,Bogotá D.C.,6,Si,No,896,5,No,No,No,Si,25,Referrer,2,No,Si,23,No,5,1,2
528,5446,1421,PAID,57,16789109,30000000,KT - EX,Menos de 12 meses,Servicios,Seed,Bogotá D.C.,4,No,No,0,2,No,No,No,No,36,SocialNetworks,1,No,No,2,No,0,0,0
529,5468,1398,LATE,116,60268228,300000000,KT - EX,13 a 24 meses,Servicios,Scale Up,Bogotá D.C.,4,Si,Si,866,6,Si,No,No,Si,47,Referrer,1,No,Si,62,No,2,1,2
530,5483,1387,LATE,27,34985638,140000000,KT - CO,13 a 24 meses,Servicios,Scale Up,Medellín,4,No,No,952,1,No,No,No,Si,35,Referrer,1,No,Si,14,Si,2,1,2
531,5487,1447,LATE,7,36092226,360000000,KT - CO,25 a 36 meses,Comercio,Scale Up,Bogotá D.C.,4,No,No,797,12,Si,No,No,Si,30,FriendOrColleague,5,No,Si,25,No,3,1,2
532,5506,1416,LATE,6,12921895,40000000,CR ,13 a 24 meses,Servicios,Seed,Medellín,4,Si,Si,974,2,Si,No,No,Si,42,Fenalco,1,No,No,24,No,3,1,2
533,5551,1386,PAID,0,30307198,100000000,KT - CO,13 a 24 meses,Servicios,Growth,Bogotá D.C.,5,Si,Si,925,31,Si,Si,Si,Si,74,CreditProfessionalContact,4,No,Si,255,No,1,1,2
534,5555,1455,LATE,85,17766810,70000000,KT - EX,13 a 24 meses,Servicios,Venture,Bogotá D.C.,3,Si,Si,875,0,Si,No,No,No,25,CommunicationMedia,3,No,Si,15,Si,1,1,2
535,5567,1378,LATE,508,0,100000000,KT - CO,13 a 24 meses,Servicios,Venture,Bogotá D.C.,4,No,No,869,7,Si,No,No,No,29,Fenalco,1,No,Si,15,Si,3,1,2
536,5573,1401,LATE,35,48367878,150000000,KT - EX,13 a 24 meses,Servicios,Venture,Bogotá D.C.,4,No,No,920,1,Si,Si,No,No,44,Referrer,1,No,No,8,No,1,1,2
537,5592,1395,PAID,1,45458114,150000000,KT - CO,13 a 24 meses,Comercio,Seed,Bogotá D.C.,6,No,No,872,3,No,No,No,No,36,Referrer,2,No,Si,6,No,2,1,2
538,5622,1413,PAID,12,9203287,30000000,CR ,13 a 24 meses,Comercio,Seed,Bogotá D.C.,5,No,No,940,1,No,No,No,Si,41,Referrer,1,No,No,4,Si,2,1,2
539,5629,1412,LATE,333,1534373,30000000,KT - CO,13 a 24 meses,Comercio,Seed,Medellín,5,Si,Si,859,3,No,No,No,No,63,FriendOrColleague,1,No,Si,6,Si,3,1,2
540,5652,1464,PAID,0,19365563,50000000,KT - EX,13 a 24 meses,Servicios,Seed,Bogotá D.C.,6,No,No,945,2,Si,No,No,No,40,CommunicationMedia,2,No,Si,8,No,2,1,2
541,5658,1396,LATE,1,45718969,250000000,CR ,25 a 36 meses,Servicios,Scale Up,Barranquilla,3,No,No,934,4,No,No,No,No,42,Referrer,1,No,No,14,No,1,1,2
542,5674,1430,PAID,1,30516154,100000000,CR ,13 a 24 meses,Comercio,Scale Up,Bucaramanga,4,No,Si,883,12,No,No,No,Si,24,Referrer,3,No,Si,8,No,1,1,2
543,5680,1417,LATE,85,25115345,100000000,SP,13 a 24 meses,Servicios,Seed,Bogotá D.C.,3,Si,Si,947,1,Si,Si,Si,Si,40,CreditProfessionalContact,1,Si,Si,9,No,1,1,2
544,5692,1399,LATE,63,95941569,420000000,KT - EX,13 a 24 meses,Servicios,Scale Up,Bogotá D.C.,4,No,No,925,8,Si,No,No,No,42,Internet,2,No,Si,52,No,3,1,2
545,5713,1451,LATE,16,54869282,300000000,CR ,25 a 36 meses,Comercio,Growth,Medellín,6,No,No,925,11,Si,Si,Si,Si,71,Referrer,6,No,No,100,Si,5,1,2
546,5721,1479,LATE,143,19255867,75000000,KT - EX,13 a 24 meses,Servicios,Seed,Pereira,4,Si,Si,0,0,Si,No,No,Si,48,SocialNetworks,1,No,No,4,Si,1,0,0
547,5750,1438,PAID,4,25007232,115000000,KT - CO,Menos de 12 meses,Servicios,Seed,Rionegro,5,No,Si,664,5,No,No,No,No,60,SocialNetworks,2,No,No,13,No,1,1,1
548,5769,1443,LATE,299,30445876,200000000,CR ,13 a 24 meses,Servicios,Growth,Medellín,4,No,No,915,7,No,No,No,No,37,FriendOrColleague,1,No,Si,8,No,1,1,2
549,5795,1425,LATE,39,37665771,150000000,KT - CO,13 a 24 meses,Servicios,Venture,Medellín,3,No,No,920,5,No,Si,No,Si,28,Referrer,1,No,Si,32,No,2,1,2
550,5806,1415,LATE,96,15235705,90000000,CR ,13 a 24 meses,Servicios,Seed,Bogotá D.C.,4,No,No,896,5,No,No,No,No,44,Referrer,1,No,No,8,No,0,1,2
551,5821,1431,PAID,16,15497414,90000000,KT - EX,13 a 24 meses,Servicios,Seed,Medellín,4,No,No,923,1,Si,Si,No,No,30,Referrer,1,No,No,4,No,0,1,2
552,5828,1475,PAID,0,21187947,70000000,KT - CO,13 a 24 meses,Servicios,Seed,Bogotá D.C.,3,No,No,933,0,Si,No,No,Si,42,FriendOrColleague,2,No,No,1,Si,1,1,2
553,5832,1426,PAID,2,38426287,100000000,KT - CO,13 a 24 meses,Industria,Venture,Bogotá D.C.,4,No,No,879,8,Si,No,No,No,49,CreditProfessionalContact,2,No,Si,25,No,2,1,2
554,5951,1462,LATE,49,7518139,30000000,CR ,13 a 24 meses,Servicios,Seed,Bogotá D.C.,4,No,No,980,2,No,No,No,No,46,FriendOrColleague,2,No,Si,4,No,0,1,2
555,5958,1441,PAID,0,22236876,40000000,SP,Menos de 12 meses,Servicios,Seed,Bogotá D.C.,6,Si,Si,960,2,Si,Si,Si,Si,37,CommunicationMedia,1,No,No,12,No,1,1,2
556,6008,1493,LATE,53,55401283,150000000,KT - CO,Menos de 12 meses,Servicios,Seed,Bogotá D.C.,5,No,No,867,2,Si,Si,Si,Si,37,SocialNetworks,2,No,Si,6,Si,1,1,2
557,6069,1474,PAID,3,11715482,30000000,KT - CO,13 a 24 meses,Comercio,Seed,Medellín,2,No,No,0,2,No,No,No,No,23,CommunicationMedia,2,No,No,2,Si,0,0,0
558,6115,1454,LATE,46,32262704,70000000,KT - EX,Menos de 12 meses,Servicios,Seed,Bogotá D.C.,6,No,Si,951,1,Si,Si,No,Si,42,FriendOrColleague,1,No,No,4,No,1,1,2
559,6183,1470,LATE,24,75246006,300000000,CR ,13 a 24 meses,Servicios,Venture,Bogotá D.C.,5,No,Si,829,7,Si,No,Si,No,39,Referrer,2,No,Si,10,Si,2,1,2
560,6202,1491,LATE,82,9678233,30000000,KT - EX,13 a 24 meses,Comercio,Seed,Bogotá D.C.,6,No,No,907,4,Si,Si,No,Si,30,Internet,2,Si,Si,10,Si,1,1,2
561,6267,1466,PAID,2,45300752,150000000,KT - EX,13 a 24 meses,Servicios,Venture,Bogotá D.C.,5,No,No,870,10,Si,No,No,No,31,FriendOrColleague,3,No,Si,23,Si,6,1,2
562,6276,1461,PAID,0,19400129,50000000,KT - CO,13 a 24 meses,Servicios,Venture,Bogotá D.C.,3,No,No,956,2,No,No,No,No,58,CreditProfessionalContact,1,No,Si,6,No,2,1,2
563,6289,1456,PAID,9,27813266,50000000,KT - CO,Menos de 12 meses,Servicios,Seed,Bogotá D.C.,3,No,No,964,1,No,Si,No,Si,36,CreditProfessionalContact,2,No,No,7,Si,3,1,2
564,6313,1473,PAID,8,11605229,30000000,KT - CO,13 a 24 meses,Servicios,Venture,Bogotá D.C.,5,No,Si,925,1,Si,No,No,No,48,Internet,1,No,No,1,Si,1,1,2
565,6328,1489,LATE,90,12758503,50000000,KT - CO,13 a 24 meses,Servicios,Seed,Bogotá D.C.,5,No,No,0,1,Si,No,No,No,45,Internet,1,No,No,2,No,0,0,0
566,6361,1480,PAID,10,9065756,30000000,SP,13 a 24 meses,Servicios,Venture,Bogotá D.C.,3,No,Si,959,1,Si,No,No,No,40,Internet,2,No,Si,3,Si,1,1,2
567,6385,1476,LATE,152,32829690,300000000,KT - EX,25 a 36 meses,Servicios,Growth,Medellín,4,No,No,920,8,Si,Si,Si,Si,54,SocialNetworks,1,No,Si,30,Si,4,1,2
568,6498,1477,LATE,109,10219933,40000000,KT - EX,13 a 24 meses,Servicios,Seed,Bogotá D.C.,3,No,No,664,3,No,No,No,No,59,CreditProfessionalContact,1,No,Si,5,No,0,1,1
569,6505,1502,LATE,11,44172685,205000000,KT - CO,13 a 24 meses,Comercio,Seed,Medellín,4,Si,No,743,5,Si,No,No,No,44,SocialNetworks,2,No,Si,7,No,0,1,1
570,6526,1490,LATE,99,20352196,100000000,KT - CO,13 a 24 meses,Industria,Venture,Bogotá D.C.,3,No,No,937,3,No,No,No,No,31,Internet,2,No,Si,20,No,1,1,2
571,6663,1488,LATE,88,15288351,60000000,KT - CO,13 a 24 meses,Servicios,Seed,Bogotá D.C.,4,No,Si,934,5,Si,Si,No,Si,38,CommunicationMedia,2,No,Si,9,Si,3,1,2
572,6734,1499,LATE,29,16038476,50000000,KT - CO,13 a 24 meses,Servicios,Seed,Bogotá D.C.,5,No,No,967,2,Si,Si,No,Si,39,SocialNetworks,2,No,Si,6,No,0,1,2
573,6982,1503,LATE,4,36277437,200000000,KT - EX,25 a 36 meses,Servicios,Venture,Bogotá D.C.,4,No,Si,892,5,Si,No,Si,Si,38,CommunicationMedia,1,No,Si,18,No,3,1,2
574,7008,1593,LATE,57,23829284,130000000,CR ,25 a 36 meses,Servicios,Venture,Bogotá D.C.,4,No,No,911,2,No,No,No,No,35,Internet,3,Si,Si,14,No,5,1,2
575,7145,1492,PAID,0,85184813,400000000,KT - EX,25 a 36 meses,Servicios,Venture,Medellín,6,No,Si,920,2,Si,Si,No,Si,38,SocialNetworks,2,Si,Si,12,No,9,1,2
576,7279,1595,LATE,1,16168099,50000000,KT - CO,13 a 24 meses,Servicios,Venture,Bogotá D.C.,3,No,No,226,8,Si,No,No,Si,56,Referrer,2,No,Si,6,No,0,0,0
