,state,arrears_days,total_paid,Monto Acumulado,Uso de los recursos,Plazo,Sector,Ingresos,Ubicación,Estrato Mínimo,Procesos judiciales,Alertas,Score Bureau Empresa,Huellas de Consulta,Website empresa,Instagram empresa,LinkedIn empresa,LinkedIn empresarios,Edad empresarios,Activador,Número de accionistas,Impacto,Acceso previso a la banca,# Empleados,Mujeres empresarias,Mujeres en cargos directivos,cluster_id_2,cluster_id_3
0,PAID,17,147915805,250000000,CR ,25 a 36 meses,Servicios,Seed,Medellín,5,No,No,925,8,Si,Si,Si,Si,45,Internet,2,No,Si,16,No,2,1,0
1,PAID,23,91852726,250000000,CR ,25 a 36 meses,Servicios,Seed,Medellín,5,No,No,925,8,Si,Si,Si,Si,45,Internet,2,No,Si,16,No,2,1,1
2,PAID,14,15211138,50000000,KT - EX,13 a 24 meses,Servicios,Seed,Medellín,3,No,No,924,2,Si,No,Si,No,32,SocialNetworks,3,No,Si,3,No,0,1,1
3,PAID,64,8713879,40000000,SP,13 a 24 meses,Industria,Seed,Medellín,4,No,No,861,1,Si,No,Si,Si,44,CreditProfessionalContact,2,No,Si,5,No,0,1,1
4,PAID,64,8102608,40000000,SP,13 a 24 meses,Industria,Seed,Medellín,4,No,No,861,1,Si,No,Si,Si,44,CreditProfessionalContact,2,No,Si,5,No,0,1,1
5,PAID,65,34013973,111491000,SP,Menos de 12 meses,Servicios,Seed,Medellín,4,No,No,951,0,No,No,No,No,49,CreditProfessionalContact,2,No,No,5,No,2,1,1
6,LATE,42,9890745,111491000,SP,Menos de 12 meses,Servicios,Seed,Medellín,4,No,No,951,0,No,No,No,No,49,CreditProfessionalContact,2,No,No,5,No,2,1,1
7,PAID,33,127943202,1299370581,KT - CO,Menos de 12 meses,Industria,Venture,Envigado,5,No,Si,810,20,Si,Si,Si,Si,24,Other,3,No,Si,22,No,0,0,0
8,PAID,1,91401252,1299370581,KT - CO,Menos de 12 meses,Industria,Venture,Envigado,5,No,Si,810,20,Si,Si,Si,Si,24,Other,3,No,Si,22,No,0,0,0
9,PAID,0,69718610,1299370581,KT - CO,Menos de 12 meses,Industria,Venture,Envigado,5,No,Si,810,20,Si,Si,Si,Si,24,Other,3,No,Si,22,No,0,0,0
10,PAID,0,156686604,1299370581,KT - CO,Menos de 12 meses,Industria,Venture,Envigado,5,No,Si,810,20,Si,Si,Si,Si,24,Other,3,No,Si,22,No,0,0,0
11,PAID,0,108148102,110000000,KT - EX,Más de 37 meses,Servicios,Seed,Medellín,6,No,No,885,1,No,No,No,No,41,FriendOrColleague,2,No,Si,20,No,3,1,1
12,LATE,95,43921726,675000000,CR ,25 a 36 meses,Industria,Venture,Bogotá D.C.,5,No,No,891,9,Si,Si,No,No,37,FriendOrColleague,2,No,Si,146,Si,0,0,0
13,PAID,53,5184642,675000000,CR ,25 a 36 meses,Industria,Venture,Bogotá D.C.,5,No,No,891,9,Si,Si,No,No,37,FriendOrColleague,2,No,Si,146,Si,0,0,0
14,PAID,0,153491420,150000000,CR ,13 a 24 meses,Servicios,Scale Up,Medellín,4,No,No,933,7,Si,Si,Si,Si,40,CreditProfessionalContact,5,No,Si,42,No,0,1,0
15,PAID,2,55041196,700000000,KT - CO,Menos de 12 meses,Comercio,Venture,Bogotá D.C.,4,No,No,933,10,No,No,No,No,32,Newspapers,3,No,Si,8,Si,1,1,1
16,LATE,4,63816316,700000000,KT - CO,Menos de 12 meses,Comercio,Venture,Bogotá D.C.,4,No,No,933,10,No,No,No,No,32,Newspapers,3,No,Si,8,Si,1,1,1
17,LATE,4,68557372,700000000,KT - CO,Menos de 12 meses,Comercio,Venture,Bogotá D.C.,4,No,No,933,10,No,No,No,No,32,Newspapers,3,No,Si,8,Si,1,1,1
18,PAID,0,109740029,610000000,KT - CO,Menos de 12 meses,Servicios,Venture,Sabaneta,5,No,Si,891,14,No,No,No,Si,32,CreditProfessionalContact,1,No,Si,4,No,1,0,0
19,PAID,19,75420306,610000000,KT - CO,Menos de 12 meses,Servicios,Venture,Sabaneta,5,No,Si,891,14,No,No,No,Si,32,CreditProfessionalContact,1,No,Si,4,No,1,0,0
20,PAID,17,16304899,610000000,KT - CO,Menos de 12 meses,Servicios,Venture,Sabaneta,5,No,Si,891,14,No,No,No,Si,32,CreditProfessionalContact,1,No,Si,4,No,1,1,1
21,PAID,11,49378916,610000000,KT - CO,Menos de 12 meses,Servicios,Venture,Sabaneta,5,No,Si,891,14,No,No,No,Si,32,CreditProfessionalContact,1,No,Si,4,No,1,0,0
22,PAID,4,49228148,610000000,KT - CO,Menos de 12 meses,Servicios,Venture,Sabaneta,5,No,Si,891,14,No,No,No,Si,32,CreditProfessionalContact,1,No,Si,4,No,1,0,0
23,PAID,1,26031488,220000000,KT - EX,Menos de 12 meses,Servicios,Venture,Medellín,4,No,No,931,2,Si,No,No,No,42,FriendOrColleague,3,No,Si,185,No,0,1,1
24,PAID,1,54693470,220000000,KT - EX,Menos de 12 meses,Servicios,Venture,Medellín,4,No,No,931,2,Si,No,No,No,42,FriendOrColleague,3,No,Si,185,No,0,1,1
25,PAID,2,17747694,135000000,KT - EX,Menos de 12 meses,Servicios,Venture,Medellín,5,No,No,883,1,Si,Si,Si,No,37,CreditProfessionalContact,1,No,No,4,No,0,1,1
26,PAID,11,36806539,135000000,KT - EX,Menos de 12 meses,Servicios,Venture,Medellín,5,No,No,883,1,Si,Si,Si,No,37,CreditProfessionalContact,1,No,No,4,No,0,1,1
27,LATE,189,25368907,100000000,KT - EX,13 a 24 meses,Servicios,Venture,Bogotá D.C.,5,No,No,901,4,Si,No,No,No,35,Internet,3,No,Si,22,No,1,1,1
28,PAID,41,14972404,100000000,KT - EX,13 a 24 meses,Servicios,Venture,Bogotá D.C.,5,No,No,901,4,Si,No,No,No,35,Internet,3,No,Si,22,No,1,1,1
29,LATE,59,36566538,200000000,KT - EX,25 a 36 meses,Industria,Venture,Medellín,4,Si,No,882,3,Si,Si,Si,Si,48,Internet,2,No,Si,16,No,1,1,1
30,LATE,217,19939097,200000000,KT - EX,25 a 36 meses,Industria,Venture,Medellín,4,Si,No,882,3,Si,Si,Si,Si,48,Internet,2,No,Si,16,No,1,1,1
31,PAID,3,10407317,110000000,KT - CO,Menos de 12 meses,Servicios,Venture,Medellín,4,No,No,902,6,Si,No,No,No,32,FriendOrColleague,2,No,Si,10,Si,1,1,1
32,PAID,22,27087586,30000000,SP,25 a 36 meses,Industria,Venture,Itagüí,4,Si,No,892,4,No,Si,No,No,35,CreditProfessionalContact,2,No,Si,8,No,2,1,1
33,PAID,20,38658707,350000000,KT - CO,Menos de 12 meses,Servicios,Scale Up,Medellín,4,Si,No,862,10,Si,Si,No,No,39,CreditProfessionalContact,2,No,Si,35,Si,0,1,1
34,PAID,18,27559185,350000000,KT - CO,Menos de 12 meses,Servicios,Scale Up,Medellín,4,Si,No,862,10,Si,Si,No,No,39,CreditProfessionalContact,2,No,Si,35,Si,0,1,1
35,PAID,0,38103713,630000000,KT - EX,Menos de 12 meses,Servicios,Scale Up,Bogotá D.C.,5,No,No,881,7,Si,No,No,No,37,Other,4,No,Si,32,No,3,1,0
36,PAID,2,82577251,630000000,KT - EX,Menos de 12 meses,Servicios,Scale Up,Bogotá D.C.,5,No,No,881,7,Si,No,No,No,37,Other,4,No,Si,32,No,3,0,0
37,PAID,32,296718260,630000000,KT - EX,Menos de 12 meses,Servicios,Scale Up,Bogotá D.C.,5,No,No,881,7,Si,No,No,No,37,Other,4,No,Si,32,No,3,0,0
38,PAID,0,15257019,170000000,KT - CO,13 a 24 meses,Servicios,Seed,Medellín,3,No,No,780,1,No,No,No,No,31,CreditProfessionalContact,3,No,No,2,No,2,1,1
39,PAID,16,15358471,170000000,KT - CO,13 a 24 meses,Servicios,Seed,Medellín,3,No,No,780,1,No,No,No,No,31,CreditProfessionalContact,3,No,No,2,No,2,1,1
40,PAID,15,27801393,260000000,KT - EX,Menos de 12 meses,Industria,Venture,Bogotá D.C.,3,No,Si,898,16,Si,No,Si,No,55,FriendOrColleague,4,No,No,8,Si,1,1,1
41,PAID,16,11313722,260000000,KT - EX,Menos de 12 meses,Industria,Venture,Bogotá D.C.,3,No,Si,898,16,Si,No,Si,No,55,FriendOrColleague,4,No,No,8,Si,1,1,1
42,PAID,30,19386985,260000000,KT - EX,Menos de 12 meses,Industria,Venture,Bogotá D.C.,3,No,Si,898,16,Si,No,Si,No,55,FriendOrColleague,4,No,No,8,Si,1,1,1
43,PAID,27,15208314,260000000,KT - EX,Menos de 12 meses,Industria,Venture,Bogotá D.C.,3,No,Si,898,16,Si,No,Si,No,55,FriendOrColleague,4,No,No,8,Si,1,1,1
44,LATE,257,25022334,300000000,KT - EX,13 a 24 meses,Servicios,Scale Up,Medellín,4,No,No,808,7,No,No,No,No,25,Internet,2,No,Si,111,No,4,1,2
45,LATE,187,50078645,300000000,KT - EX,13 a 24 meses,Servicios,Scale Up,Medellín,4,No,No,808,7,No,No,No,No,25,Internet,2,No,Si,111,No,4,1,1
46,PAID,0,61843053,274341316,KT - EX,Menos de 12 meses,Servicios,Seed,Bogotá D.C.,6,Si,No,878,1,Si,Si,Si,Si,41,Other,2,No,Si,4,No,1,1,1
47,PAID,21,46448764,274341316,KT - EX,Menos de 12 meses,Servicios,Seed,Bogotá D.C.,6,Si,No,878,1,Si,Si,Si,Si,41,Other,2,No,Si,4,No,1,1,1
48,PAID,0,42150770,274341316,KT - EX,Menos de 12 meses,Servicios,Seed,Bogotá D.C.,6,Si,No,878,1,Si,Si,Si,Si,41,Other,2,No,Si,4,No,1,1,1
49,LATE,622,0,100000000,CR ,13 a 24 meses,Servicios,Seed,La Ceja,4,Si,No,939,0,No,No,No,No,45,Internet,1,No,No,20,No,1,1,2
50,PAID,28,69918220,420000000,KT - CO,13 a 24 meses,Industria,Venture,Medellín,4,No,No,760,2,No,No,No,Si,38,FriendOrColleague,3,No,Si,7,No,0,1,1
51,PAID,8,38283469,420000000,KT - CO,13 a 24 meses,Industria,Venture,Medellín,4,No,No,760,2,No,No,No,Si,38,FriendOrColleague,3,No,Si,7,No,0,1,1
52,PAID,29,31486760,420000000,KT - CO,13 a 24 meses,Industria,Venture,Medellín,4,No,No,760,2,No,No,No,Si,38,FriendOrColleague,3,No,Si,7,No,0,1,1
53,PAID,4,60209243,130000000,KT - CO,25 a 36 meses,Industria,Seed,Medellín,6,No,No,933,2,No,Si,No,Si,31,FriendOrColleague,2,No,No,3,No,2,1,1
54,PAID,0,56907320,130000000,KT - CO,25 a 36 meses,Industria,Seed,Medellín,6,No,No,933,2,No,Si,No,Si,31,FriendOrColleague,2,No,No,3,No,2,1,1
55,LATE,216,11729187,600000000,CR ,Más de 37 meses,Industria,Growth,La Estrella,4,No,No,659,20,Si,Si,Si,Si,46,CreditProfessionalContact,5,No,Si,100,No,4,0,2
56,LATE,210,35188037,600000000,CR ,Más de 37 meses,Industria,Growth,La Estrella,4,No,No,659,20,Si,Si,Si,Si,46,CreditProfessionalContact,5,No,Si,100,No,4,0,2
57,LATE,210,11729134,600000000,CR ,Más de 37 meses,Industria,Growth,La Estrella,4,No,No,659,20,Si,Si,Si,Si,46,CreditProfessionalContact,5,No,Si,100,No,4,0,2
58,LATE,210,11729319,600000000,CR ,Más de 37 meses,Industria,Growth,La Estrella,4,No,No,659,20,Si,Si,Si,Si,46,CreditProfessionalContact,5,No,Si,100,No,4,0,2
59,LATE,613,0,600000000,CR ,Más de 37 meses,Industria,Growth,La Estrella,4,No,No,659,20,Si,Si,Si,Si,46,CreditProfessionalContact,5,No,Si,100,No,4,0,2
60,LATE,613,0,600000000,CR ,Más de 37 meses,Industria,Growth,La Estrella,4,No,No,659,20,Si,Si,Si,Si,46,CreditProfessionalContact,5,No,Si,100,No,4,0,2
61,LATE,613,0,600000000,CR ,Más de 37 meses,Industria,Growth,La Estrella,4,No,No,659,20,Si,Si,Si,Si,46,CreditProfessionalContact,5,No,Si,100,No,4,0,2
62,LATE,613,0,600000000,CR ,Más de 37 meses,Industria,Growth,La Estrella,4,No,No,659,20,Si,Si,Si,Si,46,CreditProfessionalContact,5,No,Si,100,No,4,0,2
63,PAID,0,27650252,375000000,KT - EX,Menos de 12 meses,Servicios,Seed,Medellín,5,No,No,933,2,Si,No,No,Si,43,CreditProfessionalContact,2,Si,No,3,No,0,1,1
64,PAID,0,27639888,375000000,KT - EX,Menos de 12 meses,Servicios,Seed,Medellín,5,No,No,933,2,Si,No,No,Si,43,CreditProfessionalContact,2,Si,No,3,No,0,1,1
65,PAID,1,22650436,375000000,KT - EX,Menos de 12 meses,Servicios,Seed,Medellín,5,No,No,933,2,Si,No,No,Si,43,CreditProfessionalContact,2,Si,No,3,No,0,1,1
66,PAID,0,100204762,950000000,SP,Menos de 12 meses,Industria,Seed,Medellín,4,No,No,901,2,Si,No,No,No,42,CreditProfessionalContact,1,No,No,35,No,0,1,1
67,PAID,0,68122928,950000000,SP,Menos de 12 meses,Industria,Seed,Medellín,4,No,No,901,2,Si,No,No,No,42,CreditProfessionalContact,1,No,No,35,No,0,1,1
68,PAID,0,70212020,950000000,SP,Menos de 12 meses,Industria,Seed,Medellín,4,No,No,901,2,Si,No,No,No,42,CreditProfessionalContact,1,No,No,35,No,0,1,1
69,PAID,0,62651300,320000000,KT - CO,Menos de 12 meses,Servicios,Scale Up,Medellín,4,No,No,937,0,Si,No,No,Si,36,Other,3,No,Si,35,No,2,1,1
70,PAID,6,17618312,110000000,KT - EX,13 a 24 meses,Servicios,Seed,Medellín,5,No,No,0,0,No,Si,No,No,35,FriendOrColleague,2,No,No,4,No,0,1,1
71,PAID,35,257480344,300000000,SP,Más de 37 meses,Comercio,Venture,Medellín,6,No,No,929,5,Si,Si,No,No,46,CreditProfessionalContact,5,Si,Si,7,No,1,0,0
72,PAID,0,32917657,380000000,KT - EX,Menos de 12 meses,Servicios,Seed,Bogotá D.C.,5,No,Si,201,11,Si,Si,Si,Si,29,FriendOrColleague,5,No,Si,13,No,1,1,1
73,PAID,179,16908747,380000000,KT - EX,Menos de 12 meses,Servicios,Seed,Bogotá D.C.,5,No,Si,201,11,Si,Si,Si,Si,29,FriendOrColleague,5,No,Si,13,No,1,1,1
74,PAID,73,23349938,136500000,CR ,Menos de 12 meses,Servicios,Venture,Bogotá D.C.,5,No,No,790,5,Si,Si,Si,Si,30,Newspapers,1,No,Si,35,No,2,1,1
75,PAID,81,17384531,136500000,CR ,Menos de 12 meses,Servicios,Venture,Bogotá D.C.,5,No,No,790,5,Si,Si,Si,Si,30,Newspapers,1,No,Si,35,No,2,1,1
76,PAID,53,16705143,120000000,KT - CO,Menos de 12 meses,Servicios,Seed,Medellín,5,No,No,561,4,Si,No,No,No,44,CreditProfessionalContact,3,No,Si,13,No,4,1,1
77,PAID,0,38279458,80000000,KT - CO,Menos de 12 meses,Servicios,Seed,Bogotá D.C.,5,No,No,949,1,Si,Si,Si,Si,27,Newspapers,3,No,No,14,No,0,1,1
78,PAID,3,14688134,80000000,KT - CO,Menos de 12 meses,Servicios,Seed,Bogotá D.C.,5,No,No,949,1,Si,Si,Si,Si,27,Newspapers,3,No,No,14,No,0,1,1
79,PAID,16,38490732,380000000,KT - CO,13 a 24 meses,Servicios,Scale Up,Medellín,4,Si,No,904,15,No,Si,Si,No,38,CreditProfessionalContact,2,No,No,32,Si,2,1,1
80,PAID,20,53310826,380000000,KT - CO,13 a 24 meses,Servicios,Scale Up,Medellín,4,Si,No,904,15,No,Si,Si,No,38,CreditProfessionalContact,2,No,No,32,Si,2,1,1
81,LATE,80,12581410,50000000,KT - CO,13 a 24 meses,Servicios,Seed,Bogotá D.C.,5,No,No,570,7,Si,No,Si,Si,39,Internet,2,No,Si,5,No,1,1,1
82,PAID,2,38418415,200000000,KT - EX,13 a 24 meses,Servicios,Venture,Medellín,6,Si,No,295,2,Si,No,No,No,43,Newspapers,4,Si,Si,15,No,1,1,1
83,PAID,7,30151607,230000000,KT - EX,13 a 24 meses,Servicios,Venture,Medellín,6,No,No,807,6,Si,Si,No,No,43,FriendOrColleague,6,No,Si,20,No,1,1,1
84,PAID,1,9039250,230000000,KT - EX,13 a 24 meses,Servicios,Venture,Medellín,6,No,No,807,6,Si,Si,No,No,43,FriendOrColleague,6,No,Si,20,No,1,1,1
85,PAID,4,29926839,230000000,KT - EX,13 a 24 meses,Servicios,Venture,Medellín,6,No,No,807,6,Si,Si,No,No,43,FriendOrColleague,6,No,Si,20,No,1,1,1
86,PAID,8,9138489,30000000,KT - CO,13 a 24 meses,Servicios,Seed,Medellín,3,No,No,957,1,Si,Si,No,No,29,Internet,2,No,No,6,Si,1,1,1
87,PAID,0,61373292,200000000,KT - CO,13 a 24 meses,Servicios,Venture,Neiva,4,No,Si,809,7,Si,No,No,Si,33,FriendOrColleague,5,Si,Si,12,Si,6,1,1
88,PAID,115,23311264,110000000,KT - EX,13 a 24 meses,Servicios,Seed,Bogotá D.C.,6,No,No,911,4,Si,Si,Si,Si,31,Internet,2,No,Si,21,No,6,1,1
89,LATE,39,16070489,110000000,KT - EX,13 a 24 meses,Servicios,Seed,Bogotá D.C.,6,No,No,911,4,Si,Si,Si,Si,31,Internet,2,No,Si,21,No,6,1,1
90,PAID,193,15660125,40000000,KT - CO,13 a 24 meses,Servicios,Seed,Medellín,3,No,No,876,4,Si,No,Si,Si,63,FriendOrColleague,1,No,Si,14,Si,2,1,1
91,PAID,4,16590701,30000000,CR ,Menos de 12 meses,Servicios,Seed,Bogotá D.C.,4,No,No,967,2,No,Si,Si,No,40,Internet,5,No,No,6,No,1,1,1
92,PAID,5,242274953,1150000000,SP,13 a 24 meses,Industria,Scale Up,Bogotá D.C.,4,No,Si,933,21,Si,No,Si,Si,33,Internet,4,Si,Si,150,Si,6,0,0
93,PAID,8,91195322,1150000000,SP,13 a 24 meses,Industria,Scale Up,Bogotá D.C.,4,No,Si,933,21,Si,No,Si,Si,33,Internet,4,Si,Si,150,Si,6,0,0
94,PAID,5,24592287,80000000,KT - EX,13 a 24 meses,Servicios,Seed,Bogotá D.C.,3,No,No,729,2,Si,Si,Si,Si,38,Internet,4,No,Si,8,No,0,1,1
95,PAID,1,186955232,330000000,KT - CO,Menos de 12 meses,Servicios,Growth,Bogotá D.C.,4,No,No,929,11,Si,No,Si,Si,59,FriendOrColleague,3,No,Si,120,No,4,0,0
96,LATE,313,13160472,50000000,SP,13 a 24 meses,Servicios,Seed,Medellín,6,No,No,861,3,Si,No,No,Si,32,FriendOrColleague,2,No,Si,10,No,1,1,1
97,PAID,1,36070718,290000000,SP,13 a 24 meses,Servicios,Venture,Bogotá D.C.,5,No,No,925,9,Si,Si,Si,No,41,Internet,2,No,Si,40,No,4,1,1
98,PAID,26,16707869,110000000,KT - EX,Menos de 12 meses,Servicios,Seed,Bogotá D.C.,5,No,Si,920,1,Si,No,Si,No,32,Internet,3,No,Si,8,No,2,1,1
99,PAID,1,16535793,110000000,KT - EX,Menos de 12 meses,Servicios,Seed,Bogotá D.C.,5,No,Si,920,1,Si,No,Si,No,32,Internet,3,No,Si,8,No,2,1,1
100,PAID,10,12090536,90000000,KT - EX,13 a 24 meses,Servicios,Seed,Envigado,3,No,No,951,2,No,Si,Si,No,31,FriendOrColleague,2,No,No,22,Si,2,1,1
101,PAID,0,21655336,407000000,KT - CO,25 a 36 meses,Comercio,Venture,Bogotá D.C.,5,No,No,929,13,No,Si,No,No,57,Internet,2,No,Si,18,No,1,1,1
102,PAID,0,162125908,407000000,KT - CO,25 a 36 meses,Comercio,Venture,Bogotá D.C.,5,No,No,929,13,No,Si,No,No,57,Internet,2,No,Si,18,No,1,0,0
103,PAID,0,10791618,407000000,KT - CO,25 a 36 meses,Comercio,Venture,Bogotá D.C.,5,No,No,929,13,No,Si,No,No,57,Internet,2,No,Si,18,No,1,1,1
104,LATE,210,19192558,230000000,KT - EX,13 a 24 meses,Industria,Venture,Medellín,4,No,Si,632,8,No,No,Si,Si,34,Internet,1,Si,Si,35,No,2,1,2
105,LATE,222,20390108,230000000,KT - EX,13 a 24 meses,Industria,Venture,Medellín,4,No,Si,632,8,No,No,Si,Si,34,Internet,1,Si,Si,35,No,2,1,2
106,PAID,0,128196078,300000000,KT - CO,25 a 36 meses,Servicios,Venture,Medellín,6,Si,No,925,14,Si,Si,Si,Si,38,Other,4,No,Si,50,No,1,0,0
107,LATE,470,0,300000000,KT - CO,25 a 36 meses,Servicios,Venture,Medellín,6,Si,No,925,14,Si,Si,Si,Si,38,Other,4,No,Si,50,No,1,0,2
108,PAID,64,24380864,120000000,KT - EX,Menos de 12 meses,Servicios,Seed,Bogotá D.C.,5,No,No,955,2,Si,Si,Si,Si,44,Internet,2,No,Si,26,Si,3,1,1
109,PAID,60,21977094,120000000,KT - EX,Menos de 12 meses,Servicios,Seed,Bogotá D.C.,5,No,No,955,2,Si,Si,Si,Si,44,Internet,2,No,Si,26,Si,3,1,1
110,PAID,147,15721765,30000000,SP,13 a 24 meses,Industria,Seed,Medellín,4,No,No,45,3,Si,Si,No,Si,36,Other,4,No,Si,10,No,1,1,1
111,PAID,6,54364691,1030000000,KT - EX,Menos de 12 meses,Industria,Growth,La Estrella,3,No,Si,929,33,Si,No,No,Si,47,Other,2,No,Si,15,No,1,0,2
112,LATE,484,22756137,1030000000,KT - EX,Menos de 12 meses,Industria,Growth,La Estrella,3,No,Si,929,33,Si,No,No,Si,47,Other,2,No,Si,15,No,1,0,2
113,PAID,92,38524047,1030000000,KT - EX,Menos de 12 meses,Industria,Growth,La Estrella,3,No,Si,929,33,Si,No,No,Si,47,Other,2,No,Si,15,No,1,0,2
114,PAID,26,37713694,1030000000,KT - EX,Menos de 12 meses,Industria,Growth,La Estrella,3,No,Si,929,33,Si,No,No,Si,47,Other,2,No,Si,15,No,1,0,2
115,LATE,641,6525686,1030000000,KT - EX,Menos de 12 meses,Industria,Growth,La Estrella,3,No,Si,929,33,Si,No,No,Si,47,Other,2,No,Si,15,No,1,0,2
116,PAID,100,38558906,1030000000,KT - EX,Menos de 12 meses,Industria,Growth,La Estrella,3,No,Si,929,33,Si,No,No,Si,47,Other,2,No,Si,15,No,1,0,2
117,PAID,38,37736602,1030000000,KT - EX,Menos de 12 meses,Industria,Growth,La Estrella,3,No,Si,929,33,Si,No,No,Si,47,Other,2,No,Si,15,No,1,0,2
118,LATE,563,0,1030000000,KT - EX,Menos de 12 meses,Industria,Growth,La Estrella,3,No,Si,929,33,Si,No,No,Si,47,Other,2,No,Si,15,No,1,0,2
119,LATE,540,0,1030000000,KT - EX,Menos de 12 meses,Industria,Growth,La Estrella,3,No,Si,929,33,Si,No,No,Si,47,Other,2,No,Si,15,No,1,0,2
120,LATE,529,0,1030000000,KT - EX,Menos de 12 meses,Industria,Growth,La Estrella,3,No,Si,929,33,Si,No,No,Si,47,Other,2,No,Si,15,No,1,0,2
121,LATE,293,25483419,600000000,KT - EX,13 a 24 meses,Industria,Venture,Itagüí,5,No,No,651,14,Si,Si,No,Si,53,Other,2,No,Si,10,No,2,0,2
122,LATE,284,25409711,600000000,KT - EX,13 a 24 meses,Industria,Venture,Itagüí,5,No,No,651,14,Si,Si,No,Si,53,Other,2,No,Si,10,No,2,0,2
123,LATE,278,25360068,600000000,KT - EX,13 a 24 meses,Industria,Venture,Itagüí,5,No,No,651,14,Si,Si,No,Si,53,Other,2,No,Si,10,No,2,0,2
124,LATE,282,25404867,600000000,KT - EX,13 a 24 meses,Industria,Venture,Itagüí,5,No,No,651,14,Si,Si,No,Si,53,Other,2,No,Si,10,No,2,0,2
125,LATE,295,9263848,600000000,KT - EX,13 a 24 meses,Industria,Venture,Itagüí,5,No,No,651,14,Si,Si,No,Si,53,Other,2,No,Si,10,No,2,0,2
126,LATE,290,9258444,600000000,KT - EX,13 a 24 meses,Industria,Venture,Itagüí,5,No,No,651,14,Si,Si,No,Si,53,Other,2,No,Si,10,No,2,0,2
127,PAID,69,52330925,600000000,KT - EX,13 a 24 meses,Industria,Venture,Itagüí,5,No,No,651,14,Si,Si,No,Si,53,Other,2,No,Si,10,No,2,0,0
128,PAID,69,59126057,600000000,KT - EX,13 a 24 meses,Industria,Venture,Itagüí,5,No,No,651,14,Si,Si,No,Si,53,Other,2,No,Si,10,No,2,0,0
129,PAID,69,65879405,600000000,KT - EX,13 a 24 meses,Industria,Venture,Itagüí,5,No,No,651,14,Si,Si,No,Si,53,Other,2,No,Si,10,No,2,0,0
130,PAID,69,65444876,600000000,KT - EX,13 a 24 meses,Industria,Venture,Itagüí,5,No,No,651,14,Si,Si,No,Si,53,Other,2,No,Si,10,No,2,0,0
131,PAID,69,36133447,600000000,KT - EX,13 a 24 meses,Industria,Venture,Itagüí,5,No,No,651,14,Si,Si,No,Si,53,Other,2,No,Si,10,No,2,0,0
132,PAID,69,36042993,600000000,KT - EX,13 a 24 meses,Industria,Venture,Itagüí,5,No,No,651,14,Si,Si,No,Si,53,Other,2,No,Si,10,No,2,0,0
133,PAID,69,74660780,600000000,KT - EX,13 a 24 meses,Industria,Venture,Itagüí,5,No,No,651,14,Si,Si,No,Si,53,Other,2,No,Si,10,No,2,0,0
134,LATE,62,11393825,45000000,KT - EX,13 a 24 meses,Servicios,Seed,Bogotá D.C.,5,No,No,0,3,Si,No,Si,Si,50,Newspapers,1,No,Si,1,Si,1,1,1
135,PAID,6,11658905,130000000,KT - EX,13 a 24 meses,Comercio,Seed,Medellín,6,No,No,962,4,No,Si,Si,Si,30,Newspapers,1,No,No,9,No,2,1,1
136,PAID,8,19403202,130000000,KT - EX,13 a 24 meses,Comercio,Seed,Medellín,6,No,No,962,4,No,Si,Si,Si,30,Newspapers,1,No,No,9,No,2,1,1
137,PAID,0,2688273,130000000,KT - EX,13 a 24 meses,Servicios,Seed,Pereira,5,No,No,943,1,Si,No,Si,Si,33,FriendOrColleague,2,No,Si,6,Si,3,1,1
138,LATE,96,28136045,250000000,CR ,25 a 36 meses,Servicios,Seed,Bogotá D.C.,5,No,No,933,6,Si,Si,No,Si,35,FriendOrColleague,2,No,No,7,No,2,1,1
139,LATE,104,18709846,250000000,CR ,25 a 36 meses,Servicios,Seed,Bogotá D.C.,5,No,No,933,6,Si,Si,No,Si,35,FriendOrColleague,2,No,No,7,No,2,1,1
140,PAID,82,24654443,180000000,CR ,13 a 24 meses,Servicios,Seed,Bogotá D.C.,6,No,No,884,0,Si,Si,Si,Si,34,FriendOrColleague,2,No,No,16,No,0,1,1
141,PAID,8,25365367,180000000,CR ,13 a 24 meses,Servicios,Seed,Bogotá D.C.,6,No,No,884,0,Si,Si,Si,Si,34,FriendOrColleague,2,No,No,16,No,0,1,1
142,PAID,182,15293607,115000000,KT - CO,13 a 24 meses,Comercio,Venture,Medellín,3,No,No,906,3,No,Si,Si,Si,34,Other,3,No,Si,12,No,0,1,1
143,PAID,160,29156585,115000000,KT - CO,13 a 24 meses,Comercio,Venture,Medellín,3,No,No,906,3,No,Si,Si,Si,34,Other,3,No,Si,12,No,0,1,1
144,LATE,78,108874324,600000000,CR ,25 a 36 meses,Servicios,Venture,Bogotá D.C.,6,No,Si,920,18,Si,Si,Si,Si,57,Newspapers,5,No,Si,80,No,1,0,0
145,LATE,18,27495195,650000000,KT - EX,13 a 24 meses,Servicios,Growth,Bogotá D.C.,5,No,No,715,24,Si,Si,Si,No,31,Other,2,No,Si,25,No,1,0,0
146,PAID,21,9092571,650000000,KT - EX,13 a 24 meses,Servicios,Growth,Bogotá D.C.,5,No,No,715,24,Si,Si,Si,No,31,Other,2,No,Si,25,No,1,0,0
147,LATE,24,40336509,650000000,KT - EX,13 a 24 meses,Servicios,Growth,Bogotá D.C.,5,No,No,715,24,Si,Si,Si,No,31,Other,2,No,Si,25,No,1,0,0
148,LATE,13,18081724,650000000,KT - EX,13 a 24 meses,Servicios,Growth,Bogotá D.C.,5,No,No,715,24,Si,Si,Si,No,31,Other,2,No,Si,25,No,1,0,0
149,PAID,2,27255376,160500000,SP,Menos de 12 meses,Servicios,Seed,Medellín,5,No,Si,876,2,Si,Si,Si,Si,35,FriendOrColleague,1,No,Si,9,No,0,1,1
150,PAID,1,17053594,160500000,SP,Menos de 12 meses,Servicios,Seed,Medellín,5,No,Si,876,2,Si,Si,Si,Si,35,FriendOrColleague,1,No,Si,9,No,0,1,1
151,PAID,32,30190589,160500000,SP,Menos de 12 meses,Servicios,Seed,Medellín,5,No,Si,876,2,Si,Si,Si,Si,35,FriendOrColleague,1,No,Si,9,No,0,1,1
152,PAID,76,11674641,120000000,CR ,13 a 24 meses,Industria,Seed,Itagüí,5,No,No,954,1,Si,Si,No,Si,56,Internet,1,Si,Si,7,No,1,1,1
153,PAID,0,37614578,130000000,SP,13 a 24 meses,Industria,Seed,Medellín,6,No,No,876,2,Si,Si,No,Si,32,Other,2,No,No,14,Si,2,1,1
154,LATE,21,17477331,130000000,SP,13 a 24 meses,Industria,Seed,Medellín,6,No,No,876,2,Si,Si,No,Si,32,Other,2,No,No,14,Si,2,1,1
155,PAID,2,42138087,90000000,SP,Menos de 12 meses,Servicios,Venture,Bogotá D.C.,3,No,No,829,7,Si,No,Si,No,34,Newspapers,2,No,Si,70,No,4,1,1
156,PAID,3,26733266,60000000,SP,13 a 24 meses,Industria,Seed,Medellín,5,No,No,909,0,No,No,No,No,65,Newspapers,3,No,Si,10,No,1,1,1
157,PAID,3,29235576,60000000,SP,13 a 24 meses,Industria,Seed,Medellín,5,No,No,909,0,No,No,No,No,65,Newspapers,3,No,Si,10,No,1,1,1
158,PAID,0,116181102,450000000,KT - CO,13 a 24 meses,Servicios,Venture,Barranquilla,5,No,Si,908,12,No,Si,Si,Si,46,Other,4,No,Si,45,No,5,0,0
159,PAID,8,66628707,450000000,KT - EX,13 a 24 meses,Servicios,Venture,Bogotá D.C.,5,No,Si,964,4,Si,Si,Si,Si,43,FriendOrColleague,2,No,No,25,No,1,1,1
160,PAID,1,15054738,450000000,KT - EX,13 a 24 meses,Servicios,Venture,Bogotá D.C.,5,No,Si,964,4,Si,Si,Si,Si,43,FriendOrColleague,2,No,No,25,No,1,1,1
161,PAID,0,21763743,450000000,KT - EX,13 a 24 meses,Servicios,Venture,Bogotá D.C.,5,No,Si,964,4,Si,Si,Si,Si,43,FriendOrColleague,2,No,No,25,No,1,1,1
162,PAID,61,44467065,82410311,CR ,25 a 36 meses,Industria,Seed,Medellín,6,No,No,693,9,Si,Si,Si,Si,30,Other,4,No,No,25,No,3,1,1
163,PAID,90,21826860,82410311,CR ,25 a 36 meses,Industria,Seed,Medellín,6,No,No,693,9,Si,Si,Si,Si,30,Other,4,No,No,25,No,3,1,1
164,PAID,139,147410871,150000000,KT - EX,25 a 36 meses,Servicios,Seed,Medellín,4,No,No,938,1,Si,No,No,Si,34,Other,3,Si,Si,27,No,1,1,1
165,PAID,317,15614938,40000000,CR ,13 a 24 meses,Industria,Venture,Medellín,3,No,No,39,4,Si,Si,Si,Si,45,Internet,1,Si,No,10,No,0,1,2
166,LATE,518,0,40000000,CR ,13 a 24 meses,Industria,Venture,Medellín,3,No,No,39,4,Si,Si,Si,Si,45,Internet,1,Si,No,10,No,0,1,2
167,PAID,18,50181150,930000000,KT - CO,13 a 24 meses,Servicios,Seed,Envigado,4,No,No,864,5,Si,No,No,No,26,CreditProfessionalContact,2,No,Si,11,No,1,1,1
168,PAID,5,37822165,930000000,KT - CO,13 a 24 meses,Servicios,Seed,Envigado,4,No,No,864,5,Si,No,No,No,26,CreditProfessionalContact,2,No,Si,11,No,1,1,1
169,PAID,60,34465883,930000000,KT - CO,13 a 24 meses,Servicios,Seed,Envigado,4,No,No,864,5,Si,No,No,No,26,CreditProfessionalContact,2,No,Si,11,No,1,1,1
170,LATE,75,125564549,930000000,KT - CO,13 a 24 meses,Servicios,Seed,Envigado,4,No,No,864,5,Si,No,No,No,26,CreditProfessionalContact,2,No,Si,11,No,1,1,1
171,PAID,0,272476587,1200000000,KT - CO,Menos de 12 meses,Comercio,Growth,Medellín,4,Si,No,933,28,No,No,No,No,45,Other,1,No,Si,10,No,3,0,0
172,LATE,32,14136354,235000000,CR ,13 a 24 meses,Servicios,Seed,Bogotá D.C.,4,No,Si,851,3,No,No,Si,Si,37,FriendOrColleague,1,No,Si,25,Si,2,1,1
173,PAID,37,24395177,235000000,CR ,13 a 24 meses,Servicios,Seed,Bogotá D.C.,4,No,Si,851,3,No,No,Si,Si,37,FriendOrColleague,1,No,Si,25,Si,2,1,1
174,PAID,1,17354618,160000000,SP,Menos de 12 meses,Servicios,Venture,Medellín,4,No,No,888,4,Si,Si,No,No,66,Newspapers,2,No,Si,35,Si,3,1,1
175,PAID,1,21809992,160000000,SP,Menos de 12 meses,Servicios,Venture,Medellín,4,No,No,888,4,Si,Si,No,No,66,Newspapers,2,No,Si,35,Si,3,1,1
176,PAID,0,65617374,550000000,KT - CO,13 a 24 meses,Industria,Scale Up,Medellín,4,No,No,929,9,No,No,No,Si,42,Other,4,No,Si,40,No,3,0,0
177,PAID,0,44931692,550000000,KT - CO,13 a 24 meses,Industria,Scale Up,Medellín,4,No,No,929,9,No,No,No,Si,42,Other,4,No,Si,40,No,3,0,0
178,PAID,0,99631827,300000000,KT - EX,25 a 36 meses,Comercio,Seed,Bogotá D.C.,5,No,No,861,1,No,No,No,No,41,Internet,2,No,No,5,No,0,1,1
179,PAID,5,39572005,300000000,KT - EX,25 a 36 meses,Comercio,Seed,Bogotá D.C.,5,No,No,861,1,No,No,No,No,41,Internet,2,No,No,5,No,0,1,1
180,LATE,113,22525351,310000000,KT - CO,13 a 24 meses,Servicios,Scale Up,Medellín,4,No,Si,783,11,Si,Si,Si,No,47,CreditProfessionalContact,2,No,Si,28,No,5,0,1
181,LATE,127,25344599,310000000,KT - CO,13 a 24 meses,Servicios,Scale Up,Medellín,4,No,Si,783,11,Si,Si,Si,No,47,CreditProfessionalContact,2,No,Si,28,No,5,0,1
182,PAID,22,46172737,120000000,KT - CO,13 a 24 meses,Industria,Venture,Bogotá D.C.,4,No,No,954,2,No,No,No,No,32,Internet,2,No,No,2,No,0,1,1
183,PAID,4,44898169,150000000,KT - EX,13 a 24 meses,Comercio,Scale Up,Bucaramanga,3,No,No,925,9,No,No,No,No,51,SocialNetworks,1,No,Si,27,No,1,1,1
184,LATE,522,0,100000000,CR ,13 a 24 meses,Industria,Scale Up,Cali,3,No,No,919,17,No,No,No,No,26,Internet,1,No,No,21,No,0,1,2
185,LATE,529,0,50000000,KT - CO,13 a 24 meses,Servicios,Venture,Medellín,4,No,Si,0,0,No,No,No,No,52,FriendOrColleague,1,No,No,12,Si,1,1,2
186,PAID,0,89498175,180000000,KT - CO,Menos de 12 meses,Industria,Growth,Bogotá D.C.,3,No,No,898,7,Si,No,No,Si,63,Other,2,No,No,13,No,4,0,1
187,PAID,4,16812486,180000000,KT - CO,Menos de 12 meses,Industria,Growth,Bogotá D.C.,3,No,No,898,7,Si,No,No,Si,63,Other,2,No,No,13,No,4,1,2
188,LATE,37,37532195,150000000,SP,13 a 24 meses,Comercio,Venture,Bogotá D.C.,5,No,Si,290,4,No,No,No,No,48,CreditProfessionalContact,4,No,Si,10,No,5,1,1
189,PAID,14,60626578,470000000,SP,Menos de 12 meses,Servicios,Seed,Bogotá D.C.,4,Si,Si,929,4,Si,Si,Si,Si,46,FriendOrColleague,1,No,Si,5,No,1,1,1
190,PAID,10,122933658,470000000,SP,Menos de 12 meses,Servicios,Seed,Bogotá D.C.,4,Si,Si,929,4,Si,Si,Si,Si,46,FriendOrColleague,1,No,Si,5,No,1,1,0
191,LATE,270,44290586,522000000,KT - CO,Menos de 12 meses,Comercio,Growth,Sabaneta,5,Si,Si,887,15,Si,Si,Si,Si,62,CreditProfessionalContact,2,No,Si,72,No,3,0,0
192,PAID,154,75947978,522000000,KT - CO,Menos de 12 meses,Comercio,Growth,Sabaneta,5,Si,Si,887,15,Si,Si,Si,Si,62,CreditProfessionalContact,2,No,Si,72,No,3,0,0
193,LATE,111,32854329,522000000,KT - CO,Menos de 12 meses,Comercio,Growth,Sabaneta,5,Si,Si,887,15,Si,Si,Si,Si,62,CreditProfessionalContact,2,No,Si,72,No,3,0,0
194,LATE,1,21341158,85000000,KT - EX,13 a 24 meses,Servicios,Seed,Medellín,4,No,No,956,0,Si,Si,No,No,42,Newspapers,1,No,No,5,Si,1,1,1
195,PAID,4,54872164,840000000,KT - CO,Menos de 12 meses,Industria,Scale Up,Medellín,6,Si,No,617,8,Si,No,Si,Si,42,Other,4,No,Si,45,No,10,0,0
196,PAID,0,98738685,840000000,KT - CO,Menos de 12 meses,Industria,Scale Up,Medellín,6,Si,No,617,8,Si,No,Si,Si,42,Other,4,No,Si,45,No,10,0,0
197,LATE,100,36451323,840000000,KT - CO,Menos de 12 meses,Industria,Scale Up,Medellín,6,Si,No,617,8,Si,No,Si,Si,42,Other,4,No,Si,45,No,10,0,0
198,LATE,117,91596195,840000000,KT - CO,Menos de 12 meses,Industria,Scale Up,Medellín,6,Si,No,617,8,Si,No,Si,Si,42,Other,4,No,Si,45,No,10,0,0
199,PAID,77,109643956,840000000,KT - CO,Menos de 12 meses,Industria,Scale Up,Medellín,6,Si,No,617,8,Si,No,Si,Si,42,Other,4,No,Si,45,No,10,0,0
200,PAID,56,64367433,840000000,KT - CO,Menos de 12 meses,Industria,Scale Up,Medellín,6,Si,No,617,8,Si,No,Si,Si,42,Other,4,No,Si,45,No,10,0,0
201,PAID,56,75120391,840000000,KT - CO,Menos de 12 meses,Industria,Scale Up,Medellín,6,Si,No,617,8,Si,No,Si,Si,42,Other,4,No,Si,45,No,10,0,0
202,LATE,464,2268588,150000000,SP,Menos de 12 meses,Industria,Venture,Medellín,4,No,No,777,10,Si,Si,No,Si,31,Other,3,No,Si,37,No,7,0,2
203,LATE,475,1505370,150000000,SP,Menos de 12 meses,Industria,Venture,Medellín,4,No,No,777,10,Si,Si,No,Si,31,Other,3,No,Si,37,No,7,0,2
204,LATE,509,7909022,150000000,SP,Menos de 12 meses,Industria,Venture,Medellín,4,No,No,777,10,Si,Si,No,Si,31,Other,3,No,Si,37,No,7,0,2
205,PAID,174,16576086,150000000,SP,Menos de 12 meses,Industria,Venture,Medellín,4,No,No,777,10,Si,Si,No,Si,31,Other,3,No,Si,37,No,7,1,1
206,PAID,29,353190680,1247359964,KT - EX,13 a 24 meses,Industria,Scale Up,Envigado,5,No,No,937,10,Si,Si,Si,Si,38,CreditProfessionalContact,4,No,Si,72,No,4,0,0
207,PAID,24,12342408,1247359964,KT - EX,13 a 24 meses,Industria,Scale Up,Envigado,5,No,No,937,10,Si,Si,Si,Si,38,CreditProfessionalContact,4,No,Si,72,No,4,0,0
208,PAID,309,40043732,70000000,KT - CO,Menos de 12 meses,Industria,Venture,Medellín,3,No,No,0,1,No,Si,No,No,29,FriendOrColleague,1,No,Si,6,No,0,1,1
209,LATE,115,25767303,280000000,KT - CO,13 a 24 meses,Comercio,Venture,Medellín,5,No,Si,713,6,No,No,No,No,28,CreditProfessionalContact,1,No,No,18,No,1,1,1
210,LATE,139,14899838,280000000,KT - CO,13 a 24 meses,Comercio,Venture,Medellín,5,No,Si,713,6,No,No,No,No,28,CreditProfessionalContact,1,No,No,18,No,1,1,1
211,PAID,4,30141249,330000000,CR ,13 a 24 meses,Comercio,Growth,Medellín,3,No,Si,920,17,Si,Si,No,Si,46,CreditProfessionalContact,2,No,Si,40,Si,4,0,2
212,PAID,0,18140107,330000000,CR ,13 a 24 meses,Comercio,Growth,Medellín,3,No,Si,920,17,Si,Si,No,Si,46,CreditProfessionalContact,2,No,Si,40,Si,4,0,2
213,PAID,0,150482150,400000000,KT - CO,13 a 24 meses,Servicios,Growth,Itagüí,4,Si,Si,925,10,Si,No,Si,Si,46,FriendOrColleague,8,No,Si,45,No,3,0,0
214,LATE,467,0,250000000,CR ,25 a 36 meses,Servicios,Seed,Bogotá D.C.,6,No,No,923,2,No,No,No,Si,35,Newspapers,2,No,No,7,No,1,1,1
215,LATE,519,3759075,250000000,CR ,25 a 36 meses,Servicios,Seed,Bogotá D.C.,6,No,No,923,2,No,No,No,Si,35,Newspapers,2,No,No,7,No,1,1,1
216,LATE,247,10120953,350000000,CR ,Menos de 12 meses,Industria,Scale Up,Itagüí,3,No,No,933,16,No,No,No,No,39,CreditProfessionalContact,1,No,Si,80,No,2,0,2
217,PAID,87,54869651,350000000,CR ,Menos de 12 meses,Industria,Scale Up,Itagüí,3,No,No,933,16,No,No,No,No,39,CreditProfessionalContact,1,No,Si,80,No,2,0,2
218,LATE,164,29347807,350000000,CR ,Menos de 12 meses,Industria,Scale Up,Itagüí,3,No,No,933,16,No,No,No,No,39,CreditProfessionalContact,1,No,Si,80,No,2,0,2
219,PAID,5,30247367,200000000,KT - CO,13 a 24 meses,Servicios,Growth,Medellín,4,Si,No,937,23,Si,No,No,No,46,Other,1,No,Si,50,No,8,0,0
220,PAID,1,22286310,340000000,KT - CO,Menos de 12 meses,Comercio,Venture,Bogotá D.C.,3,No,Si,679,16,Si,Si,Si,Si,27,Internet,2,No,Si,28,No,2,1,1
221,LATE,30,46424824,340000000,KT - CO,Menos de 12 meses,Comercio,Venture,Bogotá D.C.,3,No,Si,679,16,Si,Si,Si,Si,27,Internet,2,No,Si,28,No,2,1,1
222,PAID,0,15904465,150000000,KT - CO,13 a 24 meses,Comercio,Seed,Bogotá D.C.,4,Si,Si,922,4,Si,No,Si,Si,69,FriendOrColleague,5,No,No,8,No,1,1,1
223,PAID,0,19231145,150000000,KT - CO,13 a 24 meses,Comercio,Seed,Bogotá D.C.,4,Si,Si,922,4,Si,No,Si,Si,69,FriendOrColleague,5,No,No,8,No,1,1,1
224,PAID,0,15019796,150000000,KT - CO,13 a 24 meses,Comercio,Seed,Bogotá D.C.,4,Si,Si,922,4,Si,No,Si,Si,69,FriendOrColleague,5,No,No,8,No,1,1,1
225,PAID,4,13142415,750000000,KT - EX,25 a 36 meses,Servicios,Venture,Medellín,6,Si,No,923,1,Si,No,Si,Si,36,FriendOrColleague,3,No,Si,11,No,1,1,1
226,PAID,0,7580020,750000000,KT - EX,25 a 36 meses,Servicios,Venture,Medellín,6,Si,No,923,1,Si,No,Si,Si,36,FriendOrColleague,3,No,Si,11,No,1,1,1
227,PAID,1,33302422,250000000,CR ,25 a 36 meses,Comercio,Seed,Envigado,5,No,No,876,2,Si,Si,No,No,32,Other,5,No,No,8,No,1,1,1
228,PAID,1,68894210,250000000,CR ,25 a 36 meses,Comercio,Seed,Envigado,5,No,No,876,2,Si,Si,No,No,32,Other,5,No,No,8,No,1,1,1
229,PAID,52,230633492,731112570,KT - EX,Menos de 12 meses,Servicios,Scale Up,Bogotá D.C.,4,No,No,713,11,Si,Si,Si,No,33,Other,6,No,No,15,No,0,0,0
230,PAID,13,61431810,731112570,KT - EX,Menos de 12 meses,Servicios,Scale Up,Bogotá D.C.,4,No,No,713,11,Si,Si,Si,No,33,Other,6,No,No,15,No,0,1,0
231,PAID,177,38760382,400000000,KT - EX,Menos de 12 meses,Servicios,Scale Up,Bogotá D.C.,5,No,Si,966,15,Si,Si,Si,Si,47,Newspapers,3,No,Si,10,No,1,0,0
232,PAID,222,166251192,400000000,KT - EX,Menos de 12 meses,Servicios,Scale Up,Bogotá D.C.,5,No,Si,966,15,Si,Si,Si,Si,47,Newspapers,3,No,Si,10,No,1,0,0
233,LATE,27,150557919,611585150,KT - EX,13 a 24 meses,Industria,Scale Up,Itagüí,4,No,No,933,22,Si,No,Si,Si,44,Other,20,No,Si,327,No,5,0,0
234,PAID,1,60677072,250000000,SP,13 a 24 meses,Servicios,Seed,Bogotá D.C.,6,No,No,944,1,No,No,Si,Si,40,Internet,4,Si,No,52,No,5,1,1
235,PAID,0,15029466,250000000,SP,13 a 24 meses,Servicios,Seed,Bogotá D.C.,6,No,No,944,1,No,No,Si,Si,40,Internet,4,Si,No,52,No,5,1,1
236,PAID,1,26776792,120000000,SP,25 a 36 meses,Servicios,Seed,Bogotá D.C.,5,No,Si,937,12,Si,No,No,Si,40,Internet,2,No,Si,43,No,2,1,1
237,LATE,40,64865795,250000000,KT - EX,13 a 24 meses,Servicios,Seed,Medellín,4,No,No,874,4,Si,Si,Si,Si,28,FriendOrColleague,8,Si,Si,23,No,1,1,1
238,LATE,8,12627381,150000000,CR ,13 a 24 meses,Servicios,Seed,Bogotá D.C.,4,No,No,776,6,Si,Si,Si,No,32,SocialNetworks,3,No,No,16,No,0,1,1
239,LATE,160,40402112,200000000,KT - CO,13 a 24 meses,Servicios,Growth,Bogotá D.C.,3,No,No,933,8,Si,No,No,No,50,FriendOrColleague,1,No,Si,70,No,1,1,2
240,LATE,90,14691247,100000000,KT - EX,25 a 36 meses,Servicios,Scale Up,Barranquilla,4,No,No,866,8,No,No,No,No,35,Newspapers,3,No,Si,173,No,2,1,1
241,PAID,0,43382875,200000000,CR ,25 a 36 meses,Industria,Venture,Bello,4,No,Si,937,23,Si,No,Si,Si,35,SocialNetworks,2,No,Si,120,No,6,0,0
242,LATE,6,16453847,145000000,KT - CO,13 a 24 meses,Servicios,Seed,Bogotá D.C.,4,No,No,971,5,Si,Si,Si,Si,57,Internet,2,No,No,10,Si,3,1,1
243,PAID,0,10593974,35000000,KT - CO,13 a 24 meses,Comercio,Seed,Barranquilla,4,No,No,922,1,No,No,No,No,43,Newspapers,1,No,Si,4,Si,2,1,1
244,LATE,192,9872248,50000000,KT - CO,Menos de 12 meses,Servicios,Seed,Bogotá D.C.,4,No,No,956,1,No,No,No,Si,32,FriendOrColleague,4,No,No,7,No,1,1,1
245,LATE,1,7628509,30000000,KT - CO,13 a 24 meses,Servicios,Seed,Medellín,5,No,No,817,1,Si,Si,No,Si,28,SocialNetworks,2,No,Si,2,Si,1,1,1
246,PAID,45,27849040,230000000,CR ,Menos de 12 meses,Servicios,Seed,Bogotá D.C.,4,No,Si,486,9,Si,No,No,No,63,Internet,4,No,Si,8,No,1,1,1
247,PAID,31,18504350,230000000,CR ,Menos de 12 meses,Servicios,Seed,Bogotá D.C.,4,No,Si,486,9,Si,No,No,No,63,Internet,4,No,Si,8,No,1,1,1
248,LATE,224,55649179,410000000,KT - CO,Menos de 12 meses,Comercio,Venture,Cali,3,No,Si,907,11,No,No,No,No,37,Internet,1,No,No,15,No,1,1,2
249,LATE,216,18620224,410000000,KT - CO,Menos de 12 meses,Comercio,Venture,Cali,3,No,Si,907,11,No,No,No,No,37,Internet,1,No,No,15,No,1,1,2
250,LATE,193,11032937,410000000,KT - CO,Menos de 12 meses,Comercio,Venture,Cali,3,No,Si,907,11,No,No,No,No,37,Internet,1,No,No,15,No,1,1,2
251,PAID,6,221838093,250000000,KT - CO,13 a 24 meses,Servicios,Scale Up,Medellín,5,No,No,902,14,No,No,Si,Si,36,CreditProfessionalContact,4,No,Si,45,No,2,0,0
252,PAID,2,18289832,240000000,CR ,13 a 24 meses,Servicios,Seed,Medellín,5,No,Si,494,2,Si,Si,No,No,28,Other,2,Si,Si,5,No,0,1,1
253,PAID,3,27058614,90000000,KT - CO,13 a 24 meses,Servicios,Scale Up,Medellín,5,No,No,891,5,No,No,No,Si,54,FriendOrColleague,2,No,No,5,No,0,1,1
254,PAID,5,58298751,250000000,KT - CO,13 a 24 meses,Servicios,Seed,Medellín,6,No,Si,925,0,No,Si,No,No,66,FriendOrColleague,3,No,Si,15,No,3,1,1
255,LATE,9,18051360,250000000,KT - CO,13 a 24 meses,Servicios,Seed,Medellín,6,No,Si,925,0,No,Si,No,No,66,FriendOrColleague,3,No,Si,15,No,3,1,1
256,PAID,5,39023257,200000000,KT - CO,13 a 24 meses,Servicios,Seed,Bogotá D.C.,3,No,No,918,4,Si,Si,No,Si,37,Internet,3,Si,No,10,No,0,1,1
257,LATE,19,12691512,150000000,KT - EX,13 a 24 meses,Servicios,Seed,Sabaneta,5,No,No,967,1,Si,Si,Si,Si,28,Other,1,No,No,16,No,0,1,1
258,PAID,5,38742135,100000000,KT - CO,13 a 24 meses,Comercio,Scale Up,Bogotá D.C.,5,No,No,892,2,Si,Si,No,Si,47,Internet,1,No,No,11,No,1,1,1
259,PAID,55,16849884,230000000,KT - EX,Menos de 12 meses,Servicios,Seed,Bogotá D.C.,5,No,Si,888,4,No,No,No,Si,33,FriendOrColleague,3,Si,No,30,No,1,1,1
260,PAID,0,8997716,40000000,CR ,25 a 36 meses,Comercio,Seed,Bogotá D.C.,4,No,No,0,0,No,No,No,No,29,Newspapers,1,Si,No,2,No,1,1,1
261,PAID,49,166164894,800000000,KT - EX,Menos de 12 meses,Servicios,Venture,Medellín,5,No,Si,891,17,No,Si,Si,Si,30,FriendOrColleague,2,No,Si,10,No,1,0,0
262,PAID,60,38649095,800000000,KT - EX,Menos de 12 meses,Servicios,Venture,Medellín,5,No,Si,891,17,No,Si,Si,Si,30,FriendOrColleague,2,No,Si,10,No,1,0,0
263,LATE,62,92445425,800000000,KT - EX,Menos de 12 meses,Servicios,Venture,Medellín,5,No,Si,891,17,No,Si,Si,Si,30,FriendOrColleague,2,No,Si,10,No,1,0,0
264,PAID,21,55267159,800000000,KT - EX,Menos de 12 meses,Servicios,Venture,Medellín,5,No,Si,891,17,No,Si,Si,Si,30,FriendOrColleague,2,No,Si,10,No,1,0,0
265,LATE,177,10019585,30000000,CR ,13 a 24 meses,Industria,Seed,Medellín,3,No,No,664,2,No,No,No,No,34,FriendOrColleague,1,No,No,18,Si,1,1,1
266,PAID,3,18197342,300000000,KT - EX,Menos de 12 meses,Servicios,Venture,Bogotá D.C.,5,Si,No,906,7,Si,No,Si,No,64,FriendOrColleague,5,No,Si,10,Si,5,1,0
267,PAID,0,30606503,300000000,KT - EX,Menos de 12 meses,Servicios,Venture,Bogotá D.C.,5,Si,No,906,7,Si,No,Si,No,64,FriendOrColleague,5,No,Si,10,Si,5,1,0
268,PAID,0,76109420,250000000,KT - CO,13 a 24 meses,Servicios,Seed,Medellín,6,No,No,935,2,Si,Si,Si,Si,61,FriendOrColleague,2,No,Si,20,No,5,1,1
269,PAID,0,76664128,250000000,KT - CO,13 a 24 meses,Servicios,Seed,Medellín,6,No,No,935,2,Si,Si,Si,Si,61,FriendOrColleague,2,No,Si,20,No,5,1,1
270,PAID,106,16667224,60000000,KT - EX,Menos de 12 meses,Servicios,Seed,Bogotá D.C.,6,No,No,917,2,Si,No,Si,No,49,FriendOrColleague,2,No,No,4,No,0,1,1
271,PAID,15,20161722,530000000,CR ,13 a 24 meses,Servicios,Growth,Bogotá D.C.,3,Si,Si,920,26,No,No,No,Si,29,Internet,5,No,Si,30,No,0,0,2
272,PAID,12,39188178,530000000,CR ,13 a 24 meses,Servicios,Growth,Bogotá D.C.,3,Si,Si,920,26,No,No,No,Si,29,Internet,5,No,Si,30,No,0,0,2
273,LATE,33,25158992,530000000,CR ,13 a 24 meses,Servicios,Growth,Bogotá D.C.,3,Si,Si,920,26,No,No,No,Si,29,Internet,5,No,Si,30,No,0,0,2
274,LATE,148,13029470,50000000,KT - CO,13 a 24 meses,Industria,Seed,Bogotá D.C.,5,No,No,872,3,No,No,No,Si,51,FriendOrColleague,2,No,Si,25,Si,0,1,1
275,PAID,15,118588319,600000000,KT - CO,13 a 24 meses,Industria,Growth,Medellín,4,No,Si,929,21,Si,Si,Si,No,30,CreditProfessionalContact,5,No,Si,230,No,7,0,0
276,PAID,1,182221355,600000000,KT - CO,13 a 24 meses,Industria,Growth,Medellín,4,No,Si,929,21,Si,Si,Si,No,30,CreditProfessionalContact,5,No,Si,230,No,7,0,0
277,PAID,6,12210532,220606989,KT - CO,13 a 24 meses,Comercio,Seed,Envigado,4,No,No,880,8,Si,Si,Si,Si,52,FriendOrColleague,1,No,No,7,No,1,1,1
278,PAID,3,25257378,220606989,KT - CO,13 a 24 meses,Comercio,Seed,Envigado,4,No,No,880,8,Si,Si,Si,Si,52,FriendOrColleague,1,No,No,7,No,1,1,1
279,LATE,8,9206906,220606989,KT - CO,13 a 24 meses,Comercio,Seed,Envigado,4,No,No,880,8,Si,Si,Si,Si,52,FriendOrColleague,1,No,No,7,No,1,1,1
280,PAID,1,11100221,300000000,KT - EX,13 a 24 meses,Servicios,Seed,Medellín,6,No,No,933,2,No,No,No,No,36,FriendOrColleague,4,No,Si,4,No,0,1,1
281,PAID,4,30346831,300000000,KT - EX,13 a 24 meses,Servicios,Seed,Medellín,6,No,No,933,2,No,No,No,No,36,FriendOrColleague,4,No,Si,4,No,0,1,1
282,PAID,1,32107091,310000000,KT - EX,25 a 36 meses,Industria,Scale Up,Sabaneta,4,No,No,925,27,Si,No,No,No,56,FriendOrColleague,5,No,Si,120,No,25,0,0
283,PAID,0,15004072,310000000,KT - EX,25 a 36 meses,Industria,Scale Up,Sabaneta,4,No,No,925,27,Si,No,No,No,56,FriendOrColleague,5,No,Si,120,No,25,0,0
284,PAID,0,17737257,310000000,KT - EX,25 a 36 meses,Industria,Scale Up,Sabaneta,4,No,No,925,27,Si,No,No,No,56,FriendOrColleague,5,No,Si,120,No,25,0,0
285,PAID,61,22469828,193138000,KT - EX,13 a 24 meses,Servicios,Seed,Bogotá D.C.,5,No,No,362,2,Si,Si,No,No,38,Other,1,No,Si,12,Si,1,1,1
286,LATE,25,9931914,193138000,KT - EX,13 a 24 meses,Servicios,Seed,Bogotá D.C.,5,No,No,362,2,Si,Si,No,No,38,Other,1,No,Si,12,Si,1,1,1
287,LATE,15,19754663,193138000,KT - EX,13 a 24 meses,Servicios,Seed,Bogotá D.C.,5,No,No,362,2,Si,Si,No,No,38,Other,1,No,Si,12,Si,1,1,1
288,LATE,11,21028409,130000000,KT - CO,13 a 24 meses,Servicios,Venture,Medellín,3,No,No,954,4,No,No,No,No,39,CreditProfessionalContact,2,No,Si,10,Si,1,1,1
289,PAID,13,90440797,530000000,KT - CO,Menos de 12 meses,Comercio,Scale Up,Bogotá D.C.,5,No,No,917,12,Si,No,Si,No,43,Other,2,No,Si,10,No,0,0,0
290,LATE,7,24911296,530000000,KT - CO,Menos de 12 meses,Comercio,Scale Up,Bogotá D.C.,5,No,No,917,12,Si,No,Si,No,43,Other,2,No,Si,10,No,0,1,1
291,PAID,3,12067875,280000000,KT - EX,Menos de 12 meses,Servicios,Seed,Medellín,5,No,No,936,2,Si,Si,Si,Si,39,FriendOrColleague,2,No,No,5,Si,1,1,1
292,PAID,3,15090518,280000000,KT - EX,Menos de 12 meses,Servicios,Seed,Medellín,5,No,No,936,2,Si,Si,Si,Si,39,FriendOrColleague,2,No,No,5,Si,1,1,1
293,PAID,3,9050844,280000000,KT - EX,Menos de 12 meses,Servicios,Seed,Medellín,5,No,No,936,2,Si,Si,Si,Si,39,FriendOrColleague,2,No,No,5,Si,1,1,1
294,PAID,48,11753812,30000000,KT - EX,13 a 24 meses,Servicios,Seed,Bogotá D.C.,6,No,No,852,2,Si,Si,Si,Si,37,CreditProfessionalContact,4,Si,Si,5,No,1,1,1
295,PAID,16,31072195,363215000,SP,13 a 24 meses,Industria,Seed,Medellín,6,No,No,808,12,Si,Si,Si,No,33,Email,1,No,Si,20,Si,2,1,1
296,PAID,50,46086880,363215000,SP,13 a 24 meses,Industria,Seed,Medellín,6,No,No,808,12,Si,Si,Si,No,33,Email,1,No,Si,20,Si,2,1,1
297,LATE,55,10808112,363215000,SP,13 a 24 meses,Industria,Seed,Medellín,6,No,No,808,12,Si,Si,Si,No,33,Email,1,No,Si,20,Si,2,1,1
298,LATE,55,7753213,363215000,SP,13 a 24 meses,Industria,Seed,Medellín,6,No,No,808,12,Si,Si,Si,No,33,Email,1,No,Si,20,Si,2,1,1
299,LATE,106,14372797,343000000,KT - EX,25 a 36 meses,Servicios,Seed,Bogotá D.C.,6,Si,Si,891,6,Si,No,Si,Si,45,Other,2,No,Si,4,No,1,1,1
300,PAID,121,2170151,343000000,KT - EX,25 a 36 meses,Servicios,Seed,Bogotá D.C.,6,Si,Si,891,6,Si,No,Si,Si,45,Other,2,No,Si,4,No,1,1,1
301,LATE,96,12518598,343000000,KT - EX,25 a 36 meses,Servicios,Seed,Bogotá D.C.,6,Si,Si,891,6,Si,No,Si,Si,45,Other,2,No,Si,4,No,1,1,1
302,PAID,0,65074312,300000000,SP,25 a 36 meses,Servicios,Seed,Bogotá D.C.,6,No,No,921,6,Si,Si,No,No,45,Internet,3,No,No,11,No,2,1,1
303,PAID,5,44790619,210000000,KT - EX,13 a 24 meses,Servicios,Seed,Bogotá D.C.,6,No,No,893,4,Si,Si,No,Si,49,FriendOrColleague,2,No,Si,4,Si,1,1,1
304,LATE,76,12929771,40000000,KT - CO,13 a 24 meses,Servicios,Seed,Medellín,6,Si,No,839,2,No,No,No,Si,52,FriendOrColleague,1,No,No,10,No,1,1,1
305,PAID,3,16648799,80000000,KT - EX,Menos de 12 meses,Servicios,Seed,Medellín,5,No,No,877,1,No,No,No,No,27,FriendOrColleague,2,No,No,5,Si,3,1,1
306,LATE,203,48944027,150000000,KT - CO,13 a 24 meses,Comercio,Scale Up,Bogotá D.C.,5,No,Si,833,20,Si,Si,No,No,36,FriendOrColleague,2,No,Si,12,No,2,1,1
307,LATE,72,75157647,600000000,KT - CO,13 a 24 meses,Comercio,Growth,Bogotá D.C.,4,No,Si,929,29,No,No,Si,Si,57,FriendOrColleague,4,No,Si,25,Si,3,0,0
308,PAID,50,24372806,110000000,KT - CO,13 a 24 meses,Comercio,Venture,Medellín,6,Si,No,757,9,Si,No,Si,Si,49,Email,1,No,Si,9,No,1,1,1
309,LATE,22,7563529,110000000,KT - CO,13 a 24 meses,Comercio,Venture,Medellín,6,Si,No,757,9,Si,No,Si,Si,49,Email,1,No,Si,9,No,1,1,1
310,PAID,1,159874001,300000000,CR ,25 a 36 meses,Servicios,Scale Up,Medellín,4,No,No,916,6,No,No,No,No,45,Newspapers,4,No,Si,42,No,0,1,1
311,LATE,545,0,300000000,KT - EX,25 a 36 meses,Servicios,Venture,Bogotá D.C.,4,Si,Si,933,11,No,No,No,No,63,Internet,5,No,Si,81,No,3,0,2
312,PAID,3,66058664,450000000,CR ,13 a 24 meses,Comercio,Scale Up,Medellín,5,No,No,937,7,No,No,No,Si,41,CreditProfessionalContact,1,No,Si,15,No,3,1,1
313,LATE,2,37226008,450000000,CR ,13 a 24 meses,Comercio,Scale Up,Medellín,5,No,No,937,7,No,No,No,Si,41,CreditProfessionalContact,1,No,Si,15,No,3,1,1
314,PAID,1,44361317,160000000,KT - CO,Menos de 12 meses,Servicios,Seed,Medellín,4,No,No,877,8,Si,Si,Si,Si,31,FriendOrColleague,1,No,Si,18,No,2,1,1
315,PAID,0,24242804,160000000,KT - CO,Menos de 12 meses,Servicios,Seed,Medellín,4,No,No,877,8,Si,Si,Si,Si,31,FriendOrColleague,1,No,Si,18,No,2,1,1
316,PAID,0,48677583,1230000000,CR ,25 a 36 meses,Servicios,Venture,Medellín,6,No,No,933,16,Si,Si,Si,Si,33,FriendOrColleague,2,No,Si,22,No,3,0,0
317,PAID,1,32642401,1230000000,CR ,25 a 36 meses,Servicios,Venture,Medellín,6,No,No,933,16,Si,Si,Si,Si,33,FriendOrColleague,2,No,Si,22,No,3,0,0
318,PAID,1,216844031,1230000000,CR ,25 a 36 meses,Servicios,Venture,Medellín,6,No,No,933,16,Si,Si,Si,Si,33,FriendOrColleague,2,No,Si,22,No,3,0,0
319,PAID,1,43674921,200000000,SP,25 a 36 meses,Servicios,Venture,Medellín,5,Si,No,929,4,Si,Si,Si,Si,30,Other,2,No,Si,40,No,8,1,0
320,LATE,209,24788185,285478000,CR ,Menos de 12 meses,Industria,Seed,La Estrella,4,No,Si,468,9,Si,No,No,No,36,Other,2,No,Si,28,No,3,1,2
321,PAID,32,27761453,285478000,CR ,Menos de 12 meses,Industria,Seed,La Estrella,4,No,Si,468,9,Si,No,No,No,36,Other,2,No,Si,28,No,3,1,2
322,LATE,200,20423226,285478000,CR ,Menos de 12 meses,Industria,Seed,La Estrella,4,No,Si,468,9,Si,No,No,No,36,Other,2,No,Si,28,No,3,1,2
323,LATE,191,12608386,50000000,SP,13 a 24 meses,Servicios,Seed,Envigado,6,No,No,861,5,Si,No,Si,No,46,Internet,5,No,Si,14,No,0,1,1
324,PAID,135,29889144,50000000,SP,13 a 24 meses,Servicios,Seed,Envigado,6,No,No,861,5,Si,No,Si,No,46,Internet,5,No,Si,14,No,0,1,1
325,PAID,0,9263122,140000000,KT - CO,Menos de 12 meses,Industria,Venture,Medellín,5,No,Si,917,5,Si,Si,Si,Si,40,FriendOrColleague,2,No,Si,12,No,0,1,1
326,PAID,2,25816894,140000000,KT - CO,Menos de 12 meses,Industria,Venture,Medellín,5,No,Si,917,5,Si,Si,Si,Si,40,FriendOrColleague,2,No,Si,12,No,0,1,1
327,LATE,96,7599862,90000000,KT - CO,Menos de 12 meses,Servicios,Seed,Medellín,5,No,No,933,4,Si,Si,No,Si,43,FriendOrColleague,3,Si,Si,18,No,1,1,1
328,PAID,48,43496664,90000000,KT - CO,Menos de 12 meses,Servicios,Seed,Medellín,5,No,No,933,4,Si,Si,No,Si,43,FriendOrColleague,3,Si,Si,18,No,1,1,1
329,PAID,0,39370424,390000000,KT - CO,Menos de 12 meses,Comercio,Growth,Bogotá D.C.,4,Si,Si,920,20,Si,No,No,Si,64,FriendOrColleague,2,No,Si,20,Si,5,0,0
330,PAID,1,48097647,390000000,KT - CO,Menos de 12 meses,Comercio,Growth,Bogotá D.C.,4,Si,Si,920,20,Si,No,No,Si,64,FriendOrColleague,2,No,Si,20,Si,5,0,0
331,PAID,1,15869853,117902428,SP,13 a 24 meses,Servicios,Seed,Medellín,4,No,No,902,4,Si,No,Si,No,43,CreditProfessionalContact,1,No,Si,10,No,1,1,1
332,PAID,2,29769862,117902428,SP,13 a 24 meses,Servicios,Seed,Medellín,4,No,No,902,4,Si,No,Si,No,43,CreditProfessionalContact,1,No,Si,10,No,1,1,1
333,PAID,2,6629553,120000000,KT - CO,13 a 24 meses,Industria,Seed,Medellín,6,No,No,832,1,Si,Si,Si,No,33,Other,4,No,Si,6,Si,2,1,1
334,PAID,13,6619094,120000000,KT - CO,13 a 24 meses,Industria,Seed,Medellín,6,No,No,832,1,Si,Si,Si,No,33,Other,4,No,Si,6,Si,2,1,1
335,PAID,13,6620879,120000000,KT - CO,13 a 24 meses,Industria,Seed,Medellín,6,No,No,832,1,Si,Si,Si,No,33,Other,4,No,Si,6,Si,2,1,1
336,PAID,13,9007154,110000000,KT - EX,Menos de 12 meses,Servicios,Seed,Medellín,6,No,No,853,3,Si,Si,Si,Si,37,Newspapers,3,No,Si,8,No,2,1,1
337,PAID,1,27520765,110000000,KT - EX,Menos de 12 meses,Servicios,Seed,Medellín,6,No,No,853,3,Si,Si,Si,Si,37,Newspapers,3,No,Si,8,No,2,1,1
338,PAID,5,8989251,110000000,KT - EX,Menos de 12 meses,Servicios,Seed,Medellín,6,No,No,853,3,Si,Si,Si,Si,37,Newspapers,3,No,Si,8,No,2,1,1
339,PAID,0,44949348,560000000,KT - EX,Menos de 12 meses,Servicios,Scale Up,Medellín,6,No,No,929,5,Si,Si,Si,Si,37,Other,2,No,Si,20,No,7,0,0
340,PAID,1,157743092,560000000,KT - EX,Menos de 12 meses,Servicios,Scale Up,Medellín,6,No,No,929,5,Si,Si,Si,Si,37,Other,2,No,Si,20,No,7,0,0
341,PAID,14,90567209,750000000,KT - CO,Menos de 12 meses,Servicios,Venture,Bogotá D.C.,6,No,Si,858,21,Si,Si,Si,Si,31,FriendOrColleague,3,No,Si,11,No,0,0,0
342,LATE,14,25204306,750000000,KT - CO,Menos de 12 meses,Servicios,Venture,Bogotá D.C.,6,No,Si,858,21,Si,Si,Si,Si,31,FriendOrColleague,3,No,Si,11,No,0,0,0
343,PAID,12,88449367,90000000,KT - CO,Menos de 12 meses,Servicios,Venture,Medellín,4,No,No,858,9,Si,No,No,Si,40,Other,2,No,No,30,No,1,1,1
344,PAID,2,6508179,150000000,KT - CO,25 a 36 meses,Servicios,Venture,Envigado,5,No,No,907,2,No,Si,No,Si,40,CreditProfessionalContact,2,No,Si,8,No,1,1,1
345,PAID,1,26029725,150000000,KT - CO,25 a 36 meses,Servicios,Venture,Envigado,5,No,No,907,2,No,Si,No,Si,40,CreditProfessionalContact,2,No,Si,8,No,1,1,1
346,PAID,0,38743695,140000000,KT - CO,Menos de 12 meses,Servicios,Seed,Bogotá D.C.,5,No,No,921,1,No,No,No,No,44,Other,2,No,No,4,No,0,1,1
347,PAID,3,88898557,1095000000,KT - CO,Menos de 12 meses,Servicios,Scale Up,Bogotá D.C.,6,Si,Si,900,13,Si,Si,Si,No,35,FriendOrColleague,1,No,Si,33,No,3,0,0
348,PAID,4,25018288,1095000000,KT - CO,Menos de 12 meses,Servicios,Scale Up,Bogotá D.C.,6,Si,Si,900,13,Si,Si,Si,No,35,FriendOrColleague,1,No,Si,33,No,3,0,0
349,PAID,22,83433059,1095000000,KT - CO,Menos de 12 meses,Servicios,Scale Up,Bogotá D.C.,6,Si,Si,900,13,Si,Si,Si,No,35,FriendOrColleague,1,No,Si,33,No,3,0,0
350,LATE,10,18535319,1095000000,KT - CO,Menos de 12 meses,Servicios,Scale Up,Bogotá D.C.,6,Si,Si,900,13,Si,Si,Si,No,35,FriendOrColleague,1,No,Si,33,No,3,0,0
351,PAID,3,77798891,1095000000,KT - CO,Menos de 12 meses,Servicios,Scale Up,Bogotá D.C.,6,Si,Si,900,13,Si,Si,Si,No,35,FriendOrColleague,1,No,Si,33,No,3,0,0
352,PAID,81,167408252,1095000000,KT - CO,Menos de 12 meses,Servicios,Scale Up,Bogotá D.C.,6,Si,Si,900,13,Si,Si,Si,No,35,FriendOrColleague,1,No,Si,33,No,3,0,0
353,PAID,55,60518733,1095000000,KT - CO,Menos de 12 meses,Servicios,Scale Up,Bogotá D.C.,6,Si,Si,900,13,Si,Si,Si,No,35,FriendOrColleague,1,No,Si,33,No,3,0,0
354,PAID,20,65043382,300000000,KT - CO,25 a 36 meses,Servicios,Seed,Bogotá D.C.,6,No,No,925,0,Si,No,Si,Si,44,FriendOrColleague,1,No,No,10,No,3,1,1
355,PAID,2,67491433,300000000,KT - EX,25 a 36 meses,Comercio,Seed,Bogotá D.C.,5,No,No,943,1,No,No,No,Si,36,FriendOrColleague,19,No,Si,5,No,1,1,1
356,PAID,2,14380984,250000000,CR ,13 a 24 meses,Industria,Seed,Medellín,4,No,No,922,1,Si,Si,Si,Si,38,FriendOrColleague,2,No,No,18,No,1,1,1
357,LATE,494,0,300000000,KT - EX,25 a 36 meses,Industria,Scale Up,Barranquilla,4,Si,Si,619,16,No,No,Si,Si,29,Other,2,No,Si,25,No,1,0,2
358,PAID,203,22205184,250000000,CR ,Menos de 12 meses,Industria,Venture,La Estrella,4,No,No,0,0,Si,No,No,Si,46,CreditProfessionalContact,1,Si,No,9,No,1,1,2
359,LATE,139,38360445,250000000,CR ,Menos de 12 meses,Industria,Venture,La Estrella,4,No,No,0,0,Si,No,No,Si,46,CreditProfessionalContact,1,Si,No,9,No,1,1,2
360,PAID,6,15170017,50000000,KT - EX,13 a 24 meses,Servicios,Seed,Medellín,4,No,No,0,0,No,Si,No,No,32,SocialNetworks,2,No,Si,2,No,2,1,1
361,PAID,16,9165339,260000000,KT - EX,13 a 24 meses,Comercio,Seed,Bogotá D.C.,5,No,No,901,2,Si,Si,Si,Si,36,FriendOrColleague,2,No,Si,6,No,0,1,1
362,LATE,22,18573877,260000000,KT - EX,13 a 24 meses,Comercio,Seed,Bogotá D.C.,5,No,No,901,2,Si,Si,Si,Si,36,FriendOrColleague,2,No,Si,6,No,0,1,1
363,PAID,25,11677360,60000000,KT - CO,13 a 24 meses,Industria,Seed,Barranquilla,2,No,No,931,2,No,No,No,No,35,Internet,3,No,Si,7,Si,1,1,1
364,PAID,0,22127209,70000000,KT - CO,Menos de 12 meses,Servicios,Seed,Bogotá D.C.,4,No,No,923,4,Si,Si,Si,Si,32,Internet,3,No,No,7,No,1,1,1
365,PAID,0,11577922,70000000,KT - CO,Menos de 12 meses,Servicios,Seed,Bogotá D.C.,4,No,No,923,4,Si,Si,Si,Si,32,Internet,3,No,No,7,No,1,1,1
366,LATE,91,62874133,320000000,SP,13 a 24 meses,Servicios,Scale Up,Medellín,6,No,No,867,1,No,No,No,Si,49,FriendOrColleague,4,No,Si,35,No,5,1,1
367,LATE,3,7575876,30000000,KT - CO,13 a 24 meses,Comercio,Seed,Bogotá D.C.,3,No,No,951,3,Si,Si,Si,Si,31,Newspapers,2,No,No,7,No,1,1,1
368,LATE,212,40289538,200000000,KT - CO,13 a 24 meses,Servicios,Scale Up,Barranquilla,4,Si,No,950,4,No,No,No,No,33,Other,2,No,No,15,Si,2,1,1
369,LATE,83,12424684,50000000,SP,Menos de 12 meses,Servicios,Seed,Bogotá D.C.,3,No,No,936,0,No,No,No,No,52,Newspapers,3,No,Si,7,No,0,1,1
370,LATE,76,32442131,250000000,KT - CO,Menos de 12 meses,Comercio,Venture,Medellín,5,No,No,925,4,No,No,No,No,37,Internet,1,No,Si,5,No,1,1,1
371,LATE,80,69592922,250000000,KT - CO,Menos de 12 meses,Comercio,Venture,Medellín,5,No,No,925,4,No,No,No,No,37,Internet,1,No,Si,5,No,1,1,1
372,LATE,30,54148723,300000000,KT - EX,25 a 36 meses,Servicios,Venture,Medellín,4,Si,Si,937,12,Si,No,Si,Si,48,SocialNetworks,2,No,Si,100,No,8,0,0
373,PAID,7,13216064,110000000,KT - EX,25 a 36 meses,Servicios,Seed,Bogotá D.C.,5,No,No,0,4,Si,Si,Si,Si,44,Newspapers,2,No,No,29,No,3,1,1
374,PAID,1,11009583,110000000,KT - EX,25 a 36 meses,Servicios,Seed,Bogotá D.C.,5,No,No,0,4,Si,Si,Si,Si,44,Newspapers,2,No,No,29,No,3,1,1
375,PAID,1,54774874,350000000,CR ,25 a 36 meses,Servicios,Venture,Barranquilla,4,Si,Si,895,15,No,Si,No,No,34,Other,1,No,Si,25,Si,2,1,1
376,PAID,7,55975654,60000000,KT - EX,13 a 24 meses,Servicios,Seed,Bogotá D.C.,4,Si,No,0,1,Si,No,No,No,45,Internet,1,No,No,2,No,0,1,1
377,PAID,4,55226553,170000000,KT - CO,Menos de 12 meses,Servicios,Growth,Barranquilla,6,No,Si,931,12,Si,Si,Si,Si,46,Other,6,No,No,140,No,5,0,0
378,PAID,75,202338429,500000000,CR ,13 a 24 meses,Comercio,Growth,Bogotá D.C.,4,No,Si,916,10,No,No,No,No,47,FriendOrColleague,1,No,Si,70,No,2,0,0
379,PAID,32,76750775,200000000,KT - CO,13 a 24 meses,Servicios,Growth,Bogotá D.C.,4,Si,Si,902,5,Si,No,Si,Si,55,FriendOrColleague,2,Si,Si,500,No,5,0,0
380,PAID,7,75541330,130000000,KT - CO,25 a 36 meses,Servicios,Seed,Medellín,6,No,No,863,2,Si,No,No,Si,31,SocialNetworks,1,Si,No,3,No,0,1,1
381,PAID,3,14168871,130000000,KT - CO,25 a 36 meses,Servicios,Seed,Medellín,6,No,No,863,2,Si,No,No,Si,31,SocialNetworks,1,Si,No,3,No,0,1,1
382,LATE,1083,0,150000000,KT - CO,Menos de 12 meses,Comercio,Growth,Bogotá D.C.,5,No,Si,937,27,No,No,No,No,59,FriendOrColleague,1,No,Si,3,No,2,0,2
383,LATE,137,20212375,100000000,KT - EX,13 a 24 meses,Servicios,Venture,Cali,5,No,No,800,2,Si,Si,No,No,38,Internet,2,No,Si,7,Si,2,1,1
384,LATE,63,36605941,300000000,KT - EX,13 a 24 meses,Servicios,Growth,Bogotá D.C.,5,Si,Si,887,44,Si,No,Si,Si,51,FriendOrColleague,2,No,Si,370,No,1,0,0
385,LATE,56,32128283,300000000,KT - EX,13 a 24 meses,Servicios,Growth,Bogotá D.C.,5,Si,Si,887,44,Si,No,Si,Si,51,FriendOrColleague,2,No,Si,370,No,1,0,0
386,PAID,6,16694930,60000000,KT - EX,Menos de 12 meses,Servicios,Seed,Bogotá D.C.,5,No,No,937,1,No,Si,Si,Si,29,SocialNetworks,2,No,No,6,No,0,1,1
387,LATE,89,15078186,200000000,CR ,25 a 36 meses,Servicios,Venture,Bogotá D.C.,4,No,Si,868,2,Si,Si,No,Si,32,FriendOrColleague,2,No,No,11,No,0,1,1
388,LATE,48,16123517,80000000,KT - CO,13 a 24 meses,Servicios,Seed,Bogotá D.C.,6,No,No,881,4,No,No,No,Si,56,FriendOrColleague,1,No,Si,3,No,0,1,1
389,LATE,43,9803626,60000000,KT - EX,13 a 24 meses,Comercio,Growth,Medellín,4,No,No,0,0,No,No,No,Si,63,Other,1,Si,No,5,Si,2,1,1
390,LATE,279,22066737,300000000,CR ,25 a 36 meses,Industria,Growth,Medellín,4,No,Si,669,32,Si,No,No,No,48,Other,1,No,Si,39,No,2,0,2
391,LATE,13,9657801,110000000,KT - CO,13 a 24 meses,Industria,Seed,Medellín,4,Si,Si,765,6,Si,Si,No,No,48,FriendOrColleague,5,No,No,20,Si,1,1,1
392,LATE,15,9614491,110000000,KT - CO,13 a 24 meses,Industria,Seed,Medellín,4,Si,Si,765,6,Si,Si,No,No,48,FriendOrColleague,5,No,No,20,Si,1,1,1
393,PAID,31,115723422,300000000,KT - CO,13 a 24 meses,Comercio,Growth,Barranquilla,6,No,Si,828,34,No,No,Si,Si,48,CreditProfessionalContact,6,No,Si,120,No,3,0,0
394,LATE,24,35519770,170000000,KT - EX,13 a 24 meses,Servicios,Seed,Bogotá D.C.,5,No,No,798,6,No,No,No,No,35,FriendOrColleague,1,No,No,3,No,0,1,1
395,PAID,11,25869469,85000000,CR ,13 a 24 meses,Comercio,Venture,Bogotá D.C.,3,No,No,951,2,Si,Si,No,No,55,FriendOrColleague,3,No,No,10,No,0,1,1
396,LATE,35,35550858,240000000,KT - EX,Menos de 12 meses,Servicios,Seed,Bogotá D.C.,4,No,No,863,6,Si,Si,Si,Si,42,FriendOrColleague,4,No,No,11,No,2,1,1
397,LATE,33,16070444,50000000,KT - CO,13 a 24 meses,Servicios,Venture,Bogotá D.C.,4,No,No,886,1,Si,No,Si,Si,43,Internet,2,No,Si,10,No,0,1,1
398,PAID,5,104167089,320000000,KT - CO,13 a 24 meses,Industria,Seed,Bogotá D.C.,5,No,Si,866,10,Si,No,Si,Si,59,FriendOrColleague,2,No,Si,51,No,5,0,0
399,PAID,14,61361196,350000000,KT - CO,13 a 24 meses,Servicios,Venture,Bogotá D.C.,5,No,No,772,3,Si,Si,No,Si,28,FriendOrColleague,1,Si,Si,17,No,1,1,1
400,PAID,8,12201853,40000000,CR ,13 a 24 meses,Servicios,Seed,Bogotá D.C.,3,No,No,982,2,Si,Si,Si,Si,41,Internet,2,No,Si,12,No,1,1,1
401,PAID,92,72350175,230000000,KT - EX,Menos de 12 meses,Servicios,Scale Up,Rionegro,5,No,No,841,7,Si,No,No,Si,49,CreditProfessionalContact,2,No,Si,7,No,0,1,1
402,PAID,0,30443768,150000000,KT - EX,13 a 24 meses,Servicios,Scale Up,Bogotá D.C.,5,No,Si,701,4,Si,Si,Si,Si,67,Internet,2,No,Si,50,No,4,1,1
403,PAID,0,15151752,150000000,KT - EX,13 a 24 meses,Servicios,Scale Up,Bogotá D.C.,5,No,Si,701,4,Si,Si,Si,Si,67,Internet,2,No,Si,50,No,4,1,1
404,PAID,2,19540255,145000000,KT - CO,13 a 24 meses,Comercio,Seed,Medellín,4,No,No,942,3,No,No,Si,Si,32,Internet,2,No,No,5,No,2,1,1
405,PAID,43,30517902,100000000,KT - EX,13 a 24 meses,Servicios,Venture,Barranquilla,4,No,No,891,0,Si,Si,Si,No,42,Newspapers,8,Si,No,20,No,1,1,1
406,PAID,21,675865,35000000,CR ,25 a 36 meses,Comercio,Seed,Medellín,5,No,No,924,0,No,No,No,Si,33,FriendOrColleague,1,No,No,8,No,0,1,1
407,LATE,600,0,30000000,KT - CO,Menos de 12 meses,Comercio,Venture,Envigado,3,No,No,912,0,No,Si,No,No,30,FriendOrColleague,1,No,Si,5,No,0,1,2
408,LATE,17,24874003,130000000,KT - EX,13 a 24 meses,Servicios,Seed,Bogotá D.C.,5,No,No,752,9,Si,Si,Si,Si,33,FriendOrColleague,3,No,Si,12,Si,5,1,1
409,LATE,17,7417872,130000000,KT - EX,13 a 24 meses,Servicios,Seed,Bogotá D.C.,5,No,No,752,9,Si,Si,Si,Si,33,FriendOrColleague,3,No,Si,12,Si,5,1,1
410,PAID,9,43833428,60000000,KT - CO,Menos de 12 meses,Servicios,Seed,Bogotá D.C.,5,No,No,895,5,Si,No,No,Si,33,Newspapers,3,No,Si,6,No,2,1,1
411,PAID,1,29712361,60000000,KT - EX,Menos de 12 meses,Servicios,Seed,Medellín,4,No,No,879,5,Si,No,Si,No,35,FriendOrColleague,3,No,Si,7,No,0,1,1
412,LATE,106,9422590,100000000,CR ,25 a 36 meses,Servicios,Seed,Bucaramanga,4,No,No,0,0,No,No,No,No,41,Newspapers,4,No,No,13,No,0,1,1
413,LATE,108,9426759,100000000,CR ,25 a 36 meses,Servicios,Seed,Bucaramanga,4,No,No,0,0,No,No,No,No,41,Newspapers,4,No,No,13,No,0,1,1
414,PAID,0,90490830,370000000,KT - CO,13 a 24 meses,Industria,Venture,Cartagena de indias,3,Si,No,933,6,Si,Si,Si,Si,65,Other,5,No,Si,85,No,4,0,0
415,PAID,38,52763195,63000000,KT - EX,13 a 24 meses,Servicios,Seed,Barranquilla,3,No,No,819,4,Si,Si,No,Si,33,FriendOrColleague,1,No,Si,7,Si,2,1,1
416,LATE,127,12888007,50000000,KT - EX,13 a 24 meses,Servicios,Seed,Barranquilla,5,No,No,456,5,Si,Si,No,Si,34,Other,1,No,No,7,No,0,1,1
417,LATE,323,7692886,50000000,KT - EX,13 a 24 meses,Servicios,Scale Up,Bogotá D.C.,4,No,No,0,0,Si,Si,Si,Si,35,Internet,5,No,No,30,Si,2,1,1
418,LATE,83,7666920,30000000,KT - EX,13 a 24 meses,Servicios,Seed,Bogotá D.C.,4,No,No,736,0,Si,Si,Si,Si,33,Other,1,Si,No,6,No,1,1,1
419,PAID,103,205929387,375708564,KT - EX,Menos de 12 meses,Servicios,Venture,Cali,5,No,No,933,0,No,Si,Si,Si,43,Other,2,No,Si,7,No,1,1,0
420,PAID,34,22266496,170000000,KT - EX,13 a 24 meses,Servicios,Scale Up,Bogotá D.C.,3,No,No,881,2,Si,Si,Si,Si,38,Internet,1,No,No,35,No,3,1,1
421,LATE,10,17664854,170000000,KT - EX,13 a 24 meses,Servicios,Scale Up,Bogotá D.C.,3,No,No,881,2,Si,Si,Si,Si,38,Internet,1,No,No,35,No,3,1,1
422,LATE,100,23445839,50000000,KT - CO,Menos de 12 meses,Comercio,Scale Up,Bogotá D.C.,4,Si,No,925,7,Si,No,Si,No,46,FriendOrColleague,2,No,Si,8,No,0,1,1
423,PAID,6,9105105,30000000,KT - EX,13 a 24 meses,Servicios,Seed,Barranquilla,3,No,No,919,1,Si,Si,Si,Si,36,Internet,1,No,No,6,No,0,1,1
424,PAID,1,45196096,150000000,KT - EX,13 a 24 meses,Servicios,Venture,Bogotá D.C.,5,No,No,912,3,Si,No,No,No,61,Newspapers,2,No,Si,7,No,0,1,1
425,PAID,32,195612036,250000000,SP,Más de 37 meses,Servicios,Seed,Medellín,5,No,No,828,1,No,No,No,Si,35,FriendOrColleague,3,No,Si,12,Si,1,1,1
426,PAID,2,27730604,290000000,KT - CO,Menos de 12 meses,Servicios,Scale Up,Barranquilla,4,No,Si,786,5,Si,No,No,Si,32,Other,3,No,Si,11,No,0,1,1
427,PAID,0,16543546,290000000,KT - CO,Menos de 12 meses,Servicios,Scale Up,Barranquilla,4,No,Si,786,5,Si,No,No,Si,32,Other,3,No,Si,11,No,0,1,1
428,LATE,80,13879903,90000000,KT - CO,Menos de 12 meses,Servicios,Venture,Medellín,3,No,Si,929,10,Si,Si,No,Si,40,FriendOrColleague,1,No,Si,8,Si,1,1,1
429,LATE,81,6051663,90000000,KT - CO,Menos de 12 meses,Servicios,Venture,Medellín,3,No,Si,929,10,Si,Si,No,Si,40,FriendOrColleague,1,No,Si,8,Si,1,1,1
430,PAID,3,76577760,200000000,KT - CO,13 a 24 meses,Comercio,Scale Up,Bogotá D.C.,5,No,No,666,1,Si,Si,No,Si,52,FriendOrColleague,4,No,Si,24,No,0,1,1
431,PAID,2,66038351,350000000,CR ,25 a 36 meses,Servicios,Venture,Bogotá D.C.,5,Si,Si,904,27,Si,Si,Si,Si,50,CreditProfessionalContact,3,No,Si,125,No,8,0,0
432,PAID,10,9145540,77000000,SP,13 a 24 meses,Servicios,Seed,Manizales,6,No,No,792,3,Si,No,Si,Si,32,CreditProfessionalContact,3,Si,Si,11,Si,1,1,1
433,PAID,4,19352180,60000000,KT - CO,Menos de 12 meses,Servicios,Seed,Medellín,6,No,No,889,2,Si,No,No,No,41,FriendOrColleague,1,No,No,2,No,0,1,1
434,LATE,59,37201729,270000000,CR ,13 a 24 meses,Servicios,Venture,Medellín,5,No,Si,635,6,Si,Si,No,Si,32,SocialNetworks,3,Si,Si,23,No,0,1,1
435,PAID,2,54780871,500000000,SP,25 a 36 meses,Industria,Venture,Manizales,4,Si,Si,933,24,Si,No,No,Si,65,FriendOrColleague,3,No,Si,19,Si,4,0,0
436,PAID,0,54771911,500000000,SP,25 a 36 meses,Industria,Venture,Manizales,4,Si,Si,933,24,Si,No,No,Si,65,FriendOrColleague,3,No,Si,19,Si,4,0,0
437,PAID,0,45193041,150000000,KT - EX,13 a 24 meses,Servicios,Venture,Armenia,4,No,No,853,3,Si,Si,Si,Si,37,Other,2,No,Si,25,No,0,1,1
438,PAID,6,82066403,200000000,KT - CO,Menos de 12 meses,Servicios,Seed,Bogotá D.C.,5,No,No,905,3,Si,Si,Si,No,43,FriendOrColleague,1,No,Si,4,No,1,1,1
439,PAID,17,45509016,240000000,KT - CO,13 a 24 meses,Servicios,Venture,Medellín,6,No,Si,734,1,Si,No,No,No,35,FriendOrColleague,1,No,Si,9,No,2,1,1
440,PAID,8,15002812,240000000,KT - CO,13 a 24 meses,Servicios,Venture,Medellín,6,No,Si,734,1,Si,No,No,No,35,FriendOrColleague,1,No,Si,9,No,2,1,1
441,LATE,132,16300779,80000000,KT - CO,13 a 24 meses,Servicios,Seed,Bogotá D.C.,6,No,No,0,0,No,No,No,No,40,FriendOrColleague,1,No,No,4,No,1,1,1
442,PAID,42,30625498,100000000,SP,13 a 24 meses,Servicios,Seed,Bucaramanga,4,No,No,914,4,Si,Si,Si,Si,27,Internet,1,No,Si,11,Si,2,1,1
443,PAID,7,27718890,80000000,KT - CO,Menos de 12 meses,Comercio,Venture,Bogotá D.C.,4,No,No,902,7,Si,Si,No,No,30,Internet,1,No,No,4,No,2,1,1
444,LATE,7,9760691,30000000,KT - CO,13 a 24 meses,Servicios,Seed,Bogotá D.C.,5,No,Si,820,4,Si,No,Si,Si,45,FriendOrColleague,2,No,No,11,No,1,1,1
445,PAID,21,60120161,300000000,KT - CO,Menos de 12 meses,Industria,Scale Up,Bogotá D.C.,3,No,No,836,2,Si,No,No,No,32,FriendOrColleague,3,No,Si,15,No,0,1,1
446,PAID,0,98125795,100000000,KT - CO,13 a 24 meses,Comercio,Scale Up,Barranquilla,4,No,No,976,2,No,No,No,No,45,CreditProfessionalContact,2,No,No,9,No,0,1,1
447,PAID,7,65088680,300000000,SP,25 a 36 meses,Servicios,Scale Up,Medellín,5,No,No,933,11,Si,Si,No,No,46,Other,5,No,No,60,No,3,1,0
448,PAID,3,30233511,100000000,KT - EX,13 a 24 meses,Servicios,Scale Up,Bogotá D.C.,3,No,Si,933,11,Si,Si,Si,Si,52,Internet,5,No,Si,14,No,4,1,1
449,PAID,3,76783378,100000000,SP,25 a 36 meses,Comercio,Seed,Marinilla,3,No,Si,929,1,Si,Si,No,No,45,Other,2,No,Si,18,No,2,1,1
450,PAID,0,25622487,385000000,KT - EX,13 a 24 meses,Servicios,Venture,Bogotá D.C.,6,Si,No,970,3,Si,Si,Si,No,43,Other,4,No,Si,24,No,0,1,1
451,PAID,5,65636135,385000000,KT - EX,13 a 24 meses,Servicios,Venture,Bogotá D.C.,6,Si,No,970,3,Si,Si,Si,No,43,Other,4,No,Si,24,No,0,1,1
452,PAID,0,33465571,330000000,SP,13 a 24 meses,Comercio,Seed,Bogotá D.C.,3,No,No,922,3,Si,Si,Si,Si,40,FriendOrColleague,1,No,Si,4,No,0,1,1
453,LATE,181,13996926,50000000,KT - CO,Menos de 12 meses,Comercio,Venture,Cartagena de indias,3,No,No,916,5,Si,No,No,No,40,Internet,1,No,No,10,No,0,1,1
454,LATE,242,15248437,100000000,KT - CO,13 a 24 meses,Servicios,Venture,Santa Marta,3,Si,Si,951,3,Si,No,No,No,37,Newspapers,1,No,Si,8,No,0,1,1
455,PAID,9,15179837,80000000,SP,13 a 24 meses,Servicios,Seed,Bogotá D.C.,4,No,Si,956,1,Si,Si,Si,Si,30,SocialNetworks,1,No,No,18,No,2,1,1
456,LATE,66,49946461,250000000,KT - EX,13 a 24 meses,Comercio,Growth,Medellín,6,No,Si,925,3,No,No,No,No,55,SocialNetworks,1,No,Si,25,No,4,1,1
457,PAID,0,10990740,50000000,SP,25 a 36 meses,Servicios,Seed,Medellín,5,No,No,819,3,Si,No,Si,Si,31,Internet,1,No,Si,15,No,0,1,1
458,PAID,18,27811944,110000000,KT - EX,Menos de 12 meses,Servicios,Seed,Bogotá D.C.,5,No,Si,905,1,Si,Si,No,Si,31,FriendOrColleague,1,No,Si,12,No,0,1,1
459,LATE,434,6495565,100000000,KT - CO,13 a 24 meses,Comercio,Venture,Cali,3,No,No,0,4,No,No,No,No,41,FriendOrColleague,1,No,No,15,No,0,1,2
460,LATE,1,7637302,30000000,KT - CO,13 a 24 meses,Comercio,Seed,Bogotá D.C.,4,No,Si,891,3,No,No,No,No,33,CreditProfessionalContact,2,No,Si,17,No,3,1,1
461,PAID,6,33190977,150000000,KT - CO,25 a 36 meses,Servicios,Venture,Bogotá D.C.,5,No,No,929,6,No,No,No,Si,43,FriendOrColleague,1,No,Si,12,No,2,1,1
462,LATE,302,5560552,80000000,KT - EX,Menos de 12 meses,Servicios,Seed,Barranquilla,3,No,No,940,5,No,No,No,No,34,Internet,1,No,No,5,No,0,1,1
463,LATE,14,25416538,175000000,KT - EX,Menos de 12 meses,Servicios,Venture,Bogotá D.C.,6,No,Si,825,4,Si,No,No,No,31,FriendOrColleague,2,No,No,43,No,0,1,1
464,LATE,408,5600184,150000000,CR ,25 a 36 meses,Industria,Seed,Medellín,4,No,No,932,4,No,Si,No,Si,43,FriendOrColleague,1,Si,Si,6,No,0,1,2
465,LATE,29,25444843,175000000,KT - CO,13 a 24 meses,Comercio,Seed,Bogotá D.C.,3,No,No,687,6,Si,No,No,No,39,CreditProfessionalContact,1,No,No,14,Si,1,1,1
466,PAID,0,41070197,50000000,KT - CO,Menos de 12 meses,Servicios,Seed,Bogotá D.C.,5,No,No,0,0,No,No,No,Si,32,Newspapers,2,No,No,5,No,0,1,1
467,PAID,0,114747467,360000000,KT - CO,13 a 24 meses,Comercio,Venture,Bogotá D.C.,3,No,No,927,6,Si,Si,Si,Si,42,FriendOrColleague,1,No,Si,4,No,0,1,1
468,PAID,2,60965773,330000000,CR ,13 a 24 meses,Servicios,Scale Up,Pereira,5,No,Si,862,3,No,No,No,No,42,SocialNetworks,3,No,Si,31,No,1,1,1
469,PAID,0,16729395,60000000,KT - EX,Menos de 12 meses,Servicios,Seed,Bogotá D.C.,4,No,No,0,0,Si,No,Si,Si,42,CreditProfessionalContact,1,No,No,2,No,0,1,1
470,LATE,49,16291446,50000000,KT - CO,13 a 24 meses,Industria,Seed,Copacabana,3,No,No,943,0,No,No,No,No,45,FriendOrColleague,1,No,Si,16,No,1,1,1
471,PAID,5,38139810,200000000,KT - EX,13 a 24 meses,Servicios,Seed,Medellín,5,No,No,938,1,Si,No,No,Si,44,FriendOrColleague,1,No,No,12,No,0,1,1
472,PAID,2,89353418,500000000,KT - CO,13 a 24 meses,Servicios,Growth,Bogotá D.C.,5,Si,Si,925,10,Si,No,Si,Si,42,FriendOrColleague,2,No,Si,27,No,1,0,0
473,PAID,9,30744939,100000000,SP,13 a 24 meses,Servicios,Scale Up,Medellín,4,No,Si,165,2,Si,Si,Si,Si,55,Other,3,No,Si,29,No,2,1,1
474,PAID,35,22810087,75000000,KT - EX,13 a 24 meses,Industria,Seed,Medellín,4,No,No,962,0,No,Si,No,No,32,FriendOrColleague,2,No,No,6,Si,1,1,1
475,PAID,36,16767651,60000000,KT - CO,Menos de 12 meses,Comercio,Seed,Bogotá D.C.,4,No,No,933,3,No,No,Si,No,32,FriendOrColleague,2,No,No,1,No,1,1,1
476,PAID,1,45350391,150000000,KT - CO,13 a 24 meses,Comercio,Scale Up,Medellín,3,No,No,925,2,No,No,No,No,48,CreditProfessionalContact,2,No,Si,62,No,3,1,1
477,PAID,10,55429375,250000000,KT - CO,Menos de 12 meses,Servicios,Scale Up,Bogotá D.C.,4,Si,Si,804,16,Si,Si,No,Si,57,Email,1,Si,Si,50,Si,4,0,0
478,PAID,1,9123228,30000000,KT - EX,13 a 24 meses,Servicios,Seed,Cali,5,No,No,957,0,Si,Si,Si,Si,37,SocialNetworks,1,No,No,7,No,0,1,1
479,LATE,7,9786739,60000000,KT - EX,13 a 24 meses,Servicios,Seed,Bogotá D.C.,4,No,No,877,2,Si,No,No,Si,44,Internet,2,Si,Si,24,Si,1,1,1
480,LATE,168,32090550,300000000,KT - EX,25 a 36 meses,Comercio,Growth,Medellín,5,No,No,920,3,No,Si,No,No,68,Other,1,No,Si,20,No,0,1,1
481,PAID,13,11705145,30000000,KT - CO,13 a 24 meses,Industria,Seed,Medellín,3,No,No,0,1,No,No,No,No,22,FriendOrColleague,1,No,No,4,Si,1,1,1
482,LATE,187,6275878,30000000,KT - EX,13 a 24 meses,Servicios,Seed,Bogotá D.C.,4,No,No,895,1,No,No,No,No,58,FriendOrColleague,2,No,No,3,Si,1,1,1
483,LATE,38,11562785,45000000,KT - EX,13 a 24 meses,Servicios,Seed,Medellín,4,No,Si,892,0,Si,Si,Si,Si,44,SocialNetworks,1,No,No,4,No,1,1,1
484,LATE,25,47929858,150000000,KT - CO,13 a 24 meses,Servicios,Venture,Medellín,5,No,No,929,2,Si,Si,Si,Si,40,Other,6,No,Si,15,No,1,1,1
485,LATE,19,12980741,90000000,CR ,13 a 24 meses,Servicios,Seed,Bogotá D.C.,2,No,No,933,2,No,No,No,No,42,CreditProfessionalContact,1,Si,No,5,Si,1,1,1
486,LATE,89,13048847,50000000,SP,13 a 24 meses,Servicios,Seed,Bogotá D.C.,5,No,No,896,1,Si,No,No,Si,41,FriendOrColleague,1,No,Si,2,Si,2,1,1
487,PAID,0,22716095,100000000,KT - CO,25 a 36 meses,Comercio,Seed,Barranquilla,5,Si,No,933,3,Si,Si,No,No,71,CreditProfessionalContact,3,No,Si,14,No,3,1,1
488,LATE,6,20619765,110000000,CR ,25 a 36 meses,Industria,Venture,Bogotá D.C.,3,No,No,0,2,Si,Si,No,No,41,FriendOrColleague,1,No,Si,18,No,4,1,1
489,LATE,60,54954172,300000000,CR ,25 a 36 meses,Servicios,Seed,Bogotá D.C.,4,No,No,910,6,Si,No,No,Si,56,CreditProfessionalContact,5,No,Si,28,Si,4,1,1
490,PAID,10,27628562,120000000,KT - CO,Menos de 12 meses,Servicios,Seed,Bogotá D.C.,3,No,No,916,3,Si,No,Si,No,39,Other,2,No,Si,15,No,3,1,1
491,PAID,2,24214797,220000000,KT - CO,13 a 24 meses,Servicios,Seed,Bogotá D.C.,5,No,No,806,3,Si,No,No,No,36,SocialNetworks,1,No,No,10,Si,1,1,1
492,PAID,3,76661853,200000000,KT - CO,13 a 24 meses,Comercio,Venture,Bogotá D.C.,4,No,No,937,3,Si,Si,No,No,43,CreditProfessionalContact,2,No,Si,14,No,3,1,1
493,PAID,10,6631616,30000000,CR ,25 a 36 meses,Servicios,Seed,Bogotá D.C.,6,No,Si,938,2,Si,Si,Si,Si,32,Internet,1,No,Si,8,No,1,1,1
494,PAID,1,88424192,300000000,KT - EX,13 a 24 meses,Servicios,Venture,Bogotá D.C.,6,No,No,969,0,No,No,No,Si,45,CommunicationMedia,1,No,Si,35,No,6,1,1
495,PAID,3,27595237,150000000,KT - EX,13 a 24 meses,Servicios,Seed,Medellín,5,No,Si,325,1,No,Si,No,Si,28,Referrer,2,No,No,12,No,0,1,1
496,PAID,18,90985563,300000000,KT - CO,13 a 24 meses,Comercio,Growth,Medellín,5,Si,Si,933,11,Si,Si,Si,Si,53,CreditProfessionalContact,69,Si,Si,69,No,5,0,0
497,LATE,18,37935382,150000000,KT - CO,13 a 24 meses,Servicios,Venture,Medellín,5,No,No,950,3,Si,No,No,Si,40,Referrer,4,No,No,26,No,1,1,1
498,LATE,1,27249934,150000000,CR ,25 a 36 meses,Servicios,Scale Up,Barranquilla,4,No,No,943,5,No,No,Si,No,46,Referrer,2,No,Si,25,No,1,1,1
499,LATE,570,0,100000000,KT - EX,13 a 24 meses,Servicios,Scale Up,Bogotá D.C.,3,No,Si,882,4,No,Si,No,No,54,Other,1,No,Si,5,No,0,1,2
500,PAID,81,50481755,50000000,SP,13 a 24 meses,Industria,Seed,Medellín,6,No,No,944,1,No,Si,No,Si,27,FriendOrColleague,3,No,No,15,Si,2,1,1
501,PAID,4,12055883,40000000,SP,13 a 24 meses,Servicios,Seed,Medellín,4,No,No,0,0,Si,Si,Si,Si,30,CreditProfessionalContact,3,Si,No,11,No,0,1,1
502,LATE,13,14785067,80000000,CR ,25 a 36 meses,Industria,Seed,Medellín,3,No,No,919,2,No,No,No,No,40,Referrer,1,Si,Si,14,No,1,1,1
503,PAID,14,15342260,50000000,KT - CO,13 a 24 meses,Servicios,Seed,Medellín,4,No,No,874,0,Si,No,No,Si,35,Fenalco,2,No,Si,10,No,2,1,1
504,LATE,29,18327376,170000000,KT - EX,13 a 24 meses,Servicios,Seed,Medellín,4,No,Si,828,2,Si,No,Si,Si,32,RutaN,3,No,No,8,No,0,1,1
505,PAID,8,9202102,30000000,CR ,13 a 24 meses,Servicios,Seed,Medellín,3,No,No,906,2,No,No,No,No,43,Fenalco,1,No,No,37,Si,3,1,1
506,PAID,0,18392912,110000000,KT - CO,13 a 24 meses,Servicios,Venture,Medellín,4,No,No,829,5,No,Si,Si,Si,42,RutaN,2,No,Si,10,No,1,1,1
507,PAID,0,22054331,100000000,KT - EX,25 a 36 meses,Servicios,Scale Up,Medellín,4,No,No,860,2,No,No,No,Si,29,RutaN,3,No,Si,35,No,4,1,1
508,PAID,0,33681577,110000000,KT - EX,13 a 24 meses,Servicios,Seed,Medellín,5,No,Si,870,1,Si,No,Si,Si,41,RutaN,1,No,No,11,No,0,1,1
509,LATE,157,13165959,50000000,KT - CO,13 a 24 meses,Industria,Seed,Bogotá D.C.,4,No,No,942,1,Si,No,No,Si,60,CreditProfessionalContact,1,No,Si,15,No,3,1,1
510,PAID,25,27875443,120000000,KT - EX,Menos de 12 meses,Servicios,Seed,Medellín,3,No,No,937,2,Si,No,No,No,32,RutaN,2,No,Si,12,Si,1,1,1
511,PAID,58,19539608,50000000,KT - CO,13 a 24 meses,Comercio,Scale Up,Bogotá D.C.,4,No,Si,340,4,Si,Si,Si,Si,47,FriendOrColleague,2,No,Si,9,Si,2,1,1
512,LATE,49,12678458,50000000,SP,13 a 24 meses,Servicios,Venture,Manizales,4,No,No,925,4,Si,No,Si,No,46,Other,1,No,Si,6,No,2,1,1
513,PAID,0,9209444,30000000,KT - CO,13 a 24 meses,Industria,Seed,Barranquilla,2,No,No,967,1,No,No,No,Si,32,Referrer,2,No,No,4,No,0,1,1
514,PAID,49,45136252,150000000,KT - EX,13 a 24 meses,Comercio,Scale Up,Itagüí,4,No,Si,933,7,No,No,Si,Si,36,SocialNetworks,5,No,Si,22,No,1,1,1
515,PAID,16,45222072,150000000,KT - EX,13 a 24 meses,Servicios,Venture,Bogotá D.C.,6,No,No,939,2,Si,Si,Si,Si,32,FriendOrColleague,1,No,Si,45,Si,3,1,1
516,PAID,0,31289766,80000000,KT - EX,13 a 24 meses,Servicios,Venture,Bogotá D.C.,4,No,Si,791,1,Si,No,Si,Si,37,SocialNetworks,3,No,Si,15,No,1,1,1
517,PAID,0,15292200,50000000,CR ,13 a 24 meses,Servicios,Seed,Bogotá D.C.,4,No,No,974,3,Si,Si,No,No,38,SocialNetworks,1,No,Si,5,No,1,1,1
518,PAID,0,54360796,180000000,SP,13 a 24 meses,Servicios,Seed,Bogotá D.C.,5,No,Si,893,4,Si,Si,Si,Si,38,SocialNetworks,4,No,Si,27,Si,5,1,1
519,LATE,267,11365823,100000000,SP,25 a 36 meses,Servicios,Seed,Medellín,3,No,Si,180,2,No,Si,No,No,47,Referrer,2,No,Si,8,No,2,1,2
520,LATE,107,27631332,150000000,KT - EX,25 a 36 meses,Comercio,Scale Up,Bucaramanga,3,No,Si,933,6,No,No,No,No,48,Referrer,2,No,Si,4,No,0,1,1
521,LATE,480,0,100000000,CR ,13 a 24 meses,Industria,Scale Up,Cali,3,No,No,950,1,No,No,No,No,37,FriendOrColleague,1,No,No,9,No,0,1,2
522,PAID,12,59538788,200000000,KT - EX,13 a 24 meses,Industria,Growth,Bogotá D.C.,4,Si,No,929,28,Si,Si,Si,Si,61,CreditProfessionalContact,3,No,Si,196,No,5,0,0
523,LATE,92,53684248,300000000,KT - EX,25 a 36 meses,Servicios,Growth,Medellín,6,Si,No,920,4,No,No,No,No,65,FriendOrColleague,1,Si,Si,80,No,0,1,1
524,LATE,69,18576327,100000000,CR ,25 a 36 meses,Servicios,Seed,Medellín,4,No,No,805,0,Si,Si,No,No,28,Referrer,1,No,Si,4,No,0,1,1
525,PAID,2,47706277,150000000,KT - EX,13 a 24 meses,Servicios,Venture,Bogotá D.C.,5,Si,Si,872,1,No,Si,Si,Si,33,FriendOrColleague,4,No,No,26,No,2,1,1
526,LATE,34,27671503,150000000,KT - CO,25 a 36 meses,Servicios,Growth,Rionegro,5,No,Si,828,6,Si,Si,No,No,39,Referrer,2,No,Si,40,No,3,1,1
527,LATE,132,20508845,80000000,KT - CO,13 a 24 meses,Industria,Venture,Bogotá D.C.,6,Si,No,896,5,No,No,No,Si,25,Referrer,2,No,Si,23,No,5,1,1
528,PAID,57,16789109,30000000,KT - EX,Menos de 12 meses,Servicios,Seed,Bogotá D.C.,4,No,No,0,2,No,No,No,No,36,SocialNetworks,1,No,No,2,No,0,1,1
529,LATE,116,60268228,300000000,KT - EX,13 a 24 meses,Servicios,Scale Up,Bogotá D.C.,4,Si,Si,866,6,Si,No,No,Si,47,Referrer,1,No,Si,62,No,2,1,1
530,LATE,27,34985638,140000000,KT - CO,13 a 24 meses,Servicios,Scale Up,Medellín,4,No,No,952,1,No,No,No,Si,35,Referrer,1,No,Si,14,Si,2,1,1
531,LATE,7,36092226,360000000,KT - CO,25 a 36 meses,Comercio,Scale Up,Bogotá D.C.,4,No,No,797,12,Si,No,No,Si,30,FriendOrColleague,5,No,Si,25,No,3,1,1
532,LATE,6,12921895,40000000,CR ,13 a 24 meses,Servicios,Seed,Medellín,4,Si,Si,974,2,Si,No,No,Si,42,Fenalco,1,No,No,24,No,3,1,1
533,PAID,0,30307198,100000000,KT - CO,13 a 24 meses,Servicios,Growth,Bogotá D.C.,5,Si,Si,925,31,Si,Si,Si,Si,74,CreditProfessionalContact,4,No,Si,255,No,1,0,0
534,LATE,85,17766810,70000000,KT - EX,13 a 24 meses,Servicios,Venture,Bogotá D.C.,3,Si,Si,875,0,Si,No,No,No,25,CommunicationMedia,3,No,Si,15,Si,1,1,1
535,LATE,508,0,100000000,KT - CO,13 a 24 meses,Servicios,Venture,Bogotá D.C.,4,No,No,869,7,Si,No,No,No,29,Fenalco,1,No,Si,15,Si,3,1,2
536,LATE,35,48367878,150000000,KT - EX,13 a 24 meses,Servicios,Venture,Bogotá D.C.,4,No,No,920,1,Si,Si,No,No,44,Referrer,1,No,No,8,No,1,1,1
537,PAID,1,45458114,150000000,KT - CO,13 a 24 meses,Comercio,Seed,Bogotá D.C.,6,No,No,872,3,No,No,No,No,36,Referrer,2,No,Si,6,No,2,1,1
538,PAID,12,9203287,30000000,CR ,13 a 24 meses,Comercio,Seed,Bogotá D.C.,5,No,No,940,1,No,No,No,Si,41,Referrer,1,No,No,4,Si,2,1,1
539,LATE,333,1534373,30000000,KT - CO,13 a 24 meses,Comercio,Seed,Medellín,5,Si,Si,859,3,No,No,No,No,63,FriendOrColleague,1,No,Si,6,Si,3,1,1
540,PAID,0,19365563,50000000,KT - EX,13 a 24 meses,Servicios,Seed,Bogotá D.C.,6,No,No,945,2,Si,No,No,No,40,CommunicationMedia,2,No,Si,8,No,2,1,1
541,LATE,1,45718969,250000000,CR ,25 a 36 meses,Servicios,Scale Up,Barranquilla,3,No,No,934,4,No,No,No,No,42,Referrer,1,No,No,14,No,1,1,1
542,PAID,1,30516154,100000000,CR ,13 a 24 meses,Comercio,Scale Up,Bucaramanga,4,No,Si,883,12,No,No,No,Si,24,Referrer,3,No,Si,8,No,1,1,1
543,LATE,85,25115345,100000000,SP,13 a 24 meses,Servicios,Seed,Bogotá D.C.,3,Si,Si,947,1,Si,Si,Si,Si,40,CreditProfessionalContact,1,Si,Si,9,No,1,1,1
544,LATE,63,95941569,420000000,KT - EX,13 a 24 meses,Servicios,Scale Up,Bogotá D.C.,4,No,No,925,8,Si,No,No,No,42,Internet,2,No,Si,52,No,3,1,1
545,LATE,16,54869282,300000000,CR ,25 a 36 meses,Comercio,Growth,Medellín,6,No,No,925,11,Si,Si,Si,Si,71,Referrer,6,No,No,100,Si,5,0,0
546,LATE,143,19255867,75000000,KT - EX,13 a 24 meses,Servicios,Seed,Pereira,4,Si,Si,0,0,Si,No,No,Si,48,SocialNetworks,1,No,No,4,Si,1,1,1
547,PAID,4,25007232,115000000,KT - CO,Menos de 12 meses,Servicios,Seed,Rionegro,5,No,Si,664,5,No,No,No,No,60,SocialNetworks,2,No,No,13,No,1,1,1
548,LATE,299,30445876,200000000,CR ,13 a 24 meses,Servicios,Growth,Medellín,4,No,No,915,7,No,No,No,No,37,FriendOrColleague,1,No,Si,8,No,1,1,2
549,LATE,39,37665771,150000000,KT - CO,13 a 24 meses,Servicios,Venture,Medellín,3,No,No,920,5,No,Si,No,Si,28,Referrer,1,No,Si,32,No,2,1,1
550,LATE,96,15235705,90000000,CR ,13 a 24 meses,Servicios,Seed,Bogotá D.C.,4,No,No,896,5,No,No,No,No,44,Referrer,1,No,No,8,No,0,1,1
551,PAID,16,15497414,90000000,KT - EX,13 a 24 meses,Servicios,Seed,Medellín,4,No,No,923,1,Si,Si,No,No,30,Referrer,1,No,No,4,No,0,1,1
552,PAID,0,21187947,70000000,KT - CO,13 a 24 meses,Servicios,Seed,Bogotá D.C.,3,No,No,933,0,Si,No,No,Si,42,FriendOrColleague,2,No,No,1,Si,1,1,1
553,PAID,2,38426287,100000000,KT - CO,13 a 24 meses,Industria,Venture,Bogotá D.C.,4,No,No,879,8,Si,No,No,No,49,CreditProfessionalContact,2,No,Si,25,No,2,1,1
554,LATE,49,7518139,30000000,CR ,13 a 24 meses,Servicios,Seed,Bogotá D.C.,4,No,No,980,2,No,No,No,No,46,FriendOrColleague,2,No,Si,4,No,0,1,1
555,PAID,0,22236876,40000000,SP,Menos de 12 meses,Servicios,Seed,Bogotá D.C.,6,Si,Si,960,2,Si,Si,Si,Si,37,CommunicationMedia,1,No,No,12,No,1,1,1
556,LATE,53,55401283,150000000,KT - CO,Menos de 12 meses,Servicios,Seed,Bogotá D.C.,5,No,No,867,2,Si,Si,Si,Si,37,SocialNetworks,2,No,Si,6,Si,1,1,1
557,PAID,3,11715482,30000000,KT - CO,13 a 24 meses,Comercio,Seed,Medellín,2,No,No,0,2,No,No,No,No,23,CommunicationMedia,2,No,No,2,Si,0,1,1
558,LATE,46,32262704,70000000,KT - EX,Menos de 12 meses,Servicios,Seed,Bogotá D.C.,6,No,Si,951,1,Si,Si,No,Si,42,FriendOrColleague,1,No,No,4,No,1,1,1
559,LATE,24,75246006,300000000,CR ,13 a 24 meses,Servicios,Venture,Bogotá D.C.,5,No,Si,829,7,Si,No,Si,No,39,Referrer,2,No,Si,10,Si,2,1,1
560,LATE,82,9678233,30000000,KT - EX,13 a 24 meses,Comercio,Seed,Bogotá D.C.,6,No,No,907,4,Si,Si,No,Si,30,Internet,2,Si,Si,10,Si,1,1,1
561,PAID,2,45300752,150000000,KT - EX,13 a 24 meses,Servicios,Venture,Bogotá D.C.,5,No,No,870,10,Si,No,No,No,31,FriendOrColleague,3,No,Si,23,Si,6,1,1
562,PAID,0,19400129,50000000,KT - CO,13 a 24 meses,Servicios,Venture,Bogotá D.C.,3,No,No,956,2,No,No,No,No,58,CreditProfessionalContact,1,No,Si,6,No,2,1,1
563,PAID,9,27813266,50000000,KT - CO,Menos de 12 meses,Servicios,Seed,Bogotá D.C.,3,No,No,964,1,No,Si,No,Si,36,CreditProfessionalContact,2,No,No,7,Si,3,1,1
564,PAID,8,11605229,30000000,KT - CO,13 a 24 meses,Servicios,Venture,Bogotá D.C.,5,No,Si,925,1,Si,No,No,No,48,Internet,1,No,No,1,Si,1,1,1
565,LATE,90,12758503,50000000,KT - CO,13 a 24 meses,Servicios,Seed,Bogotá D.C.,5,No,No,0,1,Si,No,No,No,45,Internet,1,No,No,2,No,0,1,1
566,PAID,10,9065756,30000000,SP,13 a 24 meses,Servicios,Venture,Bogotá D.C.,3,No,Si,959,1,Si,No,No,No,40,Internet,2,No,Si,3,Si,1,1,1
567,LATE,152,32829690,300000000,KT - EX,25 a 36 meses,Servicios,Growth,Medellín,4,No,No,920,8,Si,Si,Si,Si,54,SocialNetworks,1,No,Si,30,Si,4,1,1
568,LATE,109,10219933,40000000,KT - EX,13 a 24 meses,Servicios,Seed,Bogotá D.C.,3,No,No,664,3,No,No,No,No,59,CreditProfessionalContact,1,No,Si,5,No,0,1,1
569,LATE,11,44172685,205000000,KT - CO,13 a 24 meses,Comercio,Seed,Medellín,4,Si,No,743,5,Si,No,No,No,44,SocialNetworks,2,No,Si,7,No,0,1,1
570,LATE,99,20352196,100000000,KT - CO,13 a 24 meses,Industria,Venture,Bogotá D.C.,3,No,No,937,3,No,No,No,No,31,Internet,2,No,Si,20,No,1,1,1
571,LATE,88,15288351,60000000,KT - CO,13 a 24 meses,Servicios,Seed,Bogotá D.C.,4,No,Si,934,5,Si,Si,No,Si,38,CommunicationMedia,2,No,Si,9,Si,3,1,1
572,LATE,29,16038476,50000000,KT - CO,13 a 24 meses,Servicios,Seed,Bogotá D.C.,5,No,No,967,2,Si,Si,No,Si,39,SocialNetworks,2,No,Si,6,No,0,1,1
573,LATE,4,36277437,200000000,KT - EX,25 a 36 meses,Servicios,Venture,Bogotá D.C.,4,No,Si,892,5,Si,No,Si,Si,38,CommunicationMedia,1,No,Si,18,No,3,1,1
574,LATE,57,23829284,130000000,CR ,25 a 36 meses,Servicios,Venture,Bogotá D.C.,4,No,No,911,2,No,No,No,No,35,Internet,3,Si,Si,14,No,5,1,1
575,PAID,0,85184813,400000000,KT - EX,25 a 36 meses,Servicios,Venture,Medellín,6,No,Si,920,2,Si,Si,No,Si,38,SocialNetworks,2,Si,Si,12,No,9,1,0
576,LATE,1,16168099,50000000,KT - CO,13 a 24 meses,Servicios,Venture,Bogotá D.C.,3,No,No,226,8,Si,No,No,Si,56,Referrer,2,No,Si,6,No,0,1,1
