,client_id,loan_id,state,arrears_days,total_paid,Monto Acumulado,Uso de los recursos,Plazo,Sector,Ingresos,Ubicación,Estrato Mínimo,Procesos judiciales,Alertas,Score Bureau Empresa,Huellas de Consulta,Tiempo en el negocio,Website empresa,Instagram empresa,LinkedIn empresa,LinkedIn empresarios,Edad empresarios,Activador,Número de accionistas,Impacto,Acceso previso a la banca,# Empleados,Mujeres empresarias,Mujeres en cargos directivos,cluster
0,241,1076,PAID_LATE,17,147915805.0,250000000,CR ,25 a 36 meses,Servicios,Seed,Medellín,5,No,No,925.0,8.0,2016,Si,Si,Si,Si,45,Internet,2.0,No,Si,16,No,2,0
1,241,1244,PAID_LATE,23,91852726.0,250000000,CR ,25 a 36 meses,Servicios,Seed,Medellín,5,No,No,925.0,8.0,2016,Si,Si,Si,Si,45,Internet,2.0,No,Si,16,No,2,0
2,362,1469,PAID_LATE,14,15211138.0,50000000,KT - EX,13 a 24 meses,Servicios,Seed,Medellín,3,No,No,924.0,2.0,2014,Si,No,Si,No,32,SocialNetworks,3.0,No,Si,3,No,0,1
3,428,119,PAID_LATE,64,8713879.0,40000000,SP,13 a 24 meses,Industria,Seed,Medellín,4,No,No,861.0,1.0,2015,Si,No,Si,Si,44,CreditProfessionalContact,2.0,No,Si,5,No,0,1
4,428,120,PAID_LATE,64,8102608.0,40000000,SP,13 a 24 meses,Industria,Seed,Medellín,4,No,No,861.0,1.0,2015,Si,No,Si,Si,44,CreditProfessionalContact,2.0,No,Si,5,No,0,1
5,429,998,PAID_LATE,65,34013973.0,111491000,SP,Menos de 12 meses,Servicios,Seed,Medellín,4,No,No,951.0,0.0,2008,No,No,No,No,49,CreditProfessionalContact,2.0,No,No,5,No,2,1
6,429,1512,PAID_LATE,42,9890745.0,111491000,SP,Menos de 12 meses,Servicios,Seed,Medellín,4,No,No,951.0,0.0,2008,No,No,No,No,49,CreditProfessionalContact,2.0,No,No,5,No,2,1
7,430,205,PAID_LATE,33,127943202.0,1299370581,KT - CO,Menos de 12 meses,Industria,Venture,Envigado,5,No,Si,810.0,20.0,2015,Si,Si,Si,Si,24,Other,3.0,No,Si,22,No,0,0
8,430,587,PAID,1,91401252.0,1299370581,KT - CO,Menos de 12 meses,Industria,Venture,Envigado,5,No,Si,810.0,20.0,2015,Si,Si,Si,Si,24,Other,3.0,No,Si,22,No,0,0
9,430,1092,PAID,0,69718610.0,1299370581,KT - CO,Menos de 12 meses,Industria,Venture,Envigado,5,No,Si,810.0,20.0,2015,Si,Si,Si,Si,24,Other,3.0,No,Si,22,No,0,0
10,430,1337,PAID,0,156686604.0,1299370581,KT - CO,Menos de 12 meses,Industria,Venture,Envigado,5,No,Si,810.0,20.0,2015,Si,Si,Si,Si,24,Other,3.0,No,Si,22,No,0,0
11,431,608,PAID,0,108148102.0,110000000,KT - EX,Más de 37 meses,Servicios,Seed,Medellín,6,No,No,885.0,1.0,2014,No,No,No,No,41,FriendOrColleague,2.0,No,Si,20,No,3,1
12,432,975,LATE,95,43921726.0,675000000,CR ,25 a 36 meses,Industria,Venture,Bogotá D.C.,5,No,No,891.0,9.0,2013,Si,Si,No,No,37,FriendOrColleague,2.0,No,Si,146,Si,0,0
13,432,1344,PAID_LATE,53,5184642.0,675000000,CR ,25 a 36 meses,Industria,Venture,Bogotá D.C.,5,No,No,891.0,9.0,2013,Si,Si,No,No,37,FriendOrColleague,2.0,No,Si,146,Si,0,0
14,459,579,PAID,0,153491420.0,150000000,CR ,13 a 24 meses,Servicios,Scale Up,Medellín,4,No,No,933.0,7.0,2008,Si,Si,Si,Si,40,CreditProfessionalContact,5.0,No,Si,42,No,0,0
15,461,703,PAID,2,55041196.0,700000000,KT - CO,Menos de 12 meses,Comercio,Venture,Bogotá D.C.,4,No,No,933.0,10.0,2016,No,No,No,No,32,Newspapers,3.0,No,Si,8,Si,1,1
16,461,1252,PAID,4,63816316.0,700000000,KT - CO,Menos de 12 meses,Comercio,Venture,Bogotá D.C.,4,No,No,933.0,10.0,2016,No,No,No,No,32,Newspapers,3.0,No,Si,8,Si,1,1
17,461,1510,PAID,4,68557372.0,700000000,KT - CO,Menos de 12 meses,Comercio,Venture,Bogotá D.C.,4,No,No,933.0,10.0,2016,No,No,No,No,32,Newspapers,3.0,No,Si,8,Si,1,1
18,472,123,PAID,0,109740029.0,610000000,KT - CO,Menos de 12 meses,Servicios,Venture,Sabaneta,5,No,Si,891.0,14.0,2011,No,No,No,Si,32,CreditProfessionalContact,1.0,No,Si,4,No,1,0
19,472,700,PAID_LATE,19,75420306.0,610000000,KT - CO,Menos de 12 meses,Servicios,Venture,Sabaneta,5,No,Si,891.0,14.0,2011,No,No,No,Si,32,CreditProfessionalContact,1.0,No,Si,4,No,1,0
20,472,1149,PAID_LATE,17,16304899.0,610000000,KT - CO,Menos de 12 meses,Servicios,Venture,Sabaneta,5,No,Si,891.0,14.0,2011,No,No,No,Si,32,CreditProfessionalContact,1.0,No,Si,4,No,1,0
21,472,1308,PAID_LATE,11,49378916.0,610000000,KT - CO,Menos de 12 meses,Servicios,Venture,Sabaneta,5,No,Si,891.0,14.0,2011,No,No,No,Si,32,CreditProfessionalContact,1.0,No,Si,4,No,1,0
22,472,1322,PAID,4,49228148.0,610000000,KT - CO,Menos de 12 meses,Servicios,Venture,Sabaneta,5,No,Si,891.0,14.0,2011,No,No,No,Si,32,CreditProfessionalContact,1.0,No,Si,4,No,1,0
23,473,716,PAID,1,26031488.0,220000000,KT - EX,Menos de 12 meses,Servicios,Venture,Medellín,4,No,No,931.0,2.0,2015,Si,No,No,No,42,FriendOrColleague,3.0,No,Si,185,No,0,1
24,473,1152,PAID,1,54693470.0,220000000,KT - EX,Menos de 12 meses,Servicios,Venture,Medellín,4,No,No,931.0,2.0,2015,Si,No,No,No,42,FriendOrColleague,3.0,No,Si,185,No,0,0
25,498,644,PAID,2,17747694.0,135000000,KT - EX,Menos de 12 meses,Servicios,Venture,Medellín,5,No,No,883.0,1.0,2016,Si,Si,Si,No,37,CreditProfessionalContact,1.0,No,No,4,No,0,1
26,498,1105,PAID,11,36806539.0,135000000,KT - EX,Menos de 12 meses,Servicios,Venture,Medellín,5,No,No,883.0,1.0,2016,Si,Si,Si,No,37,CreditProfessionalContact,1.0,No,No,4,No,0,1
27,504,976,LATE,189,25368907.0,100000000,KT - EX,13 a 24 meses,Servicios,Venture,Bogotá D.C.,5,No,No,901.0,4.0,2012,Si,No,No,No,35,Internet,3.0,No,Si,22,No,1,1
28,504,1144,PAID_LATE,41,14972404.0,100000000,KT - EX,13 a 24 meses,Servicios,Venture,Bogotá D.C.,5,No,No,901.0,4.0,2012,Si,No,No,No,35,Internet,3.0,No,Si,22,No,1,1
29,505,982,PAID_LATE,59,36566538.0,200000000,KT - EX,25 a 36 meses,Industria,Venture,Medellín,4,Si,No,882.0,3.0,1999,Si,Si,Si,Si,48,Internet,2.0,No,Si,16,No,1,0
30,505,1444,LATE,217,19939097.0,200000000,KT - EX,25 a 36 meses,Industria,Venture,Medellín,4,Si,No,882.0,3.0,1999,Si,Si,Si,Si,48,Internet,2.0,No,Si,16,No,1,0
31,506,678,PAID,3,10407317.0,110000000,KT - CO,Menos de 12 meses,Servicios,Venture,Medellín,4,No,No,902.0,6.0,2012,Si,No,No,No,32,FriendOrColleague,2.0,No,Si,10,Si,1,1
32,524,707,PAID_LATE,22,27087586.0,30000000,SP,25 a 36 meses,Industria,Venture,Itagüí,4,Si,No,892.0,4.0,2011,No,Si,No,No,35,CreditProfessionalContact,2.0,No,Si,8,No,2,1
33,547,121,PAID_LATE,20,38658707.0,350000000,KT - CO,Menos de 12 meses,Servicios,Scale Up,Medellín,4,Si,No,862.0,10.0,2012,Si,Si,No,No,39,CreditProfessionalContact,2.0,No,Si,35,Si,0,0
34,547,704,PAID_LATE,18,27559185.0,350000000,KT - CO,Menos de 12 meses,Servicios,Scale Up,Medellín,4,Si,No,862.0,10.0,2012,Si,Si,No,No,39,CreditProfessionalContact,2.0,No,Si,35,Si,0,0
35,548,705,PAID,0,38103713.0,630000000,KT - EX,Menos de 12 meses,Servicios,Scale Up,Bogotá D.C.,5,No,No,881.0,7.0,2013,Si,No,No,No,37,Other,4.0,No,Si,32,No,3,0
36,548,726,PAID,2,82577251.0,630000000,KT - EX,Menos de 12 meses,Servicios,Scale Up,Bogotá D.C.,5,No,No,881.0,7.0,2013,Si,No,No,No,37,Other,4.0,No,Si,32,No,3,0
37,548,1265,PAID_LATE,32,296718260.0,630000000,KT - EX,Menos de 12 meses,Servicios,Scale Up,Bogotá D.C.,5,No,No,881.0,7.0,2013,Si,No,No,No,37,Other,4.0,No,Si,32,No,3,0
38,549,245,PAID,0,15257019.0,170000000,KT - CO,13 a 24 meses,Servicios,Seed,Medellín,3,No,No,780.0,1.0,2016,No,No,No,No,31,CreditProfessionalContact,3.0,No,No,2,No,2,1
39,549,1376,PAID_LATE,16,15358471.0,170000000,KT - CO,13 a 24 meses,Servicios,Seed,Medellín,3,No,No,780.0,1.0,2016,No,No,No,No,31,CreditProfessionalContact,3.0,No,No,2,No,2,1
40,560,723,PAID_LATE,15,27801393.0,260000000,KT - EX,Menos de 12 meses,Industria,Venture,Bogotá D.C.,3,No,Si,898.0,16.0,2014,Si,No,Si,No,55,FriendOrColleague,4.0,No,No,8,Si,1,0
41,560,1059,PAID_LATE,16,11313722.0,260000000,KT - EX,Menos de 12 meses,Industria,Venture,Bogotá D.C.,3,No,Si,898.0,16.0,2014,Si,No,Si,No,55,FriendOrColleague,4.0,No,No,8,Si,1,0
42,560,1061,PAID_LATE,30,19386985.0,260000000,KT - EX,Menos de 12 meses,Industria,Venture,Bogotá D.C.,3,No,Si,898.0,16.0,2014,Si,No,Si,No,55,FriendOrColleague,4.0,No,No,8,Si,1,0
43,560,1435,PAID_LATE,27,15208314.0,260000000,KT - EX,Menos de 12 meses,Industria,Venture,Bogotá D.C.,3,No,Si,898.0,16.0,2014,Si,No,Si,No,55,FriendOrColleague,4.0,No,No,8,Si,1,0
44,574,107,LATE,257,25022334.0,300000000,KT - EX,13 a 24 meses,Servicios,Scale Up,Medellín,4,No,No,808.0,7.0,2014,No,No,No,No,25,Internet,2.0,No,Si,111,No,4,0
45,574,620,LATE,187,50078645.0,300000000,KT - EX,13 a 24 meses,Servicios,Scale Up,Medellín,4,No,No,808.0,7.0,2014,No,No,No,No,25,Internet,2.0,No,Si,111,No,4,0
46,575,609,PAID,0,61843053.0,274341316,KT - EX,Menos de 12 meses,Servicios,Seed,Bogotá D.C.,6,Si,No,878.0,1.0,2015,Si,Si,Si,Si,41,Other,2.0,No,Si,4,No,1,1
47,575,668,PAID_LATE,21,46448764.0,274341316,KT - EX,Menos de 12 meses,Servicios,Seed,Bogotá D.C.,6,Si,No,878.0,1.0,2015,Si,Si,Si,Si,41,Other,2.0,No,Si,4,No,1,1
48,575,1169,PAID,0,42150770.0,274341316,KT - EX,Menos de 12 meses,Servicios,Seed,Bogotá D.C.,6,Si,No,878.0,1.0,2015,Si,Si,Si,Si,41,Other,2.0,No,Si,4,No,1,1
49,599,990,LATE,622,0.0,100000000,CR ,13 a 24 meses,Servicios,Seed,La Ceja,4,Si,No,939.0,0.0,2016,No,No,No,No,45,Internet,1.0,No,No,20,No,1,1
50,600,206,PAID_LATE,28,69918220.0,420000000,KT - CO,13 a 24 meses,Industria,Venture,Medellín,4,No,No,760.0,2.0,2015,No,No,No,Si,38,FriendOrColleague,3.0,No,Si,7,No,0,1
51,600,1100,LATE,8,38283469.0,420000000,KT - CO,13 a 24 meses,Industria,Venture,Medellín,4,No,No,760.0,2.0,2015,No,No,No,Si,38,FriendOrColleague,3.0,No,Si,7,No,0,1
52,600,1113,PAID_LATE,29,31486760.0,420000000,KT - CO,13 a 24 meses,Industria,Venture,Medellín,4,No,No,760.0,2.0,2015,No,No,No,Si,38,FriendOrColleague,3.0,No,Si,7,No,0,1
53,601,658,PAID,4,60209243.0,130000000,KT - CO,25 a 36 meses,Industria,Seed,Medellín,6,No,No,933.0,2.0,2016,No,Si,No,Si,31,FriendOrColleague,2.0,No,No,3,No,2,1
54,601,838,PAID,0,56907320.0,130000000,KT - CO,25 a 36 meses,Industria,Seed,Medellín,6,No,No,933.0,2.0,2016,No,Si,No,Si,31,FriendOrColleague,2.0,No,No,3,No,2,1
55,602,978,LATE,216,11729187.0,600000000,CR ,Más de 37 meses,Industria,Growth,La Estrella,4,No,No,659.0,20.0,2012,Si,Si,Si,Si,46,CreditProfessionalContact,5.0,No,Si,100,No,4,0
56,602,980,LATE,210,35188037.0,600000000,CR ,Más de 37 meses,Industria,Growth,La Estrella,4,No,No,659.0,20.0,2012,Si,Si,Si,Si,46,CreditProfessionalContact,5.0,No,Si,100,No,4,0
57,602,989,LATE,210,11729134.0,600000000,CR ,Más de 37 meses,Industria,Growth,La Estrella,4,No,No,659.0,20.0,2012,Si,Si,Si,Si,46,CreditProfessionalContact,5.0,No,Si,100,No,4,0
58,602,1003,LATE,210,11729319.0,600000000,CR ,Más de 37 meses,Industria,Growth,La Estrella,4,No,No,659.0,20.0,2012,Si,Si,Si,Si,46,CreditProfessionalContact,5.0,No,Si,100,No,4,0
59,602,1219,LATE,613,0.0,600000000,CR ,Más de 37 meses,Industria,Growth,La Estrella,4,No,No,659.0,20.0,2012,Si,Si,Si,Si,46,CreditProfessionalContact,5.0,No,Si,100,No,4,0
60,602,1220,LATE,613,0.0,600000000,CR ,Más de 37 meses,Industria,Growth,La Estrella,4,No,No,659.0,20.0,2012,Si,Si,Si,Si,46,CreditProfessionalContact,5.0,No,Si,100,No,4,0
61,602,1221,LATE,613,0.0,600000000,CR ,Más de 37 meses,Industria,Growth,La Estrella,4,No,No,659.0,20.0,2012,Si,Si,Si,Si,46,CreditProfessionalContact,5.0,No,Si,100,No,4,0
62,602,1222,LATE,613,0.0,600000000,CR ,Más de 37 meses,Industria,Growth,La Estrella,4,No,No,659.0,20.0,2012,Si,Si,Si,Si,46,CreditProfessionalContact,5.0,No,Si,100,No,4,0
63,603,667,PAID,0,27650252.0,375000000,KT - EX,Menos de 12 meses,Servicios,Seed,Medellín,5,No,No,933.0,2.0,2013,Si,No,No,Si,43,CreditProfessionalContact,2.0,Si,No,3,No,0,1
64,603,1060,PAID,0,27639888.0,375000000,KT - EX,Menos de 12 meses,Servicios,Seed,Medellín,5,No,No,933.0,2.0,2013,Si,No,No,Si,43,CreditProfessionalContact,2.0,Si,No,3,No,0,1
65,603,1414,PAID,1,22650436.0,375000000,KT - EX,Menos de 12 meses,Servicios,Seed,Medellín,5,No,No,933.0,2.0,2013,Si,No,No,Si,43,CreditProfessionalContact,2.0,Si,No,3,No,0,1
66,613,34,PAID,0,100204762.0,950000000,SP,Menos de 12 meses,Industria,Seed,Medellín,4,No,No,901.0,2.0,2000,Si,No,No,No,42,CreditProfessionalContact,1.0,No,No,35,No,0,0
67,613,64,PAID,0,68122928.0,950000000,SP,Menos de 12 meses,Industria,Seed,Medellín,4,No,No,901.0,2.0,2000,Si,No,No,No,42,CreditProfessionalContact,1.0,No,No,35,No,0,0
68,613,65,PAID,0,70212020.0,950000000,SP,Menos de 12 meses,Industria,Seed,Medellín,4,No,No,901.0,2.0,2000,Si,No,No,No,42,CreditProfessionalContact,1.0,No,No,35,No,0,0
69,646,32,PAID,0,62651300.0,320000000,KT - CO,Menos de 12 meses,Servicios,Scale Up,Medellín,4,No,No,937.0,0.0,1987,Si,No,No,Si,36,Other,3.0,No,Si,35,No,2,0
70,896,1232,PAID,6,17618312.0,110000000,KT - EX,13 a 24 meses,Servicios,Seed,Medellín,5,No,No,0.0,0.0,2017,No,Si,No,No,35,FriendOrColleague,2.0,No,No,4,No,0,1
71,909,612,PAID_LATE,35,257480344.0,300000000,SP,Más de 37 meses,Comercio,Venture,Medellín,6,No,No,929.0,5.0,2000,Si,Si,No,No,46,CreditProfessionalContact,5.0,Si,Si,7,No,1,0
72,910,988,PAID,0,32917657.0,380000000,KT - EX,Menos de 12 meses,Servicios,Seed,Bogotá D.C.,5,No,Si,201.0,11.0,2014,Si,Si,Si,Si,29,FriendOrColleague,5.0,No,Si,13,No,1,0
73,910,1001,LATE,179,16908747.0,380000000,KT - EX,Menos de 12 meses,Servicios,Seed,Bogotá D.C.,5,No,Si,201.0,11.0,2014,Si,Si,Si,Si,29,FriendOrColleague,5.0,No,Si,13,No,1,0
74,1021,261,PAID_LATE,73,23349938.0,136500000,CR ,Menos de 12 meses,Servicios,Venture,Bogotá D.C.,5,No,No,790.0,5.0,2012,Si,Si,Si,Si,30,Newspapers,1.0,No,Si,35,No,2,1
75,1021,706,PAID_LATE,81,17384531.0,136500000,CR ,Menos de 12 meses,Servicios,Venture,Bogotá D.C.,5,No,No,790.0,5.0,2012,Si,Si,Si,Si,30,Newspapers,1.0,No,Si,35,No,2,1
76,1022,840,PAID_LATE,53,16705143.0,120000000,KT - CO,Menos de 12 meses,Servicios,Seed,Medellín,5,No,No,561.0,4.0,2007,Si,No,No,No,44,CreditProfessionalContact,3.0,No,Si,13,No,4,1
77,1066,262,PAID,0,38279458.0,80000000,KT - CO,Menos de 12 meses,Servicios,Seed,Bogotá D.C.,5,No,No,949.0,1.0,2014,Si,Si,Si,Si,27,Newspapers,3.0,No,No,14,No,0,1
78,1066,1439,PAID,3,14688134.0,80000000,KT - CO,Menos de 12 meses,Servicios,Seed,Bogotá D.C.,5,No,No,949.0,1.0,2014,Si,Si,Si,Si,27,Newspapers,3.0,No,No,14,No,0,1
79,1067,712,PAID_LATE,16,38490732.0,380000000,KT - CO,13 a 24 meses,Servicios,Scale Up,Medellín,4,Si,No,904.0,15.0,2000,No,Si,Si,No,38,CreditProfessionalContact,2.0,No,No,32,Si,2,0
80,1067,1468,PAID_LATE,20,53310826.0,380000000,KT - CO,13 a 24 meses,Servicios,Scale Up,Medellín,4,Si,No,904.0,15.0,2000,No,Si,Si,No,38,CreditProfessionalContact,2.0,No,No,32,Si,2,0
81,1068,984,PAID_LATE,80,12581410.0,50000000,KT - CO,13 a 24 meses,Servicios,Seed,Bogotá D.C.,5,No,No,570.0,7.0,2011,Si,No,Si,Si,39,Internet,2.0,No,Si,5,No,1,1
82,1069,124,PAID,2,38418415.0,200000000,KT - EX,13 a 24 meses,Servicios,Venture,Medellín,6,Si,No,295.0,2.0,2007,Si,No,No,No,43,Newspapers,4.0,Si,Si,15,No,1,1
83,1070,677,PAID,7,30151607.0,230000000,KT - EX,13 a 24 meses,Servicios,Venture,Medellín,6,No,No,807.0,6.0,2013,Si,Si,No,No,43,FriendOrColleague,6.0,No,Si,20,No,1,0
84,1070,1143,PAID,1,9039250.0,230000000,KT - EX,13 a 24 meses,Servicios,Venture,Medellín,6,No,No,807.0,6.0,2013,Si,Si,No,No,43,FriendOrColleague,6.0,No,Si,20,No,1,0
85,1070,1505,PAID,4,29926839.0,230000000,KT - EX,13 a 24 meses,Servicios,Venture,Medellín,6,No,No,807.0,6.0,2013,Si,Si,No,No,43,FriendOrColleague,6.0,No,Si,20,No,1,0
86,1112,1298,PAID,8,9138489.0,30000000,KT - CO,13 a 24 meses,Servicios,Seed,Medellín,3,No,No,957.0,1.0,2017,Si,Si,No,No,29,Internet,2.0,No,No,6,Si,1,1
87,1146,1361,PAID,0,61373292.0,200000000,KT - CO,13 a 24 meses,Servicios,Venture,Neiva,4,No,Si,809.0,7.0,2016,Si,No,No,Si,33,FriendOrColleague,5.0,Si,Si,12,Si,6,0
88,1259,972,LATE,115,23311264.0,110000000,KT - EX,13 a 24 meses,Servicios,Seed,Bogotá D.C.,6,No,No,911.0,4.0,2011,Si,Si,Si,Si,31,Internet,2.0,No,Si,21,No,6,0
89,1259,1012,PAID_LATE,39,16070489.0,110000000,KT - EX,13 a 24 meses,Servicios,Seed,Bogotá D.C.,6,No,No,911.0,4.0,2011,Si,Si,Si,Si,31,Internet,2.0,No,Si,21,No,6,1
90,1281,1011,LATE,193,15660125.0,40000000,KT - CO,13 a 24 meses,Servicios,Seed,Medellín,3,No,No,876.0,4.0,2007,Si,No,Si,Si,63,FriendOrColleague,1.0,No,Si,14,Si,2,1
91,1282,599,PAID,4,16590701.0,30000000,CR ,Menos de 12 meses,Servicios,Seed,Bogotá D.C.,4,No,No,967.0,2.0,2016,No,Si,Si,No,40,Internet,5.0,No,No,6,No,1,1
92,1314,639,PAID,5,242274953.0,1150000000,SP,13 a 24 meses,Industria,Scale Up,Bogotá D.C.,4,No,Si,933.0,21.0,2010,Si,No,Si,Si,33,Internet,4.0,Si,Si,150,Si,6,0
93,1314,648,PAID,8,91195322.0,1150000000,SP,13 a 24 meses,Industria,Scale Up,Bogotá D.C.,4,No,Si,933.0,21.0,2010,Si,No,Si,Si,33,Internet,4.0,Si,Si,150,Si,6,0
94,1315,1002,PAID,5,24592287.0,80000000,KT - EX,13 a 24 meses,Servicios,Seed,Bogotá D.C.,3,No,No,729.0,2.0,2015,Si,Si,Si,Si,38,Internet,4.0,No,Si,8,No,0,1
95,1338,635,PAID,1,186955232.0,330000000,KT - CO,Menos de 12 meses,Servicios,Growth,Bogotá D.C.,4,No,No,929.0,11.0,2004,Si,No,Si,Si,59,FriendOrColleague,3.0,No,Si,120,No,4,0
96,1339,264,LATE,313,13160472.0,50000000,SP,13 a 24 meses,Servicios,Seed,Medellín,6,No,No,861.0,3.0,2011,Si,No,No,Si,32,FriendOrColleague,2.0,No,Si,10,No,1,1
97,1340,652,PAID,1,36070718.0,290000000,SP,13 a 24 meses,Servicios,Venture,Bogotá D.C.,5,No,No,925.0,9.0,2009,Si,Si,Si,No,41,Internet,2.0,No,Si,40,No,4,0
98,1341,671,PAID_LATE,26,16707869.0,110000000,KT - EX,Menos de 12 meses,Servicios,Seed,Bogotá D.C.,5,No,Si,920.0,1.0,2013,Si,No,Si,No,32,Internet,3.0,No,Si,8,No,2,1
99,1341,1243,PAID,1,16535793.0,110000000,KT - EX,Menos de 12 meses,Servicios,Seed,Bogotá D.C.,5,No,Si,920.0,1.0,2013,Si,No,Si,No,32,Internet,3.0,No,Si,8,No,2,1
100,1342,640,PAID,10,12090536.0,90000000,KT - EX,13 a 24 meses,Servicios,Seed,Envigado,3,No,No,951.0,2.0,2015,No,Si,Si,No,31,FriendOrColleague,2.0,No,No,22,Si,2,1
101,1343,269,PAID,0,21655336.0,407000000,KT - CO,25 a 36 meses,Comercio,Venture,Bogotá D.C.,5,No,No,929.0,13.0,2008,No,Si,No,No,57,Internet,2.0,No,Si,18,No,1,0
102,1343,641,PAID,0,162125908.0,407000000,KT - CO,25 a 36 meses,Comercio,Venture,Bogotá D.C.,5,No,No,929.0,13.0,2008,No,Si,No,No,57,Internet,2.0,No,Si,18,No,1,0
103,1343,1321,PAID,0,10791618.0,407000000,KT - CO,25 a 36 meses,Comercio,Venture,Bogotá D.C.,5,No,No,929.0,13.0,2008,No,Si,No,No,57,Internet,2.0,No,Si,18,No,1,0
104,1372,697,LATE,210,19192558.0,230000000,KT - EX,13 a 24 meses,Industria,Venture,Medellín,4,No,Si,632.0,8.0,2014,No,No,Si,Si,34,Internet,1.0,Si,Si,35,No,2,0
105,1372,1070,LATE,222,20390108.0,230000000,KT - EX,13 a 24 meses,Industria,Venture,Medellín,4,No,Si,632.0,8.0,2014,No,No,Si,Si,34,Internet,1.0,Si,Si,35,No,2,0
106,1397,36,PAID,0,128196078.0,300000000,KT - CO,25 a 36 meses,Servicios,Venture,Medellín,6,Si,No,925.0,14.0,2013,Si,Si,Si,Si,38,Other,4.0,No,Si,50,No,1,0
107,1397,1311,LATE,470,0.0,300000000,KT - CO,25 a 36 meses,Servicios,Venture,Medellín,6,Si,No,925.0,14.0,2013,Si,Si,Si,Si,38,Other,4.0,No,Si,50,No,1,0
108,1399,601,PAID_LATE,64,24380864.0,120000000,KT - EX,Menos de 12 meses,Servicios,Seed,Bogotá D.C.,5,No,No,955.0,2.0,2015,Si,Si,Si,Si,44,Internet,2.0,No,Si,26,Si,3,1
109,1399,1146,PAID_LATE,60,21977094.0,120000000,KT - EX,Menos de 12 meses,Servicios,Seed,Bogotá D.C.,5,No,No,955.0,2.0,2015,Si,Si,Si,Si,44,Internet,2.0,No,Si,26,Si,3,1
110,1400,576,LATE,147,15721765.0,30000000,SP,13 a 24 meses,Industria,Seed,Medellín,4,No,No,45.0,3.0,2010,Si,Si,No,Si,36,Other,4.0,No,Si,10,No,1,1
111,1403,11,PAID,6,54364691.0,1030000000,KT - EX,Menos de 12 meses,Industria,Growth,La Estrella,3,No,Si,929.0,33.0,2011,Si,No,No,Si,47,Other,2.0,No,Si,15,No,1,0
112,1403,645,LATE,484,22756137.0,1030000000,KT - EX,Menos de 12 meses,Industria,Growth,La Estrella,3,No,Si,929.0,33.0,2011,Si,No,No,Si,47,Other,2.0,No,Si,15,No,1,0
113,1403,646,LATE,92,38524047.0,1030000000,KT - EX,Menos de 12 meses,Industria,Growth,La Estrella,3,No,Si,929.0,33.0,2011,Si,No,No,Si,47,Other,2.0,No,Si,15,No,1,0
114,1403,647,PAID_LATE,26,37713694.0,1030000000,KT - EX,Menos de 12 meses,Industria,Growth,La Estrella,3,No,Si,929.0,33.0,2011,Si,No,No,Si,47,Other,2.0,No,Si,15,No,1,0
115,1403,1005,LATE,641,6525686.0,1030000000,KT - EX,Menos de 12 meses,Industria,Growth,La Estrella,3,No,Si,929.0,33.0,2011,Si,No,No,Si,47,Other,2.0,No,Si,15,No,1,0
116,1403,1006,LATE,100,38558906.0,1030000000,KT - EX,Menos de 12 meses,Industria,Growth,La Estrella,3,No,Si,929.0,33.0,2011,Si,No,No,Si,47,Other,2.0,No,Si,15,No,1,0
117,1403,1007,PAID_LATE,38,37736602.0,1030000000,KT - EX,Menos de 12 meses,Industria,Growth,La Estrella,3,No,Si,929.0,33.0,2011,Si,No,No,Si,47,Other,2.0,No,Si,15,No,1,0
118,1403,1008,LATE,563,0.0,1030000000,KT - EX,Menos de 12 meses,Industria,Growth,La Estrella,3,No,Si,929.0,33.0,2011,Si,No,No,Si,47,Other,2.0,No,Si,15,No,1,0
119,1403,1104,LATE,540,0.0,1030000000,KT - EX,Menos de 12 meses,Industria,Growth,La Estrella,3,No,Si,929.0,33.0,2011,Si,No,No,Si,47,Other,2.0,No,Si,15,No,1,0
120,1403,1193,LATE,529,0.0,1030000000,KT - EX,Menos de 12 meses,Industria,Growth,La Estrella,3,No,Si,929.0,33.0,2011,Si,No,No,Si,47,Other,2.0,No,Si,15,No,1,0
121,1405,23,LATE,293,25483419.0,600000000,KT - EX,13 a 24 meses,Industria,Venture,Itagüí,5,No,No,651.0,14.0,2011,Si,Si,No,Si,53,Other,2.0,No,Si,10,No,2,0
122,1405,24,LATE,284,25409711.0,600000000,KT - EX,13 a 24 meses,Industria,Venture,Itagüí,5,No,No,651.0,14.0,2011,Si,Si,No,Si,53,Other,2.0,No,Si,10,No,2,0
123,1405,25,LATE,278,25360068.0,600000000,KT - EX,13 a 24 meses,Industria,Venture,Itagüí,5,No,No,651.0,14.0,2011,Si,Si,No,Si,53,Other,2.0,No,Si,10,No,2,0
124,1405,26,LATE,282,25404867.0,600000000,KT - EX,13 a 24 meses,Industria,Venture,Itagüí,5,No,No,651.0,14.0,2011,Si,Si,No,Si,53,Other,2.0,No,Si,10,No,2,0
125,1405,27,LATE,295,9263848.0,600000000,KT - EX,13 a 24 meses,Industria,Venture,Itagüí,5,No,No,651.0,14.0,2011,Si,Si,No,Si,53,Other,2.0,No,Si,10,No,2,0
126,1405,28,LATE,290,9258444.0,600000000,KT - EX,13 a 24 meses,Industria,Venture,Itagüí,5,No,No,651.0,14.0,2011,Si,Si,No,Si,53,Other,2.0,No,Si,10,No,2,0
127,1405,991,PAID_LATE,69,52330925.0,600000000,KT - EX,13 a 24 meses,Industria,Venture,Itagüí,5,No,No,651.0,14.0,2011,Si,Si,No,Si,53,Other,2.0,No,Si,10,No,2,0
128,1405,992,PAID_LATE,69,59126057.0,600000000,KT - EX,13 a 24 meses,Industria,Venture,Itagüí,5,No,No,651.0,14.0,2011,Si,Si,No,Si,53,Other,2.0,No,Si,10,No,2,0
129,1405,993,PAID_LATE,69,65879405.0,600000000,KT - EX,13 a 24 meses,Industria,Venture,Itagüí,5,No,No,651.0,14.0,2011,Si,Si,No,Si,53,Other,2.0,No,Si,10,No,2,0
130,1405,994,PAID_LATE,69,65444876.0,600000000,KT - EX,13 a 24 meses,Industria,Venture,Itagüí,5,No,No,651.0,14.0,2011,Si,Si,No,Si,53,Other,2.0,No,Si,10,No,2,0
131,1405,995,PAID_LATE,69,36133447.0,600000000,KT - EX,13 a 24 meses,Industria,Venture,Itagüí,5,No,No,651.0,14.0,2011,Si,Si,No,Si,53,Other,2.0,No,Si,10,No,2,0
132,1405,996,PAID_LATE,69,36042993.0,600000000,KT - EX,13 a 24 meses,Industria,Venture,Itagüí,5,No,No,651.0,14.0,2011,Si,Si,No,Si,53,Other,2.0,No,Si,10,No,2,0
133,1405,997,PAID_LATE,69,74660780.0,600000000,KT - EX,13 a 24 meses,Industria,Venture,Itagüí,5,No,No,651.0,14.0,2011,Si,Si,No,Si,53,Other,2.0,No,Si,10,No,2,0
134,1406,621,PAID_LATE,62,11393825.0,45000000,KT - EX,13 a 24 meses,Servicios,Seed,Bogotá D.C.,5,No,No,0.0,3.0,2015,Si,No,Si,Si,50,Newspapers,1.0,No,Si,1,Si,1,1
135,1423,618,PAID,6,11658905.0,130000000,KT - EX,13 a 24 meses,Comercio,Seed,Medellín,6,No,No,962.0,4.0,2015,No,Si,Si,Si,30,Newspapers,1.0,No,No,9,No,2,1
136,1423,1138,PAID,8,19403202.0,130000000,KT - EX,13 a 24 meses,Comercio,Seed,Medellín,6,No,No,962.0,4.0,2015,No,Si,Si,Si,30,Newspapers,1.0,No,No,9,No,2,1
137,1424,689,PAID,0,2688273.0,130000000,KT - EX,13 a 24 meses,Servicios,Seed,Pereira,5,No,No,943.0,1.0,2006,Si,No,Si,Si,33,FriendOrColleague,2.0,No,Si,6,Si,3,1
138,1425,600,LATE,96,28136045.0,250000000,CR ,25 a 36 meses,Servicios,Seed,Bogotá D.C.,5,No,No,933.0,6.0,2013,Si,Si,No,Si,35,FriendOrColleague,2.0,No,No,7,No,2,1
139,1425,708,LATE,104,18709846.0,250000000,CR ,25 a 36 meses,Servicios,Seed,Bogotá D.C.,5,No,No,933.0,6.0,2013,Si,Si,No,Si,35,FriendOrColleague,2.0,No,No,7,No,2,1
140,1440,673,PAID_LATE,82,24654443.0,180000000,CR ,13 a 24 meses,Servicios,Seed,Bogotá D.C.,6,No,No,884.0,0.0,2016,Si,Si,Si,Si,34,FriendOrColleague,2.0,No,No,16,No,0,1
141,1440,1150,PAID,8,25365367.0,180000000,CR ,13 a 24 meses,Servicios,Seed,Bogotá D.C.,6,No,No,884.0,0.0,2016,Si,Si,Si,Si,34,FriendOrColleague,2.0,No,No,16,No,0,1
142,1441,973,LATE,182,15293607.0,115000000,KT - CO,13 a 24 meses,Comercio,Venture,Medellín,3,No,No,906.0,3.0,2012,No,Si,Si,Si,34,Other,3.0,No,Si,12,No,0,1
143,1441,981,LATE,160,29156585.0,115000000,KT - CO,13 a 24 meses,Comercio,Venture,Medellín,3,No,No,906.0,3.0,2012,No,Si,Si,Si,34,Other,3.0,No,Si,12,No,0,1
144,1465,717,PAID_LATE,78,108874324.0,600000000,CR ,25 a 36 meses,Servicios,Venture,Bogotá D.C.,6,No,Si,920.0,18.0,2016,Si,Si,Si,Si,57,Newspapers,5.0,No,Si,80,No,1,0
145,1466,203,PAID_LATE,18,27495195.0,650000000,KT - EX,13 a 24 meses,Servicios,Growth,Bogotá D.C.,5,No,No,715.0,24.0,2013,Si,Si,Si,No,31,Other,2.0,No,Si,25,No,1,0
146,1466,670,PAID_LATE,21,9092571.0,650000000,KT - EX,13 a 24 meses,Servicios,Growth,Bogotá D.C.,5,No,No,715.0,24.0,2013,Si,Si,Si,No,31,Other,2.0,No,Si,25,No,1,0
147,1466,1262,PAID_LATE,24,40336509.0,650000000,KT - EX,13 a 24 meses,Servicios,Growth,Bogotá D.C.,5,No,No,715.0,24.0,2013,Si,Si,Si,No,31,Other,2.0,No,Si,25,No,1,0
148,1466,1507,PAID_LATE,13,18081724.0,650000000,KT - EX,13 a 24 meses,Servicios,Growth,Bogotá D.C.,5,No,No,715.0,24.0,2013,Si,Si,Si,No,31,Other,2.0,No,Si,25,No,1,0
149,1467,103,PAID,2,27255376.0,160500000,SP,Menos de 12 meses,Servicios,Seed,Medellín,5,No,Si,876.0,2.0,2010,Si,Si,Si,Si,35,FriendOrColleague,1.0,No,Si,9,No,0,1
150,1467,687,PAID,1,17053594.0,160500000,SP,Menos de 12 meses,Servicios,Seed,Medellín,5,No,Si,876.0,2.0,2010,Si,Si,Si,Si,35,FriendOrColleague,1.0,No,Si,9,No,0,1
151,1467,1309,PAID_LATE,32,30190589.0,160500000,SP,Menos de 12 meses,Servicios,Seed,Medellín,5,No,Si,876.0,2.0,2010,Si,Si,Si,Si,35,FriendOrColleague,1.0,No,Si,9,No,0,1
152,1468,685,PAID_LATE,76,11674641.0,120000000,CR ,13 a 24 meses,Industria,Seed,Itagüí,5,No,No,954.0,1.0,2016,Si,Si,No,Si,56,Internet,1.0,Si,Si,7,No,1,1
153,1469,268,PAID,0,37614578.0,130000000,SP,13 a 24 meses,Industria,Seed,Medellín,6,No,No,876.0,2.0,2015,Si,Si,No,Si,32,Other,2.0,No,No,14,Si,2,1
154,1469,1303,PAID_LATE,21,17477331.0,130000000,SP,13 a 24 meses,Industria,Seed,Medellín,6,No,No,876.0,2.0,2015,Si,Si,No,Si,32,Other,2.0,No,No,14,Si,2,1
155,1472,122,PAID,2,42138087.0,90000000,SP,Menos de 12 meses,Servicios,Venture,Bogotá D.C.,3,No,No,829.0,7.0,2010,Si,No,Si,No,34,Newspapers,2.0,No,Si,70,No,4,0
156,1473,572,PAID,3,26733266.0,60000000,SP,13 a 24 meses,Industria,Seed,Medellín,5,No,No,909.0,0.0,2016,No,No,No,No,65,Newspapers,3.0,No,Si,10,No,1,1
157,1473,573,PAID,3,29235576.0,60000000,SP,13 a 24 meses,Industria,Seed,Medellín,5,No,No,909.0,0.0,2016,No,No,No,No,65,Newspapers,3.0,No,Si,10,No,1,1
158,1474,221,PAID,0,116181102.0,450000000,KT - CO,13 a 24 meses,Servicios,Venture,Barranquilla,5,No,Si,908.0,12.0,2015,No,Si,Si,Si,46,Other,4.0,No,Si,45,No,5,0
159,1475,584,PAID,8,66628707.0,450000000,KT - EX,13 a 24 meses,Servicios,Venture,Bogotá D.C.,5,No,Si,964.0,4.0,2014,Si,Si,Si,Si,43,FriendOrColleague,2.0,No,No,25,No,1,0
160,1475,1110,PAID,1,15054738.0,450000000,KT - EX,13 a 24 meses,Servicios,Venture,Bogotá D.C.,5,No,Si,964.0,4.0,2014,Si,Si,Si,Si,43,FriendOrColleague,2.0,No,No,25,No,1,0
161,1475,1518,PAID,0,21763743.0,450000000,KT - EX,13 a 24 meses,Servicios,Venture,Bogotá D.C.,5,No,Si,964.0,4.0,2014,Si,Si,Si,Si,43,FriendOrColleague,2.0,No,No,25,No,1,0
162,1477,674,PAID_LATE,61,44467065.0,82410311,CR ,25 a 36 meses,Industria,Seed,Medellín,6,No,No,693.0,9.0,2014,Si,Si,Si,Si,30,Other,4.0,No,No,25,No,3,0
163,1477,987,PAID_LATE,90,21826860.0,82410311,CR ,25 a 36 meses,Industria,Seed,Medellín,6,No,No,693.0,9.0,2014,Si,Si,Si,Si,30,Other,4.0,No,No,25,No,3,0
164,1478,263,LATE,139,147410871.0,150000000,KT - EX,25 a 36 meses,Servicios,Seed,Medellín,4,No,No,938.0,1.0,2013,Si,No,No,Si,34,Other,3.0,Si,Si,27,No,1,1
165,1480,606,LATE,317,15614938.0,40000000,CR ,13 a 24 meses,Industria,Venture,Medellín,3,No,No,39.0,4.0,2014,Si,Si,Si,Si,45,Internet,1.0,Si,No,10,No,0,1
166,1480,1302,LATE,518,0.0,40000000,CR ,13 a 24 meses,Industria,Venture,Medellín,3,No,No,39.0,4.0,2014,Si,Si,Si,Si,45,Internet,1.0,Si,No,10,No,0,1
167,1502,266,PAID_LATE,18,50181150.0,930000000,KT - CO,13 a 24 meses,Servicios,Seed,Envigado,4,No,No,864.0,5.0,2014,Si,No,No,No,26,CreditProfessionalContact,2.0,No,Si,11,No,1,1
168,1502,718,PAID,5,37822165.0,930000000,KT - CO,13 a 24 meses,Servicios,Seed,Envigado,4,No,No,864.0,5.0,2014,Si,No,No,No,26,CreditProfessionalContact,2.0,No,Si,11,No,1,1
169,1502,1260,PAID_LATE,60,34465883.0,930000000,KT - CO,13 a 24 meses,Servicios,Seed,Envigado,4,No,No,864.0,5.0,2014,Si,No,No,No,26,CreditProfessionalContact,2.0,No,Si,11,No,1,1
170,1502,1549,PAID_LATE,75,125564549.0,930000000,KT - CO,13 a 24 meses,Servicios,Seed,Envigado,4,No,No,864.0,5.0,2014,Si,No,No,No,26,CreditProfessionalContact,2.0,No,Si,11,No,1,0
171,1503,1310,PAID,0,272476587.0,1200000000,KT - CO,Menos de 12 meses,Comercio,Growth,Medellín,4,Si,No,933.0,28.0,2012,No,No,No,No,45,Other,1.0,No,Si,10,No,3,0
172,1521,727,PAID_LATE,32,14136354.0,235000000,CR ,13 a 24 meses,Servicios,Seed,Bogotá D.C.,4,No,Si,851.0,3.0,2000,No,No,Si,Si,37,FriendOrColleague,1.0,No,Si,25,Si,2,1
173,1521,1192,PAID_LATE,37,24395177.0,235000000,CR ,13 a 24 meses,Servicios,Seed,Bogotá D.C.,4,No,Si,851.0,3.0,2000,No,No,Si,Si,37,FriendOrColleague,1.0,No,Si,25,Si,2,0
174,1522,686,PAID,1,17354618.0,160000000,SP,Menos de 12 meses,Servicios,Venture,Medellín,4,No,No,888.0,4.0,1995,Si,Si,No,No,66,Newspapers,2.0,No,Si,35,Si,3,0
175,1522,1148,PAID,1,21809992.0,160000000,SP,Menos de 12 meses,Servicios,Venture,Medellín,4,No,No,888.0,4.0,1995,Si,Si,No,No,66,Newspapers,2.0,No,Si,35,Si,3,0
176,1523,690,PAID,0,65617374.0,550000000,KT - CO,13 a 24 meses,Industria,Scale Up,Medellín,4,No,No,929.0,9.0,2012,No,No,No,Si,42,Other,4.0,No,Si,40,No,3,0
177,1523,1108,PAID,0,44931692.0,550000000,KT - CO,13 a 24 meses,Industria,Scale Up,Medellín,4,No,No,929.0,9.0,2012,No,No,No,Si,42,Other,4.0,No,Si,40,No,3,0
178,1524,691,PAID,0,99631827.0,300000000,KT - EX,25 a 36 meses,Comercio,Seed,Bogotá D.C.,5,No,No,861.0,1.0,2016,No,No,No,No,41,Internet,2.0,No,No,5,No,0,1
179,1524,1199,PAID,5,39572005.0,300000000,KT - EX,25 a 36 meses,Comercio,Seed,Bogotá D.C.,5,No,No,861.0,1.0,2016,No,No,No,No,41,Internet,2.0,No,No,5,No,0,1
180,1525,683,LATE,113,22525351.0,310000000,KT - CO,13 a 24 meses,Servicios,Scale Up,Medellín,4,No,Si,783.0,11.0,2005,Si,Si,Si,No,47,CreditProfessionalContact,2.0,No,Si,28,No,5,0
181,1525,1053,LATE,127,25344599.0,310000000,KT - CO,13 a 24 meses,Servicios,Scale Up,Medellín,4,No,Si,783.0,11.0,2005,Si,Si,Si,No,47,CreditProfessionalContact,2.0,No,Si,28,No,5,0
182,1551,594,PAID_LATE,22,46172737.0,120000000,KT - CO,13 a 24 meses,Industria,Venture,Bogotá D.C.,4,No,No,954.0,2.0,2015,No,No,No,No,32,Internet,2.0,No,No,2,No,0,1
183,1552,839,PAID,4,44898169.0,150000000,KT - EX,13 a 24 meses,Comercio,Scale Up,Bucaramanga,3,No,No,925.0,9.0,2010,No,No,No,No,51,SocialNetworks,1.0,No,Si,27,No,1,1
184,1553,666,LATE,522,0.0,100000000,CR ,13 a 24 meses,Industria,Scale Up,Cali,3,No,No,919.0,17.0,2012,No,No,No,No,26,Internet,1.0,No,No,21,No,0,1
185,1554,986,LATE,529,0.0,50000000,KT - CO,13 a 24 meses,Servicios,Venture,Medellín,4,No,Si,0.0,0.0,2016,No,No,No,No,52,FriendOrColleague,1.0,No,No,12,Si,1,1
186,1555,709,PAID,0,89498175.0,180000000,KT - CO,Menos de 12 meses,Industria,Growth,Bogotá D.C.,3,No,No,898.0,7.0,2012,Si,No,No,Si,63,Other,2.0,No,No,13,No,4,0
187,1555,1088,PAID,4,16812486.0,180000000,KT - CO,Menos de 12 meses,Industria,Growth,Bogotá D.C.,3,No,No,898.0,7.0,2012,Si,No,No,Si,63,Other,2.0,No,No,13,No,4,0
188,1556,836,PAID_LATE,37,37532195.0,150000000,SP,13 a 24 meses,Comercio,Venture,Bogotá D.C.,5,No,Si,290.0,4.0,2008,No,No,No,No,48,CreditProfessionalContact,4.0,No,Si,10,No,5,0
189,1557,586,PAID_LATE,14,60626578.0,470000000,SP,Menos de 12 meses,Servicios,Seed,Bogotá D.C.,4,Si,Si,929.0,4.0,2003,Si,Si,Si,Si,46,FriendOrColleague,1.0,No,Si,5,No,1,0
190,1557,1058,PAID_LATE,10,122933658.0,470000000,SP,Menos de 12 meses,Servicios,Seed,Bogotá D.C.,4,Si,Si,929.0,4.0,2003,Si,Si,Si,Si,46,FriendOrColleague,1.0,No,Si,5,No,1,0
191,1558,593,LATE,270,44290586.0,522000000,KT - CO,Menos de 12 meses,Comercio,Growth,Sabaneta,5,Si,Si,887.0,15.0,2005,Si,Si,Si,Si,62,CreditProfessionalContact,2.0,No,Si,72,No,3,0
192,1558,692,LATE,154,75947978.0,522000000,KT - CO,Menos de 12 meses,Comercio,Growth,Sabaneta,5,Si,Si,887.0,15.0,2005,Si,Si,Si,Si,62,CreditProfessionalContact,2.0,No,Si,72,No,3,0
193,1558,1132,LATE,111,32854329.0,522000000,KT - CO,Menos de 12 meses,Comercio,Growth,Sabaneta,5,Si,Si,887.0,15.0,2005,Si,Si,Si,Si,62,CreditProfessionalContact,2.0,No,Si,72,No,3,0
194,1580,1450,PAID,1,21341158.0,85000000,KT - EX,13 a 24 meses,Servicios,Seed,Medellín,4,No,No,956.0,0.0,2016,Si,Si,No,No,42,Newspapers,1.0,No,No,5,Si,1,1
195,1600,22,PAID,4,54872164.0,840000000,KT - CO,Menos de 12 meses,Industria,Scale Up,Medellín,6,Si,No,617.0,8.0,1986,Si,No,Si,Si,42,Other,4.0,No,Si,45,No,10,0
196,1600,67,PAID,0,98738685.0,840000000,KT - CO,Menos de 12 meses,Industria,Scale Up,Medellín,6,Si,No,617.0,8.0,1986,Si,No,Si,Si,42,Other,4.0,No,Si,45,No,10,0
197,1600,562,LATE,100,36451323.0,840000000,KT - CO,Menos de 12 meses,Industria,Scale Up,Medellín,6,Si,No,617.0,8.0,1986,Si,No,Si,Si,42,Other,4.0,No,Si,45,No,10,0
198,1600,615,LATE,117,91596195.0,840000000,KT - CO,Menos de 12 meses,Industria,Scale Up,Medellín,6,Si,No,617.0,8.0,1986,Si,No,Si,Si,42,Other,4.0,No,Si,45,No,10,0
199,1600,698,LATE,77,109643956.0,840000000,KT - CO,Menos de 12 meses,Industria,Scale Up,Medellín,6,Si,No,617.0,8.0,1986,Si,No,Si,Si,42,Other,4.0,No,Si,45,No,10,0
200,1600,1392,PAID_LATE,56,64367433.0,840000000,KT - CO,Menos de 12 meses,Industria,Scale Up,Medellín,6,Si,No,617.0,8.0,1986,Si,No,Si,Si,42,Other,4.0,No,Si,45,No,10,0
201,1600,1393,PAID_LATE,56,75120391.0,840000000,KT - CO,Menos de 12 meses,Industria,Scale Up,Medellín,6,Si,No,617.0,8.0,1986,Si,No,Si,Si,42,Other,4.0,No,Si,45,No,10,0
202,1626,208,LATE,464,2268588.0,150000000,SP,Menos de 12 meses,Industria,Venture,Medellín,4,No,No,777.0,10.0,2011,Si,Si,No,Si,31,Other,3.0,No,Si,37,No,7,0
203,1626,974,LATE,475,1505370.0,150000000,SP,Menos de 12 meses,Industria,Venture,Medellín,4,No,No,777.0,10.0,2011,Si,Si,No,Si,31,Other,3.0,No,Si,37,No,7,0
204,1626,983,LATE,509,7909022.0,150000000,SP,Menos de 12 meses,Industria,Venture,Medellín,4,No,No,777.0,10.0,2011,Si,Si,No,Si,31,Other,3.0,No,Si,37,No,7,0
205,1626,999,LATE,174,16576086.0,150000000,SP,Menos de 12 meses,Industria,Venture,Medellín,4,No,No,777.0,10.0,2011,Si,Si,No,Si,31,Other,3.0,No,Si,37,No,7,0
206,1627,207,PAID_LATE,29,353190680.0,1247359964,KT - EX,13 a 24 meses,Industria,Scale Up,Envigado,5,No,No,937.0,10.0,2000,Si,Si,Si,Si,38,CreditProfessionalContact,4.0,No,Si,72,No,4,0
207,1627,636,PAID_LATE,24,12342408.0,1247359964,KT - EX,13 a 24 meses,Industria,Scale Up,Envigado,5,No,No,937.0,10.0,2000,Si,Si,Si,Si,38,CreditProfessionalContact,4.0,No,Si,72,No,4,0
208,1628,710,LATE,309,40043732.0,70000000,KT - CO,Menos de 12 meses,Industria,Venture,Medellín,3,No,No,0.0,1.0,2017,No,Si,No,No,29,FriendOrColleague,1.0,No,Si,6,No,0,1
209,1658,1085,LATE,115,25767303.0,280000000,KT - CO,13 a 24 meses,Comercio,Venture,Medellín,5,No,Si,713.0,6.0,2016,No,No,No,No,28,CreditProfessionalContact,1.0,No,No,18,No,1,1
210,1658,1261,LATE,139,14899838.0,280000000,KT - CO,13 a 24 meses,Comercio,Venture,Medellín,5,No,Si,713.0,6.0,2016,No,No,No,No,28,CreditProfessionalContact,1.0,No,No,18,No,1,1
211,1659,655,PAID,4,30141249.0,330000000,CR ,13 a 24 meses,Comercio,Growth,Medellín,3,No,Si,920.0,17.0,2016,Si,Si,No,Si,46,CreditProfessionalContact,2.0,No,Si,40,Si,4,0
212,1659,1215,PAID,0,18140107.0,330000000,CR ,13 a 24 meses,Comercio,Growth,Medellín,3,No,Si,920.0,17.0,2016,Si,Si,No,Si,46,CreditProfessionalContact,2.0,No,Si,40,Si,4,0
213,1660,70,PAID,0,150482150.0,400000000,KT - CO,13 a 24 meses,Servicios,Growth,Itagüí,4,Si,Si,925.0,10.0,2008,Si,No,Si,Si,46,FriendOrColleague,8.0,No,Si,45,No,3,0
214,1661,643,LATE,467,0.0,250000000,CR ,25 a 36 meses,Servicios,Seed,Bogotá D.C.,6,No,No,923.0,2.0,2016,No,No,No,Si,35,Newspapers,2.0,No,No,7,No,1,1
215,1661,1101,LATE,519,3759075.0,250000000,CR ,25 a 36 meses,Servicios,Seed,Bogotá D.C.,6,No,No,923.0,2.0,2016,No,No,No,Si,35,Newspapers,2.0,No,No,7,No,1,1
216,1663,720,LATE,247,10120953.0,350000000,CR ,Menos de 12 meses,Industria,Scale Up,Itagüí,3,No,No,933.0,16.0,2009,No,No,No,No,39,CreditProfessionalContact,1.0,No,Si,80,No,2,0
217,1663,970,LATE,87,54869651.0,350000000,CR ,Menos de 12 meses,Industria,Scale Up,Itagüí,3,No,No,933.0,16.0,2009,No,No,No,No,39,CreditProfessionalContact,1.0,No,Si,80,No,2,0
218,1663,971,LATE,164,29347807.0,350000000,CR ,Menos de 12 meses,Industria,Scale Up,Itagüí,3,No,No,933.0,16.0,2009,No,No,No,No,39,CreditProfessionalContact,1.0,No,Si,80,No,2,0
219,1681,1266,PAID,5,30247367.0,200000000,KT - CO,13 a 24 meses,Servicios,Growth,Medellín,4,Si,No,937.0,23.0,2009,Si,No,No,No,46,Other,1.0,No,Si,50,No,8,0
220,1700,672,PAID,1,22286310.0,340000000,KT - CO,Menos de 12 meses,Comercio,Venture,Bogotá D.C.,3,No,Si,679.0,16.0,2015,Si,Si,Si,Si,27,Internet,2.0,No,Si,28,No,2,0
221,1700,1313,PAID_LATE,30,46424824.0,340000000,KT - CO,Menos de 12 meses,Comercio,Venture,Bogotá D.C.,3,No,Si,679.0,16.0,2015,Si,Si,Si,Si,27,Internet,2.0,No,Si,28,No,2,0
222,1731,1087,PAID,0,15904465.0,150000000,KT - CO,13 a 24 meses,Comercio,Seed,Bogotá D.C.,4,Si,Si,922.0,4.0,1992,Si,No,Si,Si,69,FriendOrColleague,5.0,No,No,8,No,1,0
223,1731,1114,PAID,0,19231145.0,150000000,KT - CO,13 a 24 meses,Comercio,Seed,Bogotá D.C.,4,Si,Si,922.0,4.0,1992,Si,No,Si,Si,69,FriendOrColleague,5.0,No,No,8,No,1,0
224,1731,1366,PAID,0,15019796.0,150000000,KT - CO,13 a 24 meses,Comercio,Seed,Bogotá D.C.,4,Si,Si,922.0,4.0,1992,Si,No,Si,Si,69,FriendOrColleague,5.0,No,No,8,No,1,0
225,1739,588,PAID,4,13142415.0,750000000,KT - EX,25 a 36 meses,Servicios,Venture,Medellín,6,Si,No,923.0,1.0,2011,Si,No,Si,Si,36,FriendOrColleague,3.0,No,Si,11,No,1,0
226,1739,597,PAID,0,7580020.0,750000000,KT - EX,25 a 36 meses,Servicios,Venture,Medellín,6,Si,No,923.0,1.0,2011,Si,No,Si,Si,36,FriendOrColleague,3.0,No,Si,11,No,1,0
227,1740,681,PAID,1,33302422.0,250000000,CR ,25 a 36 meses,Comercio,Seed,Envigado,5,No,No,876.0,2.0,2014,Si,Si,No,No,32,Other,5.0,No,No,8,No,1,1
228,1740,1301,PAID,1,68894210.0,250000000,CR ,25 a 36 meses,Comercio,Seed,Envigado,5,No,No,876.0,2.0,2014,Si,Si,No,No,32,Other,5.0,No,No,8,No,1,1
229,1741,637,PAID_LATE,52,230633492.0,731112570,KT - EX,Menos de 12 meses,Servicios,Scale Up,Bogotá D.C.,4,No,No,713.0,11.0,2013,Si,Si,Si,No,33,Other,6.0,No,No,15,No,0,0
230,1741,833,PAID_LATE,13,61431810.0,731112570,KT - EX,Menos de 12 meses,Servicios,Scale Up,Bogotá D.C.,4,No,No,713.0,11.0,2013,Si,Si,Si,No,33,Other,6.0,No,No,15,No,0,0
231,1742,222,LATE,177,38760382.0,400000000,KT - EX,Menos de 12 meses,Servicios,Scale Up,Bogotá D.C.,5,No,Si,966.0,15.0,2003,Si,Si,Si,Si,47,Newspapers,3.0,No,Si,10,No,1,0
232,1742,979,LATE,222,166251192.0,400000000,KT - EX,Menos de 12 meses,Servicios,Scale Up,Bogotá D.C.,5,No,Si,966.0,15.0,2003,Si,Si,Si,Si,47,Newspapers,3.0,No,Si,10,No,1,0
233,1743,837,PAID_LATE,27,150557919.0,611585150,KT - EX,13 a 24 meses,Industria,Scale Up,Itagüí,4,No,No,933.0,22.0,1992,Si,No,Si,Si,44,Other,20.0,No,Si,327,No,5,0
234,1745,1218,PAID,1,60677072.0,250000000,SP,13 a 24 meses,Servicios,Seed,Bogotá D.C.,6,No,No,944.0,1.0,2002,No,No,Si,Si,40,Internet,4.0,Si,No,52,No,5,0
235,1745,1519,PAID,0,15029466.0,250000000,SP,13 a 24 meses,Servicios,Seed,Bogotá D.C.,6,No,No,944.0,1.0,2002,No,No,Si,Si,40,Internet,4.0,Si,No,52,No,5,0
236,1777,1284,PAID,1,26776792.0,120000000,SP,25 a 36 meses,Servicios,Seed,Bogotá D.C.,5,No,Si,937.0,12.0,2006,Si,No,No,Si,40,Internet,2.0,No,Si,43,No,2,0
237,1831,1498,PAID_LATE,40,64865795.0,250000000,KT - EX,13 a 24 meses,Servicios,Seed,Medellín,4,No,No,874.0,4.0,2017,Si,Si,Si,Si,28,FriendOrColleague,8.0,Si,Si,23,No,1,1
238,1935,1432,LATE,8,12627381.0,150000000,CR ,13 a 24 meses,Servicios,Seed,Bogotá D.C.,4,No,No,776.0,6.0,2015,Si,Si,Si,No,32,SocialNetworks,3.0,No,No,16,No,0,1
239,1996,1063,LATE,160,40402112.0,200000000,KT - CO,13 a 24 meses,Servicios,Growth,Bogotá D.C.,3,No,No,933.0,8.0,2011,Si,No,No,No,50,FriendOrColleague,1.0,No,Si,70,No,1,0
240,2027,1497,PAID_LATE,90,14691247.0,100000000,KT - EX,25 a 36 meses,Servicios,Scale Up,Barranquilla,4,No,No,866.0,8.0,2010,No,No,No,No,35,Newspapers,3.0,No,Si,173,No,2,0
241,2080,1182,PAID,0,43382875.0,200000000,CR ,25 a 36 meses,Industria,Venture,Bello,4,No,Si,937.0,23.0,2014,Si,No,Si,Si,35,SocialNetworks,2.0,No,Si,120,No,6,0
242,2127,650,PAID,6,16453847.0,145000000,KT - CO,13 a 24 meses,Servicios,Seed,Bogotá D.C.,4,No,No,971.0,5.0,2016,Si,Si,Si,Si,57,Internet,2.0,No,No,10,Si,3,1
243,2174,570,PAID,0,10593974.0,35000000,KT - CO,13 a 24 meses,Comercio,Seed,Barranquilla,4,No,No,922.0,1.0,2010,No,No,No,No,43,Newspapers,1.0,No,Si,4,Si,2,1
244,2186,1180,LATE,192,9872248.0,50000000,KT - CO,Menos de 12 meses,Servicios,Seed,Bogotá D.C.,4,No,No,956.0,1.0,2017,No,No,No,Si,32,FriendOrColleague,4.0,No,No,7,No,1,1
245,2188,1404,PAID,1,7628509.0,30000000,KT - CO,13 a 24 meses,Servicios,Seed,Medellín,5,No,No,817.0,1.0,2017,Si,Si,No,Si,28,SocialNetworks,2.0,No,Si,2,Si,1,1
246,2189,565,PAID_LATE,45,27849040.0,230000000,CR ,Menos de 12 meses,Servicios,Seed,Bogotá D.C.,4,No,Si,486.0,9.0,2011,Si,No,No,No,63,Internet,4.0,No,Si,8,No,1,0
247,2189,1282,PAID_LATE,31,18504350.0,230000000,CR ,Menos de 12 meses,Servicios,Seed,Bogotá D.C.,4,No,Si,486.0,9.0,2011,Si,No,No,No,63,Internet,4.0,No,Si,8,No,1,0
248,2190,651,LATE,224,55649179.0,410000000,KT - CO,Menos de 12 meses,Comercio,Venture,Cali,3,No,Si,907.0,11.0,2016,No,No,No,No,37,Internet,1.0,No,No,15,No,1,1
249,2190,1128,LATE,216,18620224.0,410000000,KT - CO,Menos de 12 meses,Comercio,Venture,Cali,3,No,Si,907.0,11.0,2016,No,No,No,No,37,Internet,1.0,No,No,15,No,1,1
250,2190,1145,LATE,193,11032937.0,410000000,KT - CO,Menos de 12 meses,Comercio,Venture,Cali,3,No,Si,907.0,11.0,2016,No,No,No,No,37,Internet,1.0,No,No,15,No,1,1
251,2227,63,PAID,6,221838093.0,250000000,KT - CO,13 a 24 meses,Servicios,Scale Up,Medellín,5,No,No,902.0,14.0,2011,No,No,Si,Si,36,CreditProfessionalContact,4.0,No,Si,45,No,2,0
252,2230,1147,PAID,2,18289832.0,240000000,CR ,13 a 24 meses,Servicios,Seed,Medellín,5,No,Si,494.0,2.0,2015,Si,Si,No,No,28,Other,2.0,Si,Si,5,No,0,1
253,2242,1004,PAID,3,27058614.0,90000000,KT - CO,13 a 24 meses,Servicios,Scale Up,Medellín,5,No,No,891.0,5.0,2015,No,No,No,Si,54,FriendOrColleague,2.0,No,No,5,No,0,1
254,2247,722,PAID,5,58298751.0,250000000,KT - CO,13 a 24 meses,Servicios,Seed,Medellín,6,No,Si,925.0,0.0,1983,No,Si,No,No,66,FriendOrColleague,3.0,No,Si,15,No,3,0
255,2247,1521,PAID_LATE,9,18051360.0,250000000,KT - CO,13 a 24 meses,Servicios,Seed,Medellín,6,No,Si,925.0,0.0,1983,No,Si,No,No,66,FriendOrColleague,3.0,No,Si,15,No,3,0
256,2260,1316,PAID,5,39023257.0,200000000,KT - CO,13 a 24 meses,Servicios,Seed,Bogotá D.C.,3,No,No,918.0,4.0,2016,Si,Si,No,Si,37,Internet,3.0,Si,No,10,No,0,1
257,2267,1111,PAID_LATE,19,12691512.0,150000000,KT - EX,13 a 24 meses,Servicios,Seed,Sabaneta,5,No,No,967.0,1.0,2016,Si,Si,Si,Si,28,Other,1.0,No,No,16,No,0,1
258,2272,1411,PAID,5,38742135.0,100000000,KT - CO,13 a 24 meses,Comercio,Scale Up,Bogotá D.C.,5,No,No,892.0,2.0,2013,Si,Si,No,Si,47,Internet,1.0,No,No,11,No,1,1
259,2274,563,PAID_LATE,55,16849884.0,230000000,KT - EX,Menos de 12 meses,Servicios,Seed,Bogotá D.C.,5,No,Si,888.0,4.0,2013,No,No,No,Si,33,FriendOrColleague,3.0,Si,No,30,No,1,1
260,2319,1055,PAID,0,8997716.0,40000000,CR ,25 a 36 meses,Comercio,Seed,Bogotá D.C.,4,No,No,0.0,0.0,2017,No,No,No,No,29,Newspapers,1.0,Si,No,2,No,1,1
261,2428,202,PAID_LATE,49,166164894.0,800000000,KT - EX,Menos de 12 meses,Servicios,Venture,Medellín,5,No,Si,891.0,17.0,2013,No,Si,Si,Si,30,FriendOrColleague,2.0,No,Si,10,No,1,0
262,2428,224,PAID_LATE,60,38649095.0,800000000,KT - EX,Menos de 12 meses,Servicios,Venture,Medellín,5,No,Si,891.0,17.0,2013,No,Si,Si,Si,30,FriendOrColleague,2.0,No,Si,10,No,1,0
263,2428,1223,PAID_LATE,62,92445425.0,800000000,KT - EX,Menos de 12 meses,Servicios,Venture,Medellín,5,No,Si,891.0,17.0,2013,No,Si,Si,Si,30,FriendOrColleague,2.0,No,Si,10,No,1,0
264,2428,1427,PAID_LATE,21,55267159.0,800000000,KT - EX,Menos de 12 meses,Servicios,Venture,Medellín,5,No,Si,891.0,17.0,2013,No,Si,Si,Si,30,FriendOrColleague,2.0,No,Si,10,No,1,0
265,2429,602,LATE,177,10019585.0,30000000,CR ,13 a 24 meses,Industria,Seed,Medellín,3,No,No,664.0,2.0,2014,No,No,No,No,34,FriendOrColleague,1.0,No,No,18,Si,1,1
266,2430,613,PAID,3,18197342.0,300000000,KT - EX,Menos de 12 meses,Servicios,Venture,Bogotá D.C.,5,Si,No,906.0,7.0,2015,Si,No,Si,No,64,FriendOrColleague,5.0,No,Si,10,Si,5,0
267,2430,1329,PAID,0,30606503.0,300000000,KT - EX,Menos de 12 meses,Servicios,Venture,Bogotá D.C.,5,Si,No,906.0,7.0,2015,Si,No,Si,No,64,FriendOrColleague,5.0,No,Si,10,Si,5,0
268,2431,624,PAID,0,76109420.0,250000000,KT - CO,13 a 24 meses,Servicios,Seed,Medellín,6,No,No,935.0,2.0,2009,Si,Si,Si,Si,61,FriendOrColleague,2.0,No,Si,20,No,5,0
269,2431,1281,PAID,0,76664128.0,250000000,KT - CO,13 a 24 meses,Servicios,Seed,Medellín,6,No,No,935.0,2.0,2009,Si,Si,Si,Si,61,FriendOrColleague,2.0,No,Si,20,No,5,0
270,2432,607,LATE,106,16667224.0,60000000,KT - EX,Menos de 12 meses,Servicios,Seed,Bogotá D.C.,6,No,No,917.0,2.0,2018,Si,No,Si,No,49,FriendOrColleague,2.0,No,No,4,No,0,1
271,2433,106,LATE,15,20161722.0,530000000,CR ,13 a 24 meses,Servicios,Growth,Bogotá D.C.,3,Si,Si,920.0,26.0,2003,No,No,No,Si,29,Internet,5.0,No,Si,30,No,0,0
272,2433,1170,PAID_LATE,12,39188178.0,530000000,CR ,13 a 24 meses,Servicios,Growth,Bogotá D.C.,3,Si,Si,920.0,26.0,2003,No,No,No,Si,29,Internet,5.0,No,Si,30,No,0,0
273,2433,1214,PAID_LATE,33,25158992.0,530000000,CR ,13 a 24 meses,Servicios,Growth,Bogotá D.C.,3,Si,Si,920.0,26.0,2003,No,No,No,Si,29,Internet,5.0,No,Si,30,No,0,0
274,2434,632,LATE,148,13029470.0,50000000,KT - CO,13 a 24 meses,Industria,Seed,Bogotá D.C.,5,No,No,872.0,3.0,2015,No,No,No,Si,51,FriendOrColleague,2.0,No,Si,25,Si,0,1
275,2435,835,PAID_LATE,15,118588319.0,600000000,KT - CO,13 a 24 meses,Industria,Growth,Medellín,4,No,Si,929.0,21.0,1980,Si,Si,Si,No,30,CreditProfessionalContact,5.0,No,Si,230,No,7,0
276,2435,1205,PAID,1,182221355.0,600000000,KT - CO,13 a 24 meses,Industria,Growth,Medellín,4,No,Si,929.0,21.0,1980,Si,Si,Si,No,30,CreditProfessionalContact,5.0,No,Si,230,No,7,0
277,2437,611,PAID,6,12210532.0,220606989,KT - CO,13 a 24 meses,Comercio,Seed,Envigado,4,No,No,880.0,8.0,2016,Si,Si,Si,Si,52,FriendOrColleague,1.0,No,No,7,No,1,1
278,2437,638,PAID,3,25257378.0,220606989,KT - CO,13 a 24 meses,Comercio,Seed,Envigado,4,No,No,880.0,8.0,2016,Si,Si,Si,Si,52,FriendOrColleague,1.0,No,No,7,No,1,1
279,2437,1409,PAID,8,9206906.0,220606989,KT - CO,13 a 24 meses,Comercio,Seed,Envigado,4,No,No,880.0,8.0,2016,Si,Si,Si,Si,52,FriendOrColleague,1.0,No,No,7,No,1,1
280,2438,199,PAID,1,11100221.0,300000000,KT - EX,13 a 24 meses,Servicios,Seed,Medellín,6,No,No,933.0,2.0,2015,No,No,No,No,36,FriendOrColleague,4.0,No,Si,4,No,0,1
281,2438,1216,PAID,4,30346831.0,300000000,KT - EX,13 a 24 meses,Servicios,Seed,Medellín,6,No,No,933.0,2.0,2015,No,No,No,No,36,FriendOrColleague,4.0,No,Si,4,No,0,1
282,2439,834,PAID,1,32107091.0,310000000,KT - EX,25 a 36 meses,Industria,Scale Up,Sabaneta,4,No,No,925.0,27.0,1993,Si,No,No,No,56,FriendOrColleague,5.0,No,Si,120,No,25,0
283,2439,1187,PAID,0,15004072.0,310000000,KT - EX,25 a 36 meses,Industria,Scale Up,Sabaneta,4,No,No,925.0,27.0,1993,Si,No,No,No,56,FriendOrColleague,5.0,No,Si,120,No,25,0
284,2439,1188,PAID,0,17737257.0,310000000,KT - EX,25 a 36 meses,Industria,Scale Up,Sabaneta,4,No,No,925.0,27.0,1993,Si,No,No,No,56,FriendOrColleague,5.0,No,Si,120,No,25,0
285,2440,662,PAID_LATE,61,22469828.0,193138000,KT - EX,13 a 24 meses,Servicios,Seed,Bogotá D.C.,5,No,No,362.0,2.0,2010,Si,Si,No,No,38,Other,1.0,No,Si,12,Si,1,1
286,2440,663,PAID_LATE,25,9931914.0,193138000,KT - EX,13 a 24 meses,Servicios,Seed,Bogotá D.C.,5,No,No,362.0,2.0,2010,Si,Si,No,No,38,Other,1.0,No,Si,12,Si,1,1
287,2440,1539,PAID_LATE,15,19754663.0,193138000,KT - EX,13 a 24 meses,Servicios,Seed,Bogotá D.C.,5,No,No,362.0,2.0,2010,Si,Si,No,No,38,Other,1.0,No,Si,12,Si,1,1
288,2441,614,PAID_LATE,11,21028409.0,130000000,KT - CO,13 a 24 meses,Servicios,Venture,Medellín,3,No,No,954.0,4.0,2017,No,No,No,No,39,CreditProfessionalContact,2.0,No,Si,10,Si,1,1
289,2442,1179,PAID_LATE,13,90440797.0,530000000,KT - CO,Menos de 12 meses,Comercio,Scale Up,Bogotá D.C.,5,No,No,917.0,12.0,2017,Si,No,Si,No,43,Other,2.0,No,Si,10,No,0,0
290,2442,1516,PAID,7,24911296.0,530000000,KT - CO,Menos de 12 meses,Comercio,Scale Up,Bogotá D.C.,5,No,No,917.0,12.0,2017,Si,No,Si,No,43,Other,2.0,No,Si,10,No,0,0
291,2447,1079,PAID,3,12067875.0,280000000,KT - EX,Menos de 12 meses,Servicios,Seed,Medellín,5,No,No,936.0,2.0,2016,Si,Si,Si,Si,39,FriendOrColleague,2.0,No,No,5,Si,1,1
292,2447,1091,PAID,3,15090518.0,280000000,KT - EX,Menos de 12 meses,Servicios,Seed,Medellín,5,No,No,936.0,2.0,2016,Si,Si,Si,Si,39,FriendOrColleague,2.0,No,No,5,Si,1,1
293,2447,1129,PAID,3,9050844.0,280000000,KT - EX,Menos de 12 meses,Servicios,Seed,Medellín,5,No,No,936.0,2.0,2016,Si,Si,Si,Si,39,FriendOrColleague,2.0,No,No,5,Si,1,1
294,2448,580,PAID_LATE,48,11753812.0,30000000,KT - EX,13 a 24 meses,Servicios,Seed,Bogotá D.C.,6,No,No,852.0,2.0,2013,Si,Si,Si,Si,37,CreditProfessionalContact,4.0,Si,Si,5,No,1,1
295,2449,581,PAID_LATE,16,31072195.0,363215000,SP,13 a 24 meses,Industria,Seed,Medellín,6,No,No,808.0,12.0,2011,Si,Si,Si,No,33,Email,1.0,No,Si,20,Si,2,0
296,2449,694,PAID_LATE,50,46086880.0,363215000,SP,13 a 24 meses,Industria,Seed,Medellín,6,No,No,808.0,12.0,2011,Si,Si,Si,No,33,Email,1.0,No,Si,20,Si,2,0
297,2449,695,PAID_LATE,55,10808112.0,363215000,SP,13 a 24 meses,Industria,Seed,Medellín,6,No,No,808.0,12.0,2011,Si,Si,Si,No,33,Email,1.0,No,Si,20,Si,2,0
298,2449,713,PAID_LATE,55,7753213.0,363215000,SP,13 a 24 meses,Industria,Seed,Medellín,6,No,No,808.0,12.0,2011,Si,Si,Si,No,33,Email,1.0,No,Si,20,Si,2,0
299,2450,653,PAID_LATE,106,14372797.0,343000000,KT - EX,25 a 36 meses,Servicios,Seed,Bogotá D.C.,6,Si,Si,891.0,6.0,2005,Si,No,Si,Si,45,Other,2.0,No,Si,4,No,1,0
300,2450,669,LATE,121,2170151.0,343000000,KT - EX,25 a 36 meses,Servicios,Seed,Bogotá D.C.,6,Si,Si,891.0,6.0,2005,Si,No,Si,Si,45,Other,2.0,No,Si,4,No,1,0
301,2450,1161,PAID_LATE,96,12518598.0,343000000,KT - EX,25 a 36 meses,Servicios,Seed,Bogotá D.C.,6,Si,Si,891.0,6.0,2005,Si,No,Si,Si,45,Other,2.0,No,Si,4,No,1,0
302,2451,230,PAID,0,65074312.0,300000000,SP,25 a 36 meses,Servicios,Seed,Bogotá D.C.,6,No,No,921.0,6.0,2015,Si,Si,No,No,45,Internet,3.0,No,No,11,No,2,1
303,2452,699,PAID,5,44790619.0,210000000,KT - EX,13 a 24 meses,Servicios,Seed,Bogotá D.C.,6,No,No,893.0,4.0,2011,Si,Si,No,Si,49,FriendOrColleague,2.0,No,Si,4,Si,1,1
304,2453,665,PAID_LATE,76,12929771.0,40000000,KT - CO,13 a 24 meses,Servicios,Seed,Medellín,6,Si,No,839.0,2.0,2012,No,No,No,Si,52,FriendOrColleague,1.0,No,No,10,No,1,1
305,2454,682,PAID,3,16648799.0,80000000,KT - EX,Menos de 12 meses,Servicios,Seed,Medellín,5,No,No,877.0,1.0,2017,No,No,No,No,27,FriendOrColleague,2.0,No,No,5,Si,3,1
306,2455,701,LATE,203,48944027.0,150000000,KT - CO,13 a 24 meses,Comercio,Scale Up,Bogotá D.C.,5,No,Si,833.0,20.0,2011,Si,Si,No,No,36,FriendOrColleague,2.0,No,Si,12,No,2,0
307,2456,1371,PAID_LATE,72,75157647.0,600000000,KT - CO,13 a 24 meses,Comercio,Growth,Bogotá D.C.,4,No,Si,929.0,29.0,2009,No,No,Si,Si,57,FriendOrColleague,4.0,No,Si,25,Si,3,0
308,2457,625,PAID_LATE,50,24372806.0,110000000,KT - CO,13 a 24 meses,Comercio,Venture,Medellín,6,Si,No,757.0,9.0,1995,Si,No,Si,Si,49,Email,1.0,No,Si,9,No,1,0
309,2457,1514,PAID_LATE,22,7563529.0,110000000,KT - CO,13 a 24 meses,Comercio,Venture,Medellín,6,Si,No,757.0,9.0,1995,Si,No,Si,Si,49,Email,1.0,No,Si,9,No,1,0
310,2458,656,PAID,1,159874001.0,300000000,CR ,25 a 36 meses,Servicios,Scale Up,Medellín,4,No,No,916.0,6.0,2013,No,No,No,No,45,Newspapers,4.0,No,Si,42,No,0,0
311,2459,628,LATE,545,0.0,300000000,KT - EX,25 a 36 meses,Servicios,Venture,Bogotá D.C.,4,Si,Si,933.0,11.0,2003,No,No,No,No,63,Internet,5.0,No,Si,81,No,3,0
312,2460,688,PAID,3,66058664.0,450000000,CR ,13 a 24 meses,Comercio,Scale Up,Medellín,5,No,No,937.0,7.0,2007,No,No,No,Si,41,CreditProfessionalContact,1.0,No,Si,15,No,3,0
313,2460,1534,PAID,2,37226008.0,450000000,CR ,13 a 24 meses,Comercio,Scale Up,Medellín,5,No,No,937.0,7.0,2007,No,No,No,Si,41,CreditProfessionalContact,1.0,No,Si,15,No,3,0
314,2461,684,PAID,1,44361317.0,160000000,KT - CO,Menos de 12 meses,Servicios,Seed,Medellín,4,No,No,877.0,8.0,2013,Si,Si,Si,Si,31,FriendOrColleague,1.0,No,Si,18,No,2,1
315,2461,1422,PAID,0,24242804.0,160000000,KT - CO,Menos de 12 meses,Servicios,Seed,Medellín,4,No,No,877.0,8.0,2013,Si,Si,Si,Si,31,FriendOrColleague,1.0,No,Si,18,No,2,1
316,2462,20,PAID,0,48677583.0,1230000000,CR ,25 a 36 meses,Servicios,Venture,Medellín,6,No,No,933.0,16.0,2011,Si,Si,Si,Si,33,FriendOrColleague,2.0,No,Si,22,No,3,0
317,2462,590,PAID,1,32642401.0,1230000000,CR ,25 a 36 meses,Servicios,Venture,Medellín,6,No,No,933.0,16.0,2011,Si,Si,Si,Si,33,FriendOrColleague,2.0,No,Si,22,No,3,0
318,2462,1116,PAID,1,216844031.0,1230000000,CR ,25 a 36 meses,Servicios,Venture,Medellín,6,No,No,933.0,16.0,2011,Si,Si,Si,Si,33,FriendOrColleague,2.0,No,Si,22,No,3,0
319,2464,626,PAID,1,43674921.0,200000000,SP,25 a 36 meses,Servicios,Venture,Medellín,5,Si,No,929.0,4.0,2014,Si,Si,Si,Si,30,Other,2.0,No,Si,40,No,8,0
320,2465,209,LATE,209,24788185.0,285478000,CR ,Menos de 12 meses,Industria,Seed,La Estrella,4,No,Si,468.0,9.0,2014,Si,No,No,No,36,Other,2.0,No,Si,28,No,3,0
321,2465,719,PAID_LATE,32,27761453.0,285478000,CR ,Menos de 12 meses,Industria,Seed,La Estrella,4,No,Si,468.0,9.0,2014,Si,No,No,No,36,Other,2.0,No,Si,28,No,3,0
322,2465,977,LATE,200,20423226.0,285478000,CR ,Menos de 12 meses,Industria,Seed,La Estrella,4,No,Si,468.0,9.0,2014,Si,No,No,No,36,Other,2.0,No,Si,28,No,3,0
323,2466,985,LATE,191,12608386.0,50000000,SP,13 a 24 meses,Servicios,Seed,Envigado,6,No,No,861.0,5.0,2008,Si,No,Si,No,46,Internet,5.0,No,Si,14,No,0,1
324,2466,1082,LATE,135,29889144.0,50000000,SP,13 a 24 meses,Servicios,Seed,Envigado,6,No,No,861.0,5.0,2008,Si,No,Si,No,46,Internet,5.0,No,Si,14,No,0,1
325,2467,610,PAID,0,9263122.0,140000000,KT - CO,Menos de 12 meses,Industria,Venture,Medellín,5,No,Si,917.0,5.0,2010,Si,Si,Si,Si,40,FriendOrColleague,2.0,No,Si,12,No,0,1
326,2467,679,PAID,2,25816894.0,140000000,KT - CO,Menos de 12 meses,Industria,Venture,Medellín,5,No,Si,917.0,5.0,2010,Si,Si,Si,Si,40,FriendOrColleague,2.0,No,Si,12,No,0,0
327,2468,627,LATE,96,7599862.0,90000000,KT - CO,Menos de 12 meses,Servicios,Seed,Medellín,5,No,No,933.0,4.0,2004,Si,Si,No,Si,43,FriendOrColleague,3.0,Si,Si,18,No,1,1
328,2468,633,PAID_LATE,48,43496664.0,90000000,KT - CO,Menos de 12 meses,Servicios,Seed,Medellín,5,No,No,933.0,4.0,2004,Si,Si,No,Si,43,FriendOrColleague,3.0,Si,Si,18,No,1,0
329,2469,630,PAID,0,39370424.0,390000000,KT - CO,Menos de 12 meses,Comercio,Growth,Bogotá D.C.,4,Si,Si,920.0,20.0,2002,Si,No,No,Si,64,FriendOrColleague,2.0,No,Si,20,Si,5,0
330,2469,1190,PAID,1,48097647.0,390000000,KT - CO,Menos de 12 meses,Comercio,Growth,Bogotá D.C.,4,Si,Si,920.0,20.0,2002,Si,No,No,Si,64,FriendOrColleague,2.0,No,Si,20,Si,5,0
331,2470,585,PAID,1,15869853.0,117902428,SP,13 a 24 meses,Servicios,Seed,Medellín,4,No,No,902.0,4.0,2011,Si,No,Si,No,43,CreditProfessionalContact,1.0,No,Si,10,No,1,1
332,2470,903,PAID,2,29769862.0,117902428,SP,13 a 24 meses,Servicios,Seed,Medellín,4,No,No,902.0,4.0,2011,Si,No,Si,No,43,CreditProfessionalContact,1.0,No,Si,10,No,1,1
333,2474,616,PAID,2,6629553.0,120000000,KT - CO,13 a 24 meses,Industria,Seed,Medellín,6,No,No,832.0,1.0,2013,Si,Si,Si,No,33,Other,4.0,No,Si,6,Si,2,1
334,2474,714,PAID_LATE,13,6619094.0,120000000,KT - CO,13 a 24 meses,Industria,Seed,Medellín,6,No,No,832.0,1.0,2013,Si,Si,Si,No,33,Other,4.0,No,Si,6,Si,2,1
335,2474,1159,PAID_LATE,13,6620879.0,120000000,KT - CO,13 a 24 meses,Industria,Seed,Medellín,6,No,No,832.0,1.0,2013,Si,Si,Si,No,33,Other,4.0,No,Si,6,Si,2,1
336,2475,617,PAID,13,9007154.0,110000000,KT - EX,Menos de 12 meses,Servicios,Seed,Medellín,6,No,No,853.0,3.0,2006,Si,Si,Si,Si,37,Newspapers,3.0,No,Si,8,No,2,1
337,2475,696,PAID,1,27520765.0,110000000,KT - EX,Menos de 12 meses,Servicios,Seed,Medellín,6,No,No,853.0,3.0,2006,Si,Si,Si,Si,37,Newspapers,3.0,No,Si,8,No,2,1
338,2475,1317,PAID,5,8989251.0,110000000,KT - EX,Menos de 12 meses,Servicios,Seed,Medellín,6,No,No,853.0,3.0,2006,Si,Si,Si,Si,37,Newspapers,3.0,No,Si,8,No,2,1
339,2476,676,PAID,0,44949348.0,560000000,KT - EX,Menos de 12 meses,Servicios,Scale Up,Medellín,6,No,No,929.0,5.0,2012,Si,Si,Si,Si,37,Other,2.0,No,Si,20,No,7,0
340,2476,1130,PAID,1,157743092.0,560000000,KT - EX,Menos de 12 meses,Servicios,Scale Up,Medellín,6,No,No,929.0,5.0,2012,Si,Si,Si,Si,37,Other,2.0,No,Si,20,No,7,0
341,2477,1240,LATE,14,90567209.0,750000000,KT - CO,Menos de 12 meses,Servicios,Venture,Bogotá D.C.,6,No,Si,858.0,21.0,2013,Si,Si,Si,Si,31,FriendOrColleague,3.0,No,Si,11,No,0,0
342,2477,1423,PAID_LATE,14,25204306.0,750000000,KT - CO,Menos de 12 meses,Servicios,Venture,Bogotá D.C.,6,No,Si,858.0,21.0,2013,Si,Si,Si,Si,31,FriendOrColleague,3.0,No,Si,11,No,0,0
343,2478,35,PAID,12,88449367.0,90000000,KT - CO,Menos de 12 meses,Servicios,Venture,Medellín,4,No,No,858.0,9.0,2015,Si,No,No,Si,40,Other,2.0,No,No,30,No,1,1
344,2479,561,PAID,2,6508179.0,150000000,KT - CO,25 a 36 meses,Servicios,Venture,Envigado,5,No,No,907.0,2.0,2016,No,Si,No,Si,40,CreditProfessionalContact,2.0,No,Si,8,No,1,1
345,2479,1050,PAID,1,26029725.0,150000000,KT - CO,25 a 36 meses,Servicios,Venture,Envigado,5,No,No,907.0,2.0,2016,No,Si,No,Si,40,CreditProfessionalContact,2.0,No,Si,8,No,1,1
346,2480,629,PAID,0,38743695.0,140000000,KT - CO,Menos de 12 meses,Servicios,Seed,Bogotá D.C.,5,No,No,921.0,1.0,2011,No,No,No,No,44,Other,2.0,No,No,4,No,0,1
347,2481,223,PAID,3,88898557.0,1095000000,KT - CO,Menos de 12 meses,Servicios,Scale Up,Bogotá D.C.,6,Si,Si,900.0,13.0,2015,Si,Si,Si,No,35,FriendOrColleague,1.0,No,Si,33,No,3,0
348,2481,265,PAID,4,25018288.0,1095000000,KT - CO,Menos de 12 meses,Servicios,Scale Up,Bogotá D.C.,6,Si,Si,900.0,13.0,2015,Si,Si,Si,No,35,FriendOrColleague,1.0,No,Si,33,No,3,0
349,2481,591,PAID_LATE,22,83433059.0,1095000000,KT - CO,Menos de 12 meses,Servicios,Scale Up,Bogotá D.C.,6,Si,Si,900.0,13.0,2015,Si,Si,Si,No,35,FriendOrColleague,1.0,No,Si,33,No,3,0
350,2481,657,PAID_LATE,10,18535319.0,1095000000,KT - CO,Menos de 12 meses,Servicios,Scale Up,Bogotá D.C.,6,Si,Si,900.0,13.0,2015,Si,Si,Si,No,35,FriendOrColleague,1.0,No,Si,33,No,3,0
351,2481,711,PAID,3,77798891.0,1095000000,KT - CO,Menos de 12 meses,Servicios,Scale Up,Bogotá D.C.,6,Si,Si,900.0,13.0,2015,Si,Si,Si,No,35,FriendOrColleague,1.0,No,Si,33,No,3,0
352,2481,1136,PAID_LATE,81,167408252.0,1095000000,KT - CO,Menos de 12 meses,Servicios,Scale Up,Bogotá D.C.,6,Si,Si,900.0,13.0,2015,Si,Si,Si,No,35,FriendOrColleague,1.0,No,Si,33,No,3,0
353,2481,1408,PAID_LATE,55,60518733.0,1095000000,KT - CO,Menos de 12 meses,Servicios,Scale Up,Bogotá D.C.,6,Si,Si,900.0,13.0,2015,Si,Si,Si,No,35,FriendOrColleague,1.0,No,Si,33,No,3,0
354,2483,675,PAID_LATE,20,65043382.0,300000000,KT - CO,25 a 36 meses,Servicios,Seed,Bogotá D.C.,6,No,No,925.0,0.0,2008,Si,No,Si,Si,44,FriendOrColleague,1.0,No,No,10,No,3,1
355,2486,1066,PAID,2,67491433.0,300000000,KT - EX,25 a 36 meses,Comercio,Seed,Bogotá D.C.,5,No,No,943.0,1.0,2014,No,No,No,Si,36,FriendOrColleague,19.0,No,Si,5,No,1,1
356,2496,569,PAID,2,14380984.0,250000000,CR ,13 a 24 meses,Industria,Seed,Medellín,4,No,No,922.0,1.0,2013,Si,Si,Si,Si,38,FriendOrColleague,2.0,No,No,18,No,1,1
357,2514,954,LATE,494,0.0,300000000,KT - EX,25 a 36 meses,Industria,Scale Up,Barranquilla,4,Si,Si,619.0,16.0,2005,No,No,Si,Si,29,Other,2.0,No,Si,25,No,1,0
358,2598,1009,LATE,203,22205184.0,250000000,CR ,Menos de 12 meses,Industria,Venture,La Estrella,4,No,No,0.0,0.0,2017,Si,No,No,Si,46,CreditProfessionalContact,1.0,Si,No,9,No,1,1
359,2598,1010,LATE,139,38360445.0,250000000,CR ,Menos de 12 meses,Industria,Venture,La Estrella,4,No,No,0.0,0.0,2017,Si,No,No,Si,46,CreditProfessionalContact,1.0,Si,No,9,No,1,1
360,2652,1051,PAID,6,15170017.0,50000000,KT - EX,13 a 24 meses,Servicios,Seed,Medellín,4,No,No,0.0,0.0,2018,No,Si,No,No,32,SocialNetworks,2.0,No,Si,2,No,2,1
361,2696,1056,PAID_LATE,16,9165339.0,260000000,KT - EX,13 a 24 meses,Comercio,Seed,Bogotá D.C.,5,No,No,901.0,2.0,2014,Si,Si,Si,Si,36,FriendOrColleague,2.0,No,Si,6,No,0,1
362,2696,1384,PAID_LATE,22,18573877.0,260000000,KT - EX,13 a 24 meses,Comercio,Seed,Bogotá D.C.,5,No,No,901.0,2.0,2014,Si,Si,Si,Si,36,FriendOrColleague,2.0,No,Si,6,No,0,1
363,2697,1099,PAID_LATE,25,11677360.0,60000000,KT - CO,13 a 24 meses,Industria,Seed,Barranquilla,2,No,No,931.0,2.0,2010,No,No,No,No,35,Internet,3.0,No,Si,7,Si,1,1
364,2738,1089,PAID,0,22127209.0,70000000,KT - CO,Menos de 12 meses,Servicios,Seed,Bogotá D.C.,4,No,No,923.0,4.0,2012,Si,Si,Si,Si,32,Internet,3.0,No,No,7,No,1,1
365,2738,1365,PAID,0,11577922.0,70000000,KT - CO,Menos de 12 meses,Servicios,Seed,Bogotá D.C.,4,No,No,923.0,4.0,2012,Si,Si,Si,Si,32,Internet,3.0,No,No,7,No,1,1
366,2765,1049,PAID_LATE,91,62874133.0,320000000,SP,13 a 24 meses,Servicios,Scale Up,Medellín,6,No,No,867.0,1.0,2013,No,No,No,Si,49,FriendOrColleague,4.0,No,Si,35,No,5,0
367,2767,1594,PAID,3,7575876.0,30000000,KT - CO,13 a 24 meses,Comercio,Seed,Bogotá D.C.,3,No,No,951.0,3.0,2010,Si,Si,Si,Si,31,Newspapers,2.0,No,No,7,No,1,1
368,2769,1071,LATE,212,40289538.0,200000000,KT - CO,13 a 24 meses,Servicios,Scale Up,Barranquilla,4,Si,No,950.0,4.0,2007,No,No,No,No,33,Other,2.0,No,No,15,Si,2,1
369,2774,1429,PAID_LATE,83,12424684.0,50000000,SP,Menos de 12 meses,Servicios,Seed,Bogotá D.C.,3,No,No,936.0,0.0,2002,No,No,No,No,52,Newspapers,3.0,No,Si,7,No,0,1
370,2792,1052,PAID_LATE,76,32442131.0,250000000,KT - CO,Menos de 12 meses,Comercio,Venture,Medellín,5,No,No,925.0,4.0,2018,No,No,No,No,37,Internet,1.0,No,Si,5,No,1,1
371,2792,1463,PAID_LATE,80,69592922.0,250000000,KT - CO,Menos de 12 meses,Comercio,Venture,Medellín,5,No,No,925.0,4.0,2018,No,No,No,No,37,Internet,1.0,No,Si,5,No,1,1
372,2814,1137,PAID_LATE,30,54148723.0,300000000,KT - EX,25 a 36 meses,Servicios,Venture,Medellín,4,Si,Si,937.0,12.0,2002,Si,No,Si,Si,48,SocialNetworks,2.0,No,Si,100,No,8,0
373,2822,1064,PAID,7,13216064.0,110000000,KT - EX,25 a 36 meses,Servicios,Seed,Bogotá D.C.,5,No,No,0.0,4.0,2006,Si,Si,Si,Si,44,Newspapers,2.0,No,No,29,No,3,1
374,2822,1323,PAID,1,11009583.0,110000000,KT - EX,25 a 36 meses,Servicios,Seed,Bogotá D.C.,5,No,No,0.0,4.0,2006,Si,Si,Si,Si,44,Newspapers,2.0,No,No,29,No,3,1
375,2884,1067,PAID,1,54774874.0,350000000,CR ,25 a 36 meses,Servicios,Venture,Barranquilla,4,Si,Si,895.0,15.0,2012,No,Si,No,No,34,Other,1.0,No,Si,25,Si,2,0
376,2892,1057,PAID,7,55975654.0,60000000,KT - EX,13 a 24 meses,Servicios,Seed,Bogotá D.C.,4,Si,No,0.0,1.0,2012,Si,No,No,No,45,Internet,1.0,No,No,2,No,0,1
377,2916,1068,PAID,4,55226553.0,170000000,KT - CO,Menos de 12 meses,Servicios,Growth,Barranquilla,6,No,Si,931.0,12.0,2015,Si,Si,Si,Si,46,Other,6.0,No,No,140,No,5,0
378,2918,1078,PAID_LATE,75,202338429.0,500000000,CR ,13 a 24 meses,Comercio,Growth,Bogotá D.C.,4,No,Si,916.0,10.0,2015,No,No,No,No,47,FriendOrColleague,1.0,No,Si,70,No,2,0
379,2924,1073,PAID_LATE,32,76750775.0,200000000,KT - CO,13 a 24 meses,Servicios,Growth,Bogotá D.C.,4,Si,Si,902.0,5.0,2007,Si,No,Si,Si,55,FriendOrColleague,2.0,Si,Si,500,No,5,0
380,2952,1065,PAID,7,75541330.0,130000000,KT - CO,25 a 36 meses,Servicios,Seed,Medellín,6,No,No,863.0,2.0,2014,Si,No,No,Si,31,SocialNetworks,1.0,Si,No,3,No,0,1
381,2952,1484,PAID,3,14168871.0,130000000,KT - CO,25 a 36 meses,Servicios,Seed,Medellín,6,No,No,863.0,2.0,2014,Si,No,No,Si,31,SocialNetworks,1.0,Si,No,3,No,0,1
382,2959,1072,LATE,1083,0.0,150000000,KT - CO,Menos de 12 meses,Comercio,Growth,Bogotá D.C.,5,No,Si,937.0,27.0,2010,No,No,No,No,59,FriendOrColleague,1.0,No,Si,3,No,2,1
383,2981,1483,LATE,137,20212375.0,100000000,KT - EX,13 a 24 meses,Servicios,Venture,Cali,5,No,No,800.0,2.0,2017,Si,Si,No,No,38,Internet,2.0,No,Si,7,Si,2,1
384,2986,1074,PAID_LATE,63,36605941.0,300000000,KT - EX,13 a 24 meses,Servicios,Growth,Bogotá D.C.,5,Si,Si,887.0,44.0,1999,Si,No,Si,Si,51,FriendOrColleague,2.0,No,Si,370,No,1,0
385,2986,1233,PAID_LATE,56,32128283.0,300000000,KT - EX,13 a 24 meses,Servicios,Growth,Bogotá D.C.,5,Si,Si,887.0,44.0,1999,Si,No,Si,Si,51,FriendOrColleague,2.0,No,Si,370,No,1,0
386,2994,1374,PAID,6,16694930.0,60000000,KT - EX,Menos de 12 meses,Servicios,Seed,Bogotá D.C.,5,No,No,937.0,1.0,2016,No,Si,Si,Si,29,SocialNetworks,2.0,No,No,6,No,0,1
387,2999,1112,LATE,89,15078186.0,200000000,CR ,25 a 36 meses,Servicios,Venture,Bogotá D.C.,4,No,Si,868.0,2.0,2013,Si,Si,No,Si,32,FriendOrColleague,2.0,No,No,11,No,0,1
388,3045,1084,PAID_LATE,48,16123517.0,80000000,KT - CO,13 a 24 meses,Servicios,Seed,Bogotá D.C.,6,No,No,881.0,4.0,2008,No,No,No,Si,56,FriendOrColleague,1.0,No,Si,3,No,0,1
389,3065,1160,PAID_LATE,43,9803626.0,60000000,KT - EX,13 a 24 meses,Comercio,Growth,Medellín,4,No,No,0.0,0.0,2014,No,No,No,Si,63,Other,1.0,Si,No,5,Si,2,1
390,3066,1119,LATE,279,22066737.0,300000000,CR ,25 a 36 meses,Industria,Growth,Medellín,4,No,Si,669.0,32.0,2014,Si,No,No,No,48,Other,1.0,No,Si,39,No,2,0
391,3070,1077,PAID_LATE,13,9657801.0,110000000,KT - CO,13 a 24 meses,Industria,Seed,Medellín,4,Si,Si,765.0,6.0,2017,Si,Si,No,No,48,FriendOrColleague,5.0,No,No,20,Si,1,1
392,3070,1513,PAID_LATE,15,9614491.0,110000000,KT - CO,13 a 24 meses,Industria,Seed,Medellín,4,Si,Si,765.0,6.0,2017,Si,Si,No,No,48,FriendOrColleague,5.0,No,No,20,Si,1,1
393,3074,1093,PAID_LATE,31,115723422.0,300000000,KT - CO,13 a 24 meses,Comercio,Growth,Barranquilla,6,No,Si,828.0,34.0,2015,No,No,Si,Si,48,CreditProfessionalContact,6.0,No,Si,120,No,3,0
394,3114,1086,PAID_LATE,24,35519770.0,170000000,KT - EX,13 a 24 meses,Servicios,Seed,Bogotá D.C.,5,No,No,798.0,6.0,2016,No,No,No,No,35,FriendOrColleague,1.0,No,No,3,No,0,1
395,3127,1098,PAID,11,25869469.0,85000000,CR ,13 a 24 meses,Comercio,Venture,Bogotá D.C.,3,No,No,951.0,2.0,2015,Si,Si,No,No,55,FriendOrColleague,3.0,No,No,10,No,0,1
396,3133,1433,PAID_LATE,35,35550858.0,240000000,KT - EX,Menos de 12 meses,Servicios,Seed,Bogotá D.C.,4,No,No,863.0,6.0,2016,Si,Si,Si,Si,42,FriendOrColleague,4.0,No,No,11,No,2,1
397,3156,1246,PAID_LATE,33,16070444.0,50000000,KT - CO,13 a 24 meses,Servicios,Venture,Bogotá D.C.,4,No,No,886.0,1.0,2014,Si,No,Si,Si,43,Internet,2.0,No,Si,10,No,0,1
398,3162,1118,PAID,5,104167089.0,320000000,KT - CO,13 a 24 meses,Industria,Seed,Bogotá D.C.,5,No,Si,866.0,10.0,1993,Si,No,Si,Si,59,FriendOrColleague,2.0,No,Si,51,No,5,0
399,3165,1276,PAID_LATE,14,61361196.0,350000000,KT - CO,13 a 24 meses,Servicios,Venture,Bogotá D.C.,5,No,No,772.0,3.0,2017,Si,Si,No,Si,28,FriendOrColleague,1.0,Si,Si,17,No,1,1
400,3237,1094,PAID,8,12201853.0,40000000,CR ,13 a 24 meses,Servicios,Seed,Bogotá D.C.,3,No,No,982.0,2.0,2010,Si,Si,Si,Si,41,Internet,2.0,No,Si,12,No,1,1
401,3239,1103,LATE,92,72350175.0,230000000,KT - EX,Menos de 12 meses,Servicios,Scale Up,Rionegro,5,No,No,841.0,7.0,2007,Si,No,No,Si,49,CreditProfessionalContact,2.0,No,Si,7,No,0,0
402,3262,1109,PAID,0,30443768.0,150000000,KT - EX,13 a 24 meses,Servicios,Scale Up,Bogotá D.C.,5,No,Si,701.0,4.0,2016,Si,Si,Si,Si,67,Internet,2.0,No,Si,50,No,4,0
403,3262,1440,PAID,0,15151752.0,150000000,KT - EX,13 a 24 meses,Servicios,Scale Up,Bogotá D.C.,5,No,Si,701.0,4.0,2016,Si,Si,Si,Si,67,Internet,2.0,No,Si,50,No,4,0
404,3265,1364,PAID,2,19540255.0,145000000,KT - CO,13 a 24 meses,Comercio,Seed,Medellín,4,No,No,942.0,3.0,2018,No,No,Si,Si,32,Internet,2.0,No,No,5,No,2,1
405,3283,1102,PAID_LATE,43,30517902.0,100000000,KT - EX,13 a 24 meses,Servicios,Venture,Barranquilla,4,No,No,891.0,0.0,2013,Si,Si,Si,No,42,Newspapers,8.0,Si,No,20,No,1,1
406,3369,1117,PAID_LATE,21,675865.0,35000000,CR ,25 a 36 meses,Comercio,Seed,Medellín,5,No,No,924.0,0.0,2016,No,No,No,Si,33,FriendOrColleague,1.0,No,No,8,No,0,1
407,3400,1127,LATE,600,0.0,30000000,KT - CO,Menos de 12 meses,Comercio,Venture,Envigado,3,No,No,912.0,0.0,2016,No,Si,No,No,30,FriendOrColleague,1.0,No,Si,5,No,0,1
408,3423,1115,PAID_LATE,17,24874003.0,130000000,KT - EX,13 a 24 meses,Servicios,Seed,Bogotá D.C.,5,No,No,752.0,9.0,2015,Si,Si,Si,Si,33,FriendOrColleague,3.0,No,Si,12,Si,5,1
409,3423,1515,PAID_LATE,17,7417872.0,130000000,KT - EX,13 a 24 meses,Servicios,Seed,Bogotá D.C.,5,No,No,752.0,9.0,2015,Si,Si,Si,Si,33,FriendOrColleague,3.0,No,Si,12,Si,5,1
410,3430,1178,PAID,9,43833428.0,60000000,KT - CO,Menos de 12 meses,Servicios,Seed,Bogotá D.C.,5,No,No,895.0,5.0,2015,Si,No,No,Si,33,Newspapers,3.0,No,Si,6,No,2,1
411,3440,1156,PAID,1,29712361.0,60000000,KT - EX,Menos de 12 meses,Servicios,Seed,Medellín,4,No,No,879.0,5.0,2017,Si,No,Si,No,35,FriendOrColleague,3.0,No,Si,7,No,0,1
412,3478,1273,LATE,106,9422590.0,100000000,CR ,25 a 36 meses,Servicios,Seed,Bucaramanga,4,No,No,0.0,0.0,2018,No,No,No,No,41,Newspapers,4.0,No,No,13,No,0,1
413,3478,1424,LATE,108,9426759.0,100000000,CR ,25 a 36 meses,Servicios,Seed,Bucaramanga,4,No,No,0.0,0.0,2018,No,No,No,No,41,Newspapers,4.0,No,No,13,No,0,1
414,3486,1141,PAID,0,90490830.0,370000000,KT - CO,13 a 24 meses,Industria,Venture,Cartagena de indias,3,Si,No,933.0,6.0,2002,Si,Si,Si,Si,65,Other,5.0,No,Si,85,No,4,0
415,3489,1120,PAID_LATE,38,52763195.0,63000000,KT - EX,13 a 24 meses,Servicios,Seed,Barranquilla,3,No,No,819.0,4.0,2017,Si,Si,No,Si,33,FriendOrColleague,1.0,No,Si,7,Si,2,1
416,3527,1352,LATE,127,12888007.0,50000000,KT - EX,13 a 24 meses,Servicios,Seed,Barranquilla,5,No,No,456.0,5.0,2016,Si,Si,No,Si,34,Other,1.0,No,No,7,No,0,1
417,3560,1142,LATE,323,7692886.0,50000000,KT - EX,13 a 24 meses,Servicios,Scale Up,Bogotá D.C.,4,No,No,0.0,0.0,2014,Si,Si,Si,Si,35,Internet,5.0,No,No,30,Si,2,1
418,3616,1196,PAID_LATE,83,7666920.0,30000000,KT - EX,13 a 24 meses,Servicios,Seed,Bogotá D.C.,4,No,No,736.0,0.0,2010,Si,Si,Si,Si,33,Other,1.0,Si,No,6,No,1,1
419,3627,1154,LATE,103,205929387.0,375708564,KT - EX,Menos de 12 meses,Servicios,Venture,Cali,5,No,No,933.0,0.0,2011,No,Si,Si,Si,43,Other,2.0,No,Si,7,No,1,1
420,3629,1194,PAID_LATE,34,22266496.0,170000000,KT - EX,13 a 24 meses,Servicios,Scale Up,Bogotá D.C.,3,No,No,881.0,2.0,2017,Si,Si,Si,Si,38,Internet,1.0,No,No,35,No,3,1
421,3629,1600,PAID,10,17664854.0,170000000,KT - EX,13 a 24 meses,Servicios,Scale Up,Bogotá D.C.,3,No,No,881.0,2.0,2017,Si,Si,Si,Si,38,Internet,1.0,No,No,35,No,3,1
422,3639,1267,LATE,100,23445839.0,50000000,KT - CO,Menos de 12 meses,Comercio,Scale Up,Bogotá D.C.,4,Si,No,925.0,7.0,1997,Si,No,Si,No,46,FriendOrColleague,2.0,No,Si,8,No,0,0
423,3656,1472,PAID,6,9105105.0,30000000,KT - EX,13 a 24 meses,Servicios,Seed,Barranquilla,3,No,No,919.0,1.0,2016,Si,Si,Si,Si,36,Internet,1.0,No,No,6,No,0,1
424,3665,1173,PAID,1,45196096.0,150000000,KT - EX,13 a 24 meses,Servicios,Venture,Bogotá D.C.,5,No,No,912.0,3.0,2008,Si,No,No,No,61,Newspapers,2.0,No,Si,7,No,0,1
425,3715,1162,PAID_LATE,32,195612036.0,250000000,SP,Más de 37 meses,Servicios,Seed,Medellín,5,No,No,828.0,1.0,2013,No,No,No,Si,35,FriendOrColleague,3.0,No,Si,12,Si,1,1
426,3719,1157,PAID,2,27730604.0,290000000,KT - CO,Menos de 12 meses,Servicios,Scale Up,Barranquilla,4,No,Si,786.0,5.0,2015,Si,No,No,Si,32,Other,3.0,No,Si,11,No,0,1
427,3719,1508,PAID,0,16543546.0,290000000,KT - CO,Menos de 12 meses,Servicios,Scale Up,Barranquilla,4,No,Si,786.0,5.0,2015,Si,No,No,Si,32,Other,3.0,No,Si,11,No,0,1
428,3722,1163,PAID_LATE,80,13879903.0,90000000,KT - CO,Menos de 12 meses,Servicios,Venture,Medellín,3,No,Si,929.0,10.0,2011,Si,Si,No,Si,40,FriendOrColleague,1.0,No,Si,8,Si,1,1
429,3722,1504,PAID_LATE,81,6051663.0,90000000,KT - CO,Menos de 12 meses,Servicios,Venture,Medellín,3,No,Si,929.0,10.0,2011,Si,Si,No,Si,40,FriendOrColleague,1.0,No,Si,8,Si,1,1
430,3723,1277,PAID,3,76577760.0,200000000,KT - CO,13 a 24 meses,Comercio,Scale Up,Bogotá D.C.,5,No,No,666.0,1.0,2016,Si,Si,No,Si,52,FriendOrColleague,4.0,No,Si,24,No,0,1
431,3735,1172,PAID,2,66038351.0,350000000,CR ,25 a 36 meses,Servicios,Venture,Bogotá D.C.,5,Si,Si,904.0,27.0,1997,Si,Si,Si,Si,50,CreditProfessionalContact,3.0,No,Si,125,No,8,0
432,3741,1164,PAID_LATE,10,9145540.0,77000000,SP,13 a 24 meses,Servicios,Seed,Manizales,6,No,No,792.0,3.0,2010,Si,No,Si,Si,32,CreditProfessionalContact,3.0,Si,Si,11,Si,1,1
433,3742,1168,PAID,4,19352180.0,60000000,KT - CO,Menos de 12 meses,Servicios,Seed,Medellín,6,No,No,889.0,2.0,2015,Si,No,No,No,41,FriendOrColleague,1.0,No,No,2,No,0,1
434,3761,1171,PAID_LATE,59,37201729.0,270000000,CR ,13 a 24 meses,Servicios,Venture,Medellín,5,No,Si,635.0,6.0,2013,Si,Si,No,Si,32,SocialNetworks,3.0,Si,Si,23,No,0,1
435,3780,1174,PAID,2,54780871.0,500000000,SP,25 a 36 meses,Industria,Venture,Manizales,4,Si,Si,933.0,24.0,2004,Si,No,No,Si,65,FriendOrColleague,3.0,No,Si,19,Si,4,0
436,3780,1217,PAID,0,54771911.0,500000000,SP,25 a 36 meses,Industria,Venture,Manizales,4,Si,Si,933.0,24.0,2004,Si,No,No,Si,65,FriendOrColleague,3.0,No,Si,19,Si,4,0
437,3787,1176,PAID,0,45193041.0,150000000,KT - EX,13 a 24 meses,Servicios,Venture,Armenia,4,No,No,853.0,3.0,2012,Si,Si,Si,Si,37,Other,2.0,No,Si,25,No,0,1
438,3802,1175,PAID,6,82066403.0,200000000,KT - CO,Menos de 12 meses,Servicios,Seed,Bogotá D.C.,5,No,No,905.0,3.0,2010,Si,Si,Si,No,43,FriendOrColleague,1.0,No,Si,4,No,1,1
439,3819,1189,PAID_LATE,17,45509016.0,240000000,KT - CO,13 a 24 meses,Servicios,Venture,Medellín,6,No,Si,734.0,1.0,2013,Si,No,No,No,35,FriendOrColleague,1.0,No,Si,9,No,2,1
440,3819,1587,PAID,8,15002812.0,240000000,KT - CO,13 a 24 meses,Servicios,Venture,Medellín,6,No,Si,734.0,1.0,2013,Si,No,No,No,35,FriendOrColleague,1.0,No,Si,9,No,2,1
441,3832,1197,LATE,132,16300779.0,80000000,KT - CO,13 a 24 meses,Servicios,Seed,Bogotá D.C.,6,No,No,0.0,0.0,2013,No,No,No,No,40,FriendOrColleague,1.0,No,No,4,No,1,1
442,3839,1183,PAID_LATE,42,30625498.0,100000000,SP,13 a 24 meses,Servicios,Seed,Bucaramanga,4,No,No,914.0,4.0,2012,Si,Si,Si,Si,27,Internet,1.0,No,Si,11,Si,2,1
443,3851,1184,PAID,7,27718890.0,80000000,KT - CO,Menos de 12 meses,Comercio,Venture,Bogotá D.C.,4,No,No,902.0,7.0,2016,Si,Si,No,No,30,Internet,1.0,No,No,4,No,2,1
444,3870,1314,PAID,7,9760691.0,30000000,KT - CO,13 a 24 meses,Servicios,Seed,Bogotá D.C.,5,No,Si,820.0,4.0,2015,Si,No,Si,Si,45,FriendOrColleague,2.0,No,No,11,No,1,1
445,3888,1177,PAID_LATE,21,60120161.0,300000000,KT - CO,Menos de 12 meses,Industria,Scale Up,Bogotá D.C.,3,No,No,836.0,2.0,2014,Si,No,No,No,32,FriendOrColleague,3.0,No,Si,15,No,0,1
446,3903,1198,PAID,0,98125795.0,100000000,KT - CO,13 a 24 meses,Comercio,Scale Up,Barranquilla,4,No,No,976.0,2.0,2014,No,No,No,No,45,CreditProfessionalContact,2.0,No,No,9,No,0,1
447,3934,1285,PAID,7,65088680.0,300000000,SP,25 a 36 meses,Servicios,Scale Up,Medellín,5,No,No,933.0,11.0,1992,Si,Si,No,No,46,Other,5.0,No,No,60,No,3,0
448,3985,1250,PAID,3,30233511.0,100000000,KT - EX,13 a 24 meses,Servicios,Scale Up,Bogotá D.C.,3,No,Si,933.0,11.0,2009,Si,Si,Si,Si,52,Internet,5.0,No,Si,14,No,4,0
449,3996,1203,PAID,3,76783378.0,100000000,SP,25 a 36 meses,Comercio,Seed,Marinilla,3,No,Si,929.0,1.0,2006,Si,Si,No,No,45,Other,2.0,No,Si,18,No,2,0
450,4029,634,PAID,0,25622487.0,385000000,KT - EX,13 a 24 meses,Servicios,Venture,Bogotá D.C.,6,Si,No,970.0,3.0,2010,Si,Si,Si,No,43,Other,4.0,No,Si,24,No,0,0
451,4029,1191,PAID,5,65636135.0,385000000,KT - EX,13 a 24 meses,Servicios,Venture,Bogotá D.C.,6,Si,No,970.0,3.0,2010,Si,Si,Si,No,43,Other,4.0,No,Si,24,No,0,0
452,4030,1237,PAID,0,33465571.0,330000000,SP,13 a 24 meses,Comercio,Seed,Bogotá D.C.,3,No,No,922.0,3.0,2012,Si,Si,Si,Si,40,FriendOrColleague,1.0,No,Si,4,No,0,1
453,4036,1373,LATE,181,13996926.0,50000000,KT - CO,Menos de 12 meses,Comercio,Venture,Cartagena de indias,3,No,No,916.0,5.0,2016,Si,No,No,No,40,Internet,1.0,No,No,10,No,0,1
454,4042,1486,LATE,242,15248437.0,100000000,KT - CO,13 a 24 meses,Servicios,Venture,Santa Marta,3,Si,Si,951.0,3.0,2011,Si,No,No,No,37,Newspapers,1.0,No,Si,8,No,0,1
455,4049,1236,PAID_LATE,9,15179837.0,80000000,SP,13 a 24 meses,Servicios,Seed,Bogotá D.C.,4,No,Si,956.0,1.0,2014,Si,Si,Si,Si,30,SocialNetworks,1.0,No,No,18,No,2,1
456,4068,1229,PAID_LATE,66,49946461.0,250000000,KT - EX,13 a 24 meses,Comercio,Growth,Medellín,6,No,Si,925.0,3.0,2012,No,No,No,No,55,SocialNetworks,1.0,No,Si,25,No,4,0
457,4071,1230,PAID,0,10990740.0,50000000,SP,25 a 36 meses,Servicios,Seed,Medellín,5,No,No,819.0,3.0,2014,Si,No,Si,Si,31,Internet,1.0,No,Si,15,No,0,1
458,4075,1264,PAID_LATE,18,27811944.0,110000000,KT - EX,Menos de 12 meses,Servicios,Seed,Bogotá D.C.,5,No,Si,905.0,1.0,2014,Si,Si,No,Si,31,FriendOrColleague,1.0,No,Si,12,No,0,1
459,4078,1351,LATE,434,6495565.0,100000000,KT - CO,13 a 24 meses,Comercio,Venture,Cali,3,No,No,0.0,4.0,2016,No,No,No,No,41,FriendOrColleague,1.0,No,No,15,No,0,1
460,4086,1226,PAID,1,7637302.0,30000000,KT - CO,13 a 24 meses,Comercio,Seed,Bogotá D.C.,4,No,Si,891.0,3.0,2016,No,No,No,No,33,CreditProfessionalContact,2.0,No,Si,17,No,3,1
461,4090,1228,PAID,6,33190977.0,150000000,KT - CO,25 a 36 meses,Servicios,Venture,Bogotá D.C.,5,No,No,929.0,6.0,2006,No,No,No,Si,43,FriendOrColleague,1.0,No,Si,12,No,2,1
462,4147,1247,LATE,302,5560552.0,80000000,KT - EX,Menos de 12 meses,Servicios,Seed,Barranquilla,3,No,No,940.0,5.0,2017,No,No,No,No,34,Internet,1.0,No,No,5,No,0,1
463,4162,1494,PAID_LATE,14,25416538.0,175000000,KT - EX,Menos de 12 meses,Servicios,Venture,Bogotá D.C.,6,No,Si,825.0,4.0,2016,Si,No,No,No,31,FriendOrColleague,2.0,No,No,43,No,0,1
464,4179,1239,LATE,408,5600184.0,150000000,CR ,25 a 36 meses,Industria,Seed,Medellín,4,No,No,932.0,4.0,2016,No,Si,No,Si,43,FriendOrColleague,1.0,Si,Si,6,No,0,1
465,4187,1254,PAID_LATE,29,25444843.0,175000000,KT - CO,13 a 24 meses,Comercio,Seed,Bogotá D.C.,3,No,No,687.0,6.0,2013,Si,No,No,No,39,CreditProfessionalContact,1.0,No,No,14,Si,1,1
466,4214,1295,PAID,0,41070197.0,50000000,KT - CO,Menos de 12 meses,Servicios,Seed,Bogotá D.C.,5,No,No,0.0,0.0,2018,No,No,No,Si,32,Newspapers,2.0,No,No,5,No,0,1
467,4217,1255,PAID,0,114747467.0,360000000,KT - CO,13 a 24 meses,Comercio,Venture,Bogotá D.C.,3,No,No,927.0,6.0,2015,Si,Si,Si,Si,42,FriendOrColleague,1.0,No,Si,4,No,0,1
468,4228,1271,PAID,2,60965773.0,330000000,CR ,13 a 24 meses,Servicios,Scale Up,Pereira,5,No,Si,862.0,3.0,2014,No,No,No,No,42,SocialNetworks,3.0,No,Si,31,No,1,0
469,4240,1272,PAID,0,16729395.0,60000000,KT - EX,Menos de 12 meses,Servicios,Seed,Bogotá D.C.,4,No,No,0.0,0.0,2016,Si,No,Si,Si,42,CreditProfessionalContact,1.0,No,No,2,No,0,1
470,4242,1330,PAID_LATE,49,16291446.0,50000000,KT - CO,13 a 24 meses,Industria,Seed,Copacabana,3,No,No,943.0,0.0,2013,No,No,No,No,45,FriendOrColleague,1.0,No,Si,16,No,1,1
471,4250,1249,PAID,5,38139810.0,200000000,KT - EX,13 a 24 meses,Servicios,Seed,Medellín,5,No,No,938.0,1.0,2010,Si,No,No,Si,44,FriendOrColleague,1.0,No,No,12,No,0,1
472,4264,1256,PAID,2,89353418.0,500000000,KT - CO,13 a 24 meses,Servicios,Growth,Bogotá D.C.,5,Si,Si,925.0,10.0,2005,Si,No,Si,Si,42,FriendOrColleague,2.0,No,Si,27,No,1,0
473,4266,1278,PAID,9,30744939.0,100000000,SP,13 a 24 meses,Servicios,Scale Up,Medellín,4,No,Si,165.0,2.0,2006,Si,Si,Si,Si,55,Other,3.0,No,Si,29,No,2,0
474,4277,1318,PAID_LATE,35,22810087.0,75000000,KT - EX,13 a 24 meses,Industria,Seed,Medellín,4,No,No,962.0,0.0,2018,No,Si,No,No,32,FriendOrColleague,2.0,No,No,6,Si,1,1
475,4286,1334,PAID_LATE,36,16767651.0,60000000,KT - CO,Menos de 12 meses,Comercio,Seed,Bogotá D.C.,4,No,No,933.0,3.0,2013,No,No,Si,No,32,FriendOrColleague,2.0,No,No,1,No,1,1
476,4312,1257,PAID,1,45350391.0,150000000,KT - CO,13 a 24 meses,Comercio,Scale Up,Medellín,3,No,No,925.0,2.0,2013,No,No,No,No,48,CreditProfessionalContact,2.0,No,Si,62,No,3,0
477,4324,1263,PAID_LATE,10,55429375.0,250000000,KT - CO,Menos de 12 meses,Servicios,Scale Up,Bogotá D.C.,4,Si,Si,804.0,16.0,2004,Si,Si,No,Si,57,Email,1.0,Si,Si,50,Si,4,0
478,4342,1270,PAID,1,9123228.0,30000000,KT - EX,13 a 24 meses,Servicios,Seed,Cali,5,No,No,957.0,0.0,2010,Si,Si,Si,Si,37,SocialNetworks,1.0,No,No,7,No,0,1
479,4372,1275,PAID,7,9786739.0,60000000,KT - EX,13 a 24 meses,Servicios,Seed,Bogotá D.C.,4,No,No,877.0,2.0,2012,Si,No,No,Si,44,Internet,2.0,Si,Si,24,Si,1,1
480,4404,1279,LATE,168,32090550.0,300000000,KT - EX,25 a 36 meses,Comercio,Growth,Medellín,5,No,No,920.0,3.0,2016,No,Si,No,No,68,Other,1.0,No,Si,20,No,0,1
481,4406,1333,LATE,13,11705145.0,30000000,KT - CO,13 a 24 meses,Industria,Seed,Medellín,3,No,No,0.0,1.0,2016,No,No,No,No,22,FriendOrColleague,1.0,No,No,4,Si,1,1
482,4409,1287,LATE,187,6275878.0,30000000,KT - EX,13 a 24 meses,Servicios,Seed,Bogotá D.C.,4,No,No,895.0,1.0,2013,No,No,No,No,58,FriendOrColleague,2.0,No,No,3,Si,1,1
483,4440,1449,PAID_LATE,38,11562785.0,45000000,KT - EX,13 a 24 meses,Servicios,Seed,Medellín,4,No,Si,892.0,0.0,2014,Si,Si,Si,Si,44,SocialNetworks,1.0,No,No,4,No,1,1
484,4449,1332,PAID_LATE,25,47929858.0,150000000,KT - CO,13 a 24 meses,Servicios,Venture,Medellín,5,No,No,929.0,2.0,2014,Si,Si,Si,Si,40,Other,6.0,No,Si,15,No,1,0
485,4458,1320,PAID_LATE,19,12980741.0,90000000,CR ,13 a 24 meses,Servicios,Seed,Bogotá D.C.,2,No,No,933.0,2.0,2015,No,No,No,No,42,CreditProfessionalContact,1.0,Si,No,5,Si,1,1
486,4468,1315,LATE,89,13048847.0,50000000,SP,13 a 24 meses,Servicios,Seed,Bogotá D.C.,5,No,No,896.0,1.0,2014,Si,No,No,Si,41,FriendOrColleague,1.0,No,Si,2,Si,2,1
487,4504,1280,PAID,0,22716095.0,100000000,KT - CO,25 a 36 meses,Comercio,Seed,Barranquilla,5,Si,No,933.0,3.0,2005,Si,Si,No,No,71,CreditProfessionalContact,3.0,No,Si,14,No,3,0
488,4508,1383,PAID,6,20619765.0,110000000,CR ,25 a 36 meses,Industria,Venture,Bogotá D.C.,3,No,No,0.0,2.0,2016,Si,Si,No,No,41,FriendOrColleague,1.0,No,Si,18,No,4,1
489,4529,1297,PAID_LATE,60,54954172.0,300000000,CR ,25 a 36 meses,Servicios,Seed,Bogotá D.C.,4,No,No,910.0,6.0,2012,Si,No,No,Si,56,CreditProfessionalContact,5.0,No,Si,28,Si,4,0
490,4574,1453,PAID_LATE,10,27628562.0,120000000,KT - CO,Menos de 12 meses,Servicios,Seed,Bogotá D.C.,3,No,No,916.0,3.0,2016,Si,No,Si,No,39,Other,2.0,No,Si,15,No,3,1
491,4585,1340,PAID,2,24214797.0,220000000,KT - CO,13 a 24 meses,Servicios,Seed,Bogotá D.C.,5,No,No,806.0,3.0,2017,Si,No,No,No,36,SocialNetworks,1.0,No,No,10,Si,1,1
492,4590,1328,PAID,3,76661853.0,200000000,KT - CO,13 a 24 meses,Comercio,Venture,Bogotá D.C.,4,No,No,937.0,3.0,2005,Si,Si,No,No,43,CreditProfessionalContact,2.0,No,Si,14,No,3,0
493,4657,1379,PAID,10,6631616.0,30000000,CR ,25 a 36 meses,Servicios,Seed,Bogotá D.C.,6,No,Si,938.0,2.0,2013,Si,Si,Si,Si,32,Internet,1.0,No,Si,8,No,1,1
494,4685,1324,PAID,1,88424192.0,300000000,KT - EX,13 a 24 meses,Servicios,Venture,Bogotá D.C.,6,No,No,969.0,0.0,2010,No,No,No,Si,45,CommunicationMedia,1.0,No,Si,35,No,6,1
495,4697,1304,PAID,3,27595237.0,150000000,KT - EX,13 a 24 meses,Servicios,Seed,Medellín,5,No,Si,325.0,1.0,2016,No,Si,No,Si,28,Referrer,2.0,No,No,12,No,0,1
496,4728,1319,PAID_LATE,18,90985563.0,300000000,KT - CO,13 a 24 meses,Comercio,Growth,Medellín,5,Si,Si,933.0,11.0,1965,Si,Si,Si,Si,53,CreditProfessionalContact,69.0,Si,Si,69,No,5,0
497,4736,1307,PAID_LATE,18,37935382.0,150000000,KT - CO,13 a 24 meses,Servicios,Venture,Medellín,5,No,No,950.0,3.0,2016,Si,No,No,Si,40,Referrer,4.0,No,No,26,No,1,1
498,4778,1325,PAID,1,27249934.0,150000000,CR ,25 a 36 meses,Servicios,Scale Up,Barranquilla,4,No,No,943.0,5.0,2014,No,No,Si,No,46,Referrer,2.0,No,Si,25,No,1,1
499,4824,1353,LATE,570,0.0,100000000,KT - EX,13 a 24 meses,Servicios,Scale Up,Bogotá D.C.,3,No,Si,882.0,4.0,2014,No,Si,No,No,54,Other,1.0,No,Si,5,No,0,1
500,4872,1338,PAID_LATE,81,50481755.0,50000000,SP,13 a 24 meses,Industria,Seed,Medellín,6,No,No,944.0,1.0,2017,No,Si,No,Si,27,FriendOrColleague,3.0,No,No,15,Si,2,1
501,4892,1442,PAID,4,12055883.0,40000000,SP,13 a 24 meses,Servicios,Seed,Medellín,4,No,No,0.0,0.0,2018,Si,Si,Si,Si,30,CreditProfessionalContact,3.0,Si,No,11,No,0,1
502,4896,1327,PAID,13,14785067.0,80000000,CR ,25 a 36 meses,Industria,Seed,Medellín,3,No,No,919.0,2.0,2014,No,No,No,No,40,Referrer,1.0,Si,Si,14,No,1,1
503,4909,1381,PAID_LATE,14,15342260.0,50000000,KT - CO,13 a 24 meses,Servicios,Seed,Medellín,4,No,No,874.0,0.0,2015,Si,No,No,Si,35,Fenalco,2.0,No,Si,10,No,2,1
504,4911,1357,PAID_LATE,29,18327376.0,170000000,KT - EX,13 a 24 meses,Servicios,Seed,Medellín,4,No,Si,828.0,2.0,2011,Si,No,Si,Si,32,RutaN,3.0,No,No,8,No,0,1
505,4922,1359,PAID,8,9202102.0,30000000,CR ,13 a 24 meses,Servicios,Seed,Medellín,3,No,No,906.0,2.0,2017,No,No,No,No,43,Fenalco,1.0,No,No,37,Si,3,1
506,4941,1349,PAID,0,18392912.0,110000000,KT - CO,13 a 24 meses,Servicios,Venture,Medellín,4,No,No,829.0,5.0,2015,No,Si,Si,Si,42,RutaN,2.0,No,Si,10,No,1,1
507,4953,1342,PAID,0,22054331.0,100000000,KT - EX,25 a 36 meses,Servicios,Scale Up,Medellín,4,No,No,860.0,2.0,2014,No,No,No,Si,29,RutaN,3.0,No,Si,35,No,4,1
508,4976,1343,PAID,0,33681577.0,110000000,KT - EX,13 a 24 meses,Servicios,Seed,Medellín,5,No,Si,870.0,1.0,2006,Si,No,Si,Si,41,RutaN,1.0,No,No,11,No,0,1
509,5055,1369,LATE,157,13165959.0,50000000,KT - CO,13 a 24 meses,Industria,Seed,Bogotá D.C.,4,No,No,942.0,1.0,2013,Si,No,No,Si,60,CreditProfessionalContact,1.0,No,Si,15,No,3,1
510,5067,1363,PAID_LATE,25,27875443.0,120000000,KT - EX,Menos de 12 meses,Servicios,Seed,Medellín,3,No,No,937.0,2.0,2014,Si,No,No,No,32,RutaN,2.0,No,Si,12,Si,1,1
511,5070,1331,PAID_LATE,58,19539608.0,50000000,KT - CO,13 a 24 meses,Comercio,Scale Up,Bogotá D.C.,4,No,Si,340.0,4.0,2012,Si,Si,Si,Si,47,FriendOrColleague,2.0,No,Si,9,Si,2,1
512,5072,1367,PAID_LATE,49,12678458.0,50000000,SP,13 a 24 meses,Servicios,Venture,Manizales,4,No,No,925.0,4.0,2012,Si,No,Si,No,46,Other,1.0,No,Si,6,No,2,1
513,5083,1350,PAID,0,9209444.0,30000000,KT - CO,13 a 24 meses,Industria,Seed,Barranquilla,2,No,No,967.0,1.0,2018,No,No,No,Si,32,Referrer,2.0,No,No,4,No,0,1
514,5092,1336,PAID_LATE,49,45136252.0,150000000,KT - EX,13 a 24 meses,Comercio,Scale Up,Itagüí,4,No,Si,933.0,7.0,2010,No,No,Si,Si,36,SocialNetworks,5.0,No,Si,22,No,1,0
515,5117,1339,PAID_LATE,16,45222072.0,150000000,KT - EX,13 a 24 meses,Servicios,Venture,Bogotá D.C.,6,No,No,939.0,2.0,2014,Si,Si,Si,Si,32,FriendOrColleague,1.0,No,Si,45,Si,3,1
516,5132,1382,PAID,0,31289766.0,80000000,KT - EX,13 a 24 meses,Servicios,Venture,Bogotá D.C.,4,No,Si,791.0,1.0,2006,Si,No,Si,Si,37,SocialNetworks,3.0,No,Si,15,No,1,1
517,5133,1446,PAID,0,15292200.0,50000000,CR ,13 a 24 meses,Servicios,Seed,Bogotá D.C.,4,No,No,974.0,3.0,2017,Si,Si,No,No,38,SocialNetworks,1.0,No,Si,5,No,1,1
518,5227,1407,PAID,0,54360796.0,180000000,SP,13 a 24 meses,Servicios,Seed,Bogotá D.C.,5,No,Si,893.0,4.0,2010,Si,Si,Si,Si,38,SocialNetworks,4.0,No,Si,27,Si,5,0
519,5251,1356,LATE,267,11365823.0,100000000,SP,25 a 36 meses,Servicios,Seed,Medellín,3,No,Si,180.0,2.0,2013,No,Si,No,No,47,Referrer,2.0,No,Si,8,No,2,1
520,5269,1362,LATE,107,27631332.0,150000000,KT - EX,25 a 36 meses,Comercio,Scale Up,Bucaramanga,3,No,Si,933.0,6.0,2013,No,No,No,No,48,Referrer,2.0,No,Si,4,No,0,1
521,5271,1385,LATE,480,0.0,100000000,CR ,13 a 24 meses,Industria,Scale Up,Cali,3,No,No,950.0,1.0,2013,No,No,No,No,37,FriendOrColleague,1.0,No,No,9,No,0,1
522,5309,1377,PAID,12,59538788.0,200000000,KT - EX,13 a 24 meses,Industria,Growth,Bogotá D.C.,4,Si,No,929.0,28.0,1958,Si,Si,Si,Si,61,CreditProfessionalContact,3.0,No,Si,196,No,5,0
523,5338,1372,PAID_LATE,92,53684248.0,300000000,KT - EX,25 a 36 meses,Servicios,Growth,Medellín,6,Si,No,920.0,4.0,1989,No,No,No,No,65,FriendOrColleague,1.0,Si,Si,80,No,0,0
524,5350,1370,PAID_LATE,69,18576327.0,100000000,CR ,25 a 36 meses,Servicios,Seed,Medellín,4,No,No,805.0,0.0,2017,Si,Si,No,No,28,Referrer,1.0,No,Si,4,No,0,1
525,5362,1418,PAID,2,47706277.0,150000000,KT - EX,13 a 24 meses,Servicios,Venture,Bogotá D.C.,5,Si,Si,872.0,1.0,2016,No,Si,Si,Si,33,FriendOrColleague,4.0,No,No,26,No,2,1
526,5363,1335,PAID_LATE,34,27671503.0,150000000,KT - CO,25 a 36 meses,Servicios,Growth,Rionegro,5,No,Si,828.0,6.0,2010,Si,Si,No,No,39,Referrer,2.0,No,Si,40,No,3,0
527,5403,1397,LATE,132,20508845.0,80000000,KT - CO,13 a 24 meses,Industria,Venture,Bogotá D.C.,6,Si,No,896.0,5.0,2012,No,No,No,Si,25,Referrer,2.0,No,Si,23,No,5,0
528,5446,1421,PAID_LATE,57,16789109.0,30000000,KT - EX,Menos de 12 meses,Servicios,Seed,Bogotá D.C.,4,No,No,0.0,2.0,2017,No,No,No,No,36,SocialNetworks,1.0,No,No,2,No,0,1
529,5468,1398,LATE,116,60268228.0,300000000,KT - EX,13 a 24 meses,Servicios,Scale Up,Bogotá D.C.,4,Si,Si,866.0,6.0,2002,Si,No,No,Si,47,Referrer,1.0,No,Si,62,No,2,0
530,5483,1387,PAID_LATE,27,34985638.0,140000000,KT - CO,13 a 24 meses,Servicios,Scale Up,Medellín,4,No,No,952.0,1.0,2010,No,No,No,Si,35,Referrer,1.0,No,Si,14,Si,2,1
531,5487,1447,PAID,7,36092226.0,360000000,KT - CO,25 a 36 meses,Comercio,Scale Up,Bogotá D.C.,4,No,No,797.0,12.0,2016,Si,No,No,Si,30,FriendOrColleague,5.0,No,Si,25,No,3,0
532,5506,1416,PAID,6,12921895.0,40000000,CR ,13 a 24 meses,Servicios,Seed,Medellín,4,Si,Si,974.0,2.0,2014,Si,No,No,Si,42,Fenalco,1.0,No,No,24,No,3,1
533,5551,1386,PAID,0,30307198.0,100000000,KT - CO,13 a 24 meses,Servicios,Growth,Bogotá D.C.,5,Si,Si,925.0,31.0,2013,Si,Si,Si,Si,74,CreditProfessionalContact,4.0,No,Si,255,No,1,0
534,5555,1455,LATE,85,17766810.0,70000000,KT - EX,13 a 24 meses,Servicios,Venture,Bogotá D.C.,3,Si,Si,875.0,0.0,2015,Si,No,No,No,25,CommunicationMedia,3.0,No,Si,15,Si,1,1
535,5567,1378,LATE,508,0.0,100000000,KT - CO,13 a 24 meses,Servicios,Venture,Bogotá D.C.,4,No,No,869.0,7.0,2012,Si,No,No,No,29,Fenalco,1.0,No,Si,15,Si,3,1
536,5573,1401,PAID_LATE,35,48367878.0,150000000,KT - EX,13 a 24 meses,Servicios,Venture,Bogotá D.C.,4,No,No,920.0,1.0,2017,Si,Si,No,No,44,Referrer,1.0,No,No,8,No,1,1
537,5592,1395,PAID,1,45458114.0,150000000,KT - CO,13 a 24 meses,Comercio,Seed,Bogotá D.C.,6,No,No,872.0,3.0,2016,No,No,No,No,36,Referrer,2.0,No,Si,6,No,2,1
538,5622,1413,LATE,12,9203287.0,30000000,CR ,13 a 24 meses,Comercio,Seed,Bogotá D.C.,5,No,No,940.0,1.0,1991,No,No,No,Si,41,Referrer,1.0,No,No,4,Si,2,1
539,5629,1412,LATE,333,1534373.0,30000000,KT - CO,13 a 24 meses,Comercio,Seed,Medellín,5,Si,Si,859.0,3.0,2014,No,No,No,No,63,FriendOrColleague,1.0,No,Si,6,Si,3,1
540,5652,1464,PAID,0,19365563.0,50000000,KT - EX,13 a 24 meses,Servicios,Seed,Bogotá D.C.,6,No,No,945.0,2.0,2012,Si,No,No,No,40,CommunicationMedia,2.0,No,Si,8,No,2,1
541,5658,1396,PAID,1,45718969.0,250000000,CR ,25 a 36 meses,Servicios,Scale Up,Barranquilla,3,No,No,934.0,4.0,2016,No,No,No,No,42,Referrer,1.0,No,No,14,No,1,1
542,5674,1430,PAID,1,30516154.0,100000000,CR ,13 a 24 meses,Comercio,Scale Up,Bucaramanga,4,No,Si,883.0,12.0,2016,No,No,No,Si,24,Referrer,3.0,No,Si,8,No,1,1
543,5680,1417,PAID_LATE,85,25115345.0,100000000,SP,13 a 24 meses,Servicios,Seed,Bogotá D.C.,3,Si,Si,947.0,1.0,2006,Si,Si,Si,Si,40,CreditProfessionalContact,1.0,Si,Si,9,No,1,1
544,5692,1399,PAID_LATE,63,95941569.0,420000000,KT - EX,13 a 24 meses,Servicios,Scale Up,Bogotá D.C.,4,No,No,925.0,8.0,2010,Si,No,No,No,42,Internet,2.0,No,Si,52,No,3,0
545,5713,1451,PAID_LATE,16,54869282.0,300000000,CR ,25 a 36 meses,Comercio,Growth,Medellín,6,No,No,925.0,11.0,2010,Si,Si,Si,Si,71,Referrer,6.0,No,No,100,Si,5,0
546,5721,1479,LATE,143,19255867.0,75000000,KT - EX,13 a 24 meses,Servicios,Seed,Pereira,4,Si,Si,0.0,0.0,2018,Si,No,No,Si,48,SocialNetworks,1.0,No,No,4,Si,1,1
547,5750,1438,PAID,4,25007232.0,115000000,KT - CO,Menos de 12 meses,Servicios,Seed,Rionegro,5,No,Si,664.0,5.0,2018,No,No,No,No,60,SocialNetworks,2.0,No,No,13,No,1,1
548,5769,1443,LATE,299,30445876.0,200000000,CR ,13 a 24 meses,Servicios,Growth,Medellín,4,No,No,915.0,7.0,2014,No,No,No,No,37,FriendOrColleague,1.0,No,Si,8,No,1,1
549,5795,1425,PAID_LATE,39,37665771.0,150000000,KT - CO,13 a 24 meses,Servicios,Venture,Medellín,3,No,No,920.0,5.0,2016,No,Si,No,Si,28,Referrer,1.0,No,Si,32,No,2,1
550,5806,1415,LATE,96,15235705.0,90000000,CR ,13 a 24 meses,Servicios,Seed,Bogotá D.C.,4,No,No,896.0,5.0,2016,No,No,No,No,44,Referrer,1.0,No,No,8,No,0,1
551,5821,1431,PAID_LATE,16,15497414.0,90000000,KT - EX,13 a 24 meses,Servicios,Seed,Medellín,4,No,No,923.0,1.0,2017,Si,Si,No,No,30,Referrer,1.0,No,No,4,No,0,1
552,5828,1475,PAID,0,21187947.0,70000000,KT - CO,13 a 24 meses,Servicios,Seed,Bogotá D.C.,3,No,No,933.0,0.0,2017,Si,No,No,Si,42,FriendOrColleague,2.0,No,No,1,Si,1,1
553,5832,1426,PAID,2,38426287.0,100000000,KT - CO,13 a 24 meses,Industria,Venture,Bogotá D.C.,4,No,No,879.0,8.0,2005,Si,No,No,No,49,CreditProfessionalContact,2.0,No,Si,25,No,2,0
554,5951,1462,PAID_LATE,49,7518139.0,30000000,CR ,13 a 24 meses,Servicios,Seed,Bogotá D.C.,4,No,No,980.0,2.0,1999,No,No,No,No,46,FriendOrColleague,2.0,No,Si,4,No,0,1
555,5958,1441,PAID,0,22236876.0,40000000,SP,Menos de 12 meses,Servicios,Seed,Bogotá D.C.,6,Si,Si,960.0,2.0,2014,Si,Si,Si,Si,37,CommunicationMedia,1.0,No,No,12,No,1,1
556,6008,1493,PAID_LATE,53,55401283.0,150000000,KT - CO,Menos de 12 meses,Servicios,Seed,Bogotá D.C.,5,No,No,867.0,2.0,2007,Si,Si,Si,Si,37,SocialNetworks,2.0,No,Si,6,Si,1,1
557,6069,1474,PAID,3,11715482.0,30000000,KT - CO,13 a 24 meses,Comercio,Seed,Medellín,2,No,No,0.0,2.0,2018,No,No,No,No,23,CommunicationMedia,2.0,No,No,2,Si,0,1
558,6115,1454,PAID_LATE,46,32262704.0,70000000,KT - EX,Menos de 12 meses,Servicios,Seed,Bogotá D.C.,6,No,Si,951.0,1.0,2017,Si,Si,No,Si,42,FriendOrColleague,1.0,No,No,4,No,1,1
559,6183,1470,PAID_LATE,24,75246006.0,300000000,CR ,13 a 24 meses,Servicios,Venture,Bogotá D.C.,5,No,Si,829.0,7.0,2011,Si,No,Si,No,39,Referrer,2.0,No,Si,10,Si,2,0
560,6202,1491,PAID_LATE,82,9678233.0,30000000,KT - EX,13 a 24 meses,Comercio,Seed,Bogotá D.C.,6,No,No,907.0,4.0,2012,Si,Si,No,Si,30,Internet,2.0,Si,Si,10,Si,1,1
561,6267,1466,PAID,2,45300752.0,150000000,KT - EX,13 a 24 meses,Servicios,Venture,Bogotá D.C.,5,No,No,870.0,10.0,2008,Si,No,No,No,31,FriendOrColleague,3.0,No,Si,23,Si,6,0
562,6276,1461,PAID,0,19400129.0,50000000,KT - CO,13 a 24 meses,Servicios,Venture,Bogotá D.C.,3,No,No,956.0,2.0,2014,No,No,No,No,58,CreditProfessionalContact,1.0,No,Si,6,No,2,1
563,6289,1456,PAID,9,27813266.0,50000000,KT - CO,Menos de 12 meses,Servicios,Seed,Bogotá D.C.,3,No,No,964.0,1.0,2017,No,Si,No,Si,36,CreditProfessionalContact,2.0,No,No,7,Si,3,1
564,6313,1473,PAID,8,11605229.0,30000000,KT - CO,13 a 24 meses,Servicios,Venture,Bogotá D.C.,5,No,Si,925.0,1.0,2016,Si,No,No,No,48,Internet,1.0,No,No,1,Si,1,1
565,6328,1489,PAID_LATE,90,12758503.0,50000000,KT - CO,13 a 24 meses,Servicios,Seed,Bogotá D.C.,5,No,No,0.0,1.0,2016,Si,No,No,No,45,Internet,1.0,No,No,2,No,0,1
566,6361,1480,PAID,10,9065756.0,30000000,SP,13 a 24 meses,Servicios,Venture,Bogotá D.C.,3,No,Si,959.0,1.0,2017,Si,No,No,No,40,Internet,2.0,No,Si,3,Si,1,1
567,6385,1476,LATE,152,32829690.0,300000000,KT - EX,25 a 36 meses,Servicios,Growth,Medellín,4,No,No,920.0,8.0,2009,Si,Si,Si,Si,54,SocialNetworks,1.0,No,Si,30,Si,4,0
568,6498,1477,LATE,109,10219933.0,40000000,KT - EX,13 a 24 meses,Servicios,Seed,Bogotá D.C.,3,No,No,664.0,3.0,2014,No,No,No,No,59,CreditProfessionalContact,1.0,No,Si,5,No,0,1
569,6505,1502,PAID,11,44172685.0,205000000,KT - CO,13 a 24 meses,Comercio,Seed,Medellín,4,Si,No,743.0,5.0,2018,Si,No,No,No,44,SocialNetworks,2.0,No,Si,7,No,0,1
570,6526,1490,LATE,99,20352196.0,100000000,KT - CO,13 a 24 meses,Industria,Venture,Bogotá D.C.,3,No,No,937.0,3.0,2005,No,No,No,No,31,Internet,2.0,No,Si,20,No,1,1
571,6663,1488,PAID_LATE,88,15288351.0,60000000,KT - CO,13 a 24 meses,Servicios,Seed,Bogotá D.C.,4,No,Si,934.0,5.0,2015,Si,Si,No,Si,38,CommunicationMedia,2.0,No,Si,9,Si,3,1
572,6734,1499,PAID_LATE,29,16038476.0,50000000,KT - CO,13 a 24 meses,Servicios,Seed,Bogotá D.C.,5,No,No,967.0,2.0,2017,Si,Si,No,Si,39,SocialNetworks,2.0,No,Si,6,No,0,1
573,6982,1503,PAID,4,36277437.0,200000000,KT - EX,25 a 36 meses,Servicios,Venture,Bogotá D.C.,4,No,Si,892.0,5.0,2013,Si,No,Si,Si,38,CommunicationMedia,1.0,No,Si,18,No,3,0
574,7008,1593,PAID_LATE,57,23829284.0,130000000,CR ,25 a 36 meses,Servicios,Venture,Bogotá D.C.,4,No,No,911.0,2.0,2016,No,No,No,No,35,Internet,3.0,Si,Si,14,No,5,1
575,7145,1492,PAID,0,85184813.0,400000000,KT - EX,25 a 36 meses,Servicios,Venture,Medellín,6,No,Si,920.0,2.0,2011,Si,Si,No,Si,38,SocialNetworks,2.0,Si,Si,12,No,9,0
576,7279,1595,PAID,1,16168099.0,50000000,KT - CO,13 a 24 meses,Servicios,Venture,Bogotá D.C.,3,No,No,226.0,8.0,1990,Si,No,No,Si,56,Referrer,2.0,No,Si,6,No,0,1
