,client_id,loan_id,state,arrears_days,total_paid,ID Cliente,Monto Acumulado,Uso de los recursos,Plazo,Sector,Ingresos,Ubicación,Estrato Mínimo,Procesos judiciales,Alertas,Score Bureau Empresa,Huellas de Consulta,Tiempo en el negocio,Website empresa,Instagram empresa,LinkedIn empresa,LinkedIn empresarios,Edad empresarios,Activador,Número de accionistas,Impacto,Acceso previso a la banca,# Empleados,Mujeres empresarias,Mujeres en cargos directivos,cluster
0,241,1076,PAID,17,147915805.0,241.0,250000000,CR ,25 a 36 meses,Servicios,Seed,Medellín,5,No,No,925.0,8.0,2016,Si,Si,Si,Si,45,Internet,2.0,No,Si,16,No,2,1
1,241,1244,PAID,23,91852726.0,241.0,250000000,CR ,25 a 36 meses,Servicios,Seed,Medellín,5,No,No,925.0,8.0,2016,Si,Si,Si,Si,45,Internet,2.0,No,Si,16,No,2,1
2,362,1469,LATE,14,15211138.0,362.0,50000000,KT - EX,13 a 24 meses,Servicios,Seed,Medellín,3,No,No,924.0,2.0,2014,Si,No,Si,No,32,SocialNetworks,3.0,No,Si,3,No,0,0
3,428,119,LATE,64,8713879.0,428.0,40000000,SP,13 a 24 meses,Industria,Seed,Medellín,4,No,No,861.0,1.0,2015,Si,No,Si,Si,44,CreditProfessionalContact,2.0,No,Si,5,No,0,0
4,428,120,LATE,64,8102608.0,428.0,40000000,SP,13 a 24 meses,Industria,Seed,Medellín,4,No,No,861.0,1.0,2015,Si,No,Si,Si,44,CreditProfessionalContact,2.0,No,Si,5,No,0,0
5,429,998,LATE,65,34013973.0,429.0,111491000,SP,Menos de 12 meses,Servicios,Seed,Medellín,4,No,No,951.0,0.0,2008,No,No,No,No,49,CreditProfessionalContact,2.0,No,No,5,No,2,0
6,429,1512,LATE,42,9890745.0,429.0,111491000,SP,Menos de 12 meses,Servicios,Seed,Medellín,4,No,No,951.0,0.0,2008,No,No,No,No,49,CreditProfessionalContact,2.0,No,No,5,No,2,0
7,430,205,LATE,33,127943202.0,430.0,1299370581,KT - CO,Menos de 12 meses,Industria,Venture,Envigado,5,No,Si,810.0,20.0,2015,Si,Si,Si,Si,24,Other,3.0,No,Si,22,No,0,1
8,430,587,PAID,1,91401252.0,430.0,1299370581,KT - CO,Menos de 12 meses,Industria,Venture,Envigado,5,No,Si,810.0,20.0,2015,Si,Si,Si,Si,24,Other,3.0,No,Si,22,No,0,1
9,430,1092,PAID,0,69718610.0,430.0,1299370581,KT - CO,Menos de 12 meses,Industria,Venture,Envigado,5,No,Si,810.0,20.0,2015,Si,Si,Si,Si,24,Other,3.0,No,Si,22,No,0,1
10,430,1337,PAID,0,156686604.0,430.0,1299370581,KT - CO,Menos de 12 meses,Industria,Venture,Envigado,5,No,Si,810.0,20.0,2015,Si,Si,Si,Si,24,Other,3.0,No,Si,22,No,0,1
11,431,608,PAID,0,108148102.0,431.0,110000000,KT - EX,Más de 37 meses,Servicios,Seed,Medellín,6,No,No,885.0,1.0,2014,No,No,No,No,41,FriendOrColleague,2.0,No,Si,20,No,3,1
12,432,975,LATE,95,43921726.0,432.0,675000000,CR ,25 a 36 meses,Industria,Venture,Bogotá D.C.,5,No,No,891.0,9.0,2013,Si,Si,No,No,37,FriendOrColleague,2.0,No,Si,146,Si,0,1
13,432,1344,LATE,53,5184642.0,432.0,675000000,CR ,25 a 36 meses,Industria,Venture,Bogotá D.C.,5,No,No,891.0,9.0,2013,Si,Si,No,No,37,FriendOrColleague,2.0,No,Si,146,Si,0,1
14,459,579,PAID,0,153491420.0,459.0,150000000,CR ,13 a 24 meses,Servicios,Scale Up,Medellín,4,No,No,933.0,7.0,2008,Si,Si,Si,Si,40,CreditProfessionalContact,5.0,No,Si,42,No,0,1
15,461,703,PAID,2,55041196.0,461.0,700000000,KT - CO,Menos de 12 meses,Comercio,Venture,Bogotá D.C.,4,No,No,933.0,10.0,2016,No,No,No,No,32,Newspapers,3.0,No,Si,8,Si,1,1
16,461,1252,PAID,4,63816316.0,461.0,700000000,KT - CO,Menos de 12 meses,Comercio,Venture,Bogotá D.C.,4,No,No,933.0,10.0,2016,No,No,No,No,32,Newspapers,3.0,No,Si,8,Si,1,1
17,461,1510,PAID,4,68557372.0,461.0,700000000,KT - CO,Menos de 12 meses,Comercio,Venture,Bogotá D.C.,4,No,No,933.0,10.0,2016,No,No,No,No,32,Newspapers,3.0,No,Si,8,Si,1,1
18,472,123,PAID,0,109740029.0,472.0,610000000,KT - CO,Menos de 12 meses,Servicios,Venture,Sabaneta,5,No,Si,891.0,14.0,2011,No,No,No,Si,32,CreditProfessionalContact,1.0,No,Si,4,No,1,1
19,472,700,PAID,19,75420306.0,472.0,610000000,KT - CO,Menos de 12 meses,Servicios,Venture,Sabaneta,5,No,Si,891.0,14.0,2011,No,No,No,Si,32,CreditProfessionalContact,1.0,No,Si,4,No,1,1
20,472,1149,PAID,17,16304899.0,472.0,610000000,KT - CO,Menos de 12 meses,Servicios,Venture,Sabaneta,5,No,Si,891.0,14.0,2011,No,No,No,Si,32,CreditProfessionalContact,1.0,No,Si,4,No,1,1
21,472,1308,PAID,11,49378916.0,472.0,610000000,KT - CO,Menos de 12 meses,Servicios,Venture,Sabaneta,5,No,Si,891.0,14.0,2011,No,No,No,Si,32,CreditProfessionalContact,1.0,No,Si,4,No,1,1
22,472,1322,PAID,4,49228148.0,472.0,610000000,KT - CO,Menos de 12 meses,Servicios,Venture,Sabaneta,5,No,Si,891.0,14.0,2011,No,No,No,Si,32,CreditProfessionalContact,1.0,No,Si,4,No,1,1
23,473,716,PAID,1,26031488.0,473.0,220000000,KT - EX,Menos de 12 meses,Servicios,Venture,Medellín,4,No,No,931.0,2.0,2015,Si,No,No,No,42,FriendOrColleague,3.0,No,Si,185,No,0,1
24,473,1152,PAID,1,54693470.0,473.0,220000000,KT - EX,Menos de 12 meses,Servicios,Venture,Medellín,4,No,No,931.0,2.0,2015,Si,No,No,No,42,FriendOrColleague,3.0,No,Si,185,No,0,1
25,498,644,PAID,2,17747694.0,498.0,135000000,KT - EX,Menos de 12 meses,Servicios,Venture,Medellín,5,No,No,883.0,1.0,2016,Si,Si,Si,No,37,CreditProfessionalContact,1.0,No,No,4,No,0,0
26,498,1105,PAID,11,36806539.0,498.0,135000000,KT - EX,Menos de 12 meses,Servicios,Venture,Medellín,5,No,No,883.0,1.0,2016,Si,Si,Si,No,37,CreditProfessionalContact,1.0,No,No,4,No,0,0
27,504,976,LATE,189,25368907.0,504.0,100000000,KT - EX,13 a 24 meses,Servicios,Venture,Bogotá D.C.,5,No,No,901.0,4.0,2012,Si,No,No,No,35,Internet,3.0,No,Si,22,No,1,1
28,504,1144,LATE,41,14972404.0,504.0,100000000,KT - EX,13 a 24 meses,Servicios,Venture,Bogotá D.C.,5,No,No,901.0,4.0,2012,Si,No,No,No,35,Internet,3.0,No,Si,22,No,1,1
29,505,982,LATE,59,36566538.0,505.0,200000000,KT - EX,25 a 36 meses,Industria,Venture,Medellín,4,Si,No,882.0,3.0,1999,Si,Si,Si,Si,48,Internet,2.0,No,Si,16,No,1,1
30,505,1444,LATE,217,19939097.0,505.0,200000000,KT - EX,25 a 36 meses,Industria,Venture,Medellín,4,Si,No,882.0,3.0,1999,Si,Si,Si,Si,48,Internet,2.0,No,Si,16,No,1,1
31,506,678,PAID,3,10407317.0,506.0,110000000,KT - CO,Menos de 12 meses,Servicios,Venture,Medellín,4,No,No,902.0,6.0,2012,Si,No,No,No,32,FriendOrColleague,2.0,No,Si,10,Si,1,1
32,524,707,LATE,22,27087586.0,524.0,30000000,SP,25 a 36 meses,Industria,Venture,Itagüí,4,Si,No,892.0,4.0,2011,No,Si,No,No,35,CreditProfessionalContact,2.0,No,Si,8,No,2,1
33,547,121,LATE,20,38658707.0,547.0,350000000,KT - CO,Menos de 12 meses,Servicios,Scale Up,Medellín,4,Si,No,862.0,10.0,2012,Si,Si,No,No,39,CreditProfessionalContact,2.0,No,Si,35,Si,0,1
34,547,704,LATE,18,27559185.0,547.0,350000000,KT - CO,Menos de 12 meses,Servicios,Scale Up,Medellín,4,Si,No,862.0,10.0,2012,Si,Si,No,No,39,CreditProfessionalContact,2.0,No,Si,35,Si,0,1
35,548,705,PAID,0,38103713.0,548.0,630000000,KT - EX,Menos de 12 meses,Servicios,Scale Up,Bogotá D.C.,5,No,No,881.0,7.0,2013,Si,No,No,No,37,Other,4.0,No,Si,32,No,3,1
36,548,726,PAID,2,82577251.0,548.0,630000000,KT - EX,Menos de 12 meses,Servicios,Scale Up,Bogotá D.C.,5,No,No,881.0,7.0,2013,Si,No,No,No,37,Other,4.0,No,Si,32,No,3,1
37,548,1265,LATE,32,296718260.0,548.0,630000000,KT - EX,Menos de 12 meses,Servicios,Scale Up,Bogotá D.C.,5,No,No,881.0,7.0,2013,Si,No,No,No,37,Other,4.0,No,Si,32,No,3,1
38,549,245,PAID,0,15257019.0,549.0,170000000,KT - CO,13 a 24 meses,Servicios,Seed,Medellín,3,No,No,780.0,1.0,2016,No,No,No,No,31,CreditProfessionalContact,3.0,No,No,2,No,2,0
39,549,1376,LATE,16,15358471.0,549.0,170000000,KT - CO,13 a 24 meses,Servicios,Seed,Medellín,3,No,No,780.0,1.0,2016,No,No,No,No,31,CreditProfessionalContact,3.0,No,No,2,No,2,0
40,560,723,LATE,15,27801393.0,560.0,260000000,KT - EX,Menos de 12 meses,Industria,Venture,Bogotá D.C.,3,No,Si,898.0,16.0,2014,Si,No,Si,No,55,FriendOrColleague,4.0,No,No,8,Si,1,1
41,560,1059,LATE,16,11313722.0,560.0,260000000,KT - EX,Menos de 12 meses,Industria,Venture,Bogotá D.C.,3,No,Si,898.0,16.0,2014,Si,No,Si,No,55,FriendOrColleague,4.0,No,No,8,Si,1,1
42,560,1061,LATE,30,19386985.0,560.0,260000000,KT - EX,Menos de 12 meses,Industria,Venture,Bogotá D.C.,3,No,Si,898.0,16.0,2014,Si,No,Si,No,55,FriendOrColleague,4.0,No,No,8,Si,1,1
43,560,1435,LATE,27,15208314.0,560.0,260000000,KT - EX,Menos de 12 meses,Industria,Venture,Bogotá D.C.,3,No,Si,898.0,16.0,2014,Si,No,Si,No,55,FriendOrColleague,4.0,No,No,8,Si,1,1
44,574,107,LATE,257,25022334.0,574.0,300000000,KT - EX,13 a 24 meses,Servicios,Scale Up,Medellín,4,No,No,808.0,7.0,2014,No,No,No,No,25,Internet,2.0,No,Si,111,No,4,1
45,574,620,LATE,187,50078645.0,574.0,300000000,KT - EX,13 a 24 meses,Servicios,Scale Up,Medellín,4,No,No,808.0,7.0,2014,No,No,No,No,25,Internet,2.0,No,Si,111,No,4,1
46,575,609,PAID,0,61843053.0,575.0,274341316,KT - EX,Menos de 12 meses,Servicios,Seed,Bogotá D.C.,6,Si,No,878.0,1.0,2015,Si,Si,Si,Si,41,Other,2.0,No,Si,4,No,1,1
47,575,668,PAID,21,46448764.0,575.0,274341316,KT - EX,Menos de 12 meses,Servicios,Seed,Bogotá D.C.,6,Si,No,878.0,1.0,2015,Si,Si,Si,Si,41,Other,2.0,No,Si,4,No,1,1
48,575,1169,PAID,0,42150770.0,575.0,274341316,KT - EX,Menos de 12 meses,Servicios,Seed,Bogotá D.C.,6,Si,No,878.0,1.0,2015,Si,Si,Si,Si,41,Other,2.0,No,Si,4,No,1,1
49,599,990,LATE,622,0.0,599.0,100000000,CR ,13 a 24 meses,Servicios,Seed,La Ceja,4,Si,No,939.0,0.0,2016,No,No,No,No,45,Internet,1.0,No,No,20,No,1,0
50,600,206,PAID,28,69918220.0,600.0,420000000,KT - CO,13 a 24 meses,Industria,Venture,Medellín,4,No,No,760.0,2.0,2015,No,No,No,Si,38,FriendOrColleague,3.0,No,Si,7,No,0,1
51,600,1100,PAID,8,38283469.0,600.0,420000000,KT - CO,13 a 24 meses,Industria,Venture,Medellín,4,No,No,760.0,2.0,2015,No,No,No,Si,38,FriendOrColleague,3.0,No,Si,7,No,0,1
52,600,1113,PAID,29,31486760.0,600.0,420000000,KT - CO,13 a 24 meses,Industria,Venture,Medellín,4,No,No,760.0,2.0,2015,No,No,No,Si,38,FriendOrColleague,3.0,No,Si,7,No,0,1
53,601,658,LATE,4,60209243.0,601.0,130000000,KT - CO,25 a 36 meses,Industria,Seed,Medellín,6,No,No,933.0,2.0,2016,No,Si,No,Si,31,FriendOrColleague,2.0,No,No,3,No,2,0
54,601,838,PAID,0,56907320.0,601.0,130000000,KT - CO,25 a 36 meses,Industria,Seed,Medellín,6,No,No,933.0,2.0,2016,No,Si,No,Si,31,FriendOrColleague,2.0,No,No,3,No,2,0
55,602,978,LATE,216,11729187.0,602.0,600000000,CR ,Más de 37 meses,Industria,Growth,La Estrella,4,No,No,659.0,20.0,2012,Si,Si,Si,Si,46,CreditProfessionalContact,5.0,No,Si,100,No,4,1
56,602,980,LATE,210,35188037.0,602.0,600000000,CR ,Más de 37 meses,Industria,Growth,La Estrella,4,No,No,659.0,20.0,2012,Si,Si,Si,Si,46,CreditProfessionalContact,5.0,No,Si,100,No,4,1
57,602,989,LATE,210,11729134.0,602.0,600000000,CR ,Más de 37 meses,Industria,Growth,La Estrella,4,No,No,659.0,20.0,2012,Si,Si,Si,Si,46,CreditProfessionalContact,5.0,No,Si,100,No,4,1
58,602,1003,LATE,210,11729319.0,602.0,600000000,CR ,Más de 37 meses,Industria,Growth,La Estrella,4,No,No,659.0,20.0,2012,Si,Si,Si,Si,46,CreditProfessionalContact,5.0,No,Si,100,No,4,1
59,602,1219,LATE,613,0.0,602.0,600000000,CR ,Más de 37 meses,Industria,Growth,La Estrella,4,No,No,659.0,20.0,2012,Si,Si,Si,Si,46,CreditProfessionalContact,5.0,No,Si,100,No,4,1
60,602,1220,LATE,613,0.0,602.0,600000000,CR ,Más de 37 meses,Industria,Growth,La Estrella,4,No,No,659.0,20.0,2012,Si,Si,Si,Si,46,CreditProfessionalContact,5.0,No,Si,100,No,4,1
61,602,1221,LATE,613,0.0,602.0,600000000,CR ,Más de 37 meses,Industria,Growth,La Estrella,4,No,No,659.0,20.0,2012,Si,Si,Si,Si,46,CreditProfessionalContact,5.0,No,Si,100,No,4,1
62,602,1222,LATE,613,0.0,602.0,600000000,CR ,Más de 37 meses,Industria,Growth,La Estrella,4,No,No,659.0,20.0,2012,Si,Si,Si,Si,46,CreditProfessionalContact,5.0,No,Si,100,No,4,1
63,603,667,PAID,0,27650252.0,603.0,375000000,KT - EX,Menos de 12 meses,Servicios,Seed,Medellín,5,No,No,933.0,2.0,2013,Si,No,No,Si,43,CreditProfessionalContact,2.0,Si,No,3,No,0,0
64,603,1060,PAID,0,27639888.0,603.0,375000000,KT - EX,Menos de 12 meses,Servicios,Seed,Medellín,5,No,No,933.0,2.0,2013,Si,No,No,Si,43,CreditProfessionalContact,2.0,Si,No,3,No,0,0
65,603,1414,PAID,1,22650436.0,603.0,375000000,KT - EX,Menos de 12 meses,Servicios,Seed,Medellín,5,No,No,933.0,2.0,2013,Si,No,No,Si,43,CreditProfessionalContact,2.0,Si,No,3,No,0,0
66,613,34,PAID,0,100204762.0,613.0,950000000,SP,Menos de 12 meses,Industria,Seed,Medellín,4,No,No,901.0,2.0,2000,Si,No,No,No,42,CreditProfessionalContact,1.0,No,No,35,No,0,1
67,613,64,PAID,0,68122928.0,613.0,950000000,SP,Menos de 12 meses,Industria,Seed,Medellín,4,No,No,901.0,2.0,2000,Si,No,No,No,42,CreditProfessionalContact,1.0,No,No,35,No,0,1
68,613,65,PAID,0,70212020.0,613.0,950000000,SP,Menos de 12 meses,Industria,Seed,Medellín,4,No,No,901.0,2.0,2000,Si,No,No,No,42,CreditProfessionalContact,1.0,No,No,35,No,0,1
69,646,32,PAID,0,62651300.0,646.0,320000000,KT - CO,Menos de 12 meses,Servicios,Scale Up,Medellín,4,No,No,937.0,0.0,1987,Si,No,No,Si,36,Other,3.0,No,Si,35,No,2,1
70,896,1232,PAID,6,17618312.0,896.0,110000000,KT - EX,13 a 24 meses,Servicios,Seed,Medellín,5,No,No,0.0,0.0,2017,No,Si,No,No,35,FriendOrColleague,2.0,No,No,4,No,0,0
71,909,612,LATE,35,257480344.0,909.0,300000000,SP,Más de 37 meses,Comercio,Venture,Medellín,6,No,No,929.0,5.0,2000,Si,Si,No,No,46,CreditProfessionalContact,5.0,Si,Si,7,No,1,1
72,910,988,PAID,0,32917657.0,910.0,380000000,KT - EX,Menos de 12 meses,Servicios,Seed,Bogotá D.C.,5,No,Si,201.0,11.0,2014,Si,Si,Si,Si,29,FriendOrColleague,5.0,No,Si,13,No,1,1
73,910,1001,LATE,179,16908747.0,910.0,380000000,KT - EX,Menos de 12 meses,Servicios,Seed,Bogotá D.C.,5,No,Si,201.0,11.0,2014,Si,Si,Si,Si,29,FriendOrColleague,5.0,No,Si,13,No,1,1
74,1021,261,LATE,73,23349938.0,1021.0,136500000,CR ,Menos de 12 meses,Servicios,Venture,Bogotá D.C.,5,No,No,790.0,5.0,2012,Si,Si,Si,Si,30,Newspapers,1.0,No,Si,35,No,2,1
75,1021,706,LATE,81,17384531.0,1021.0,136500000,CR ,Menos de 12 meses,Servicios,Venture,Bogotá D.C.,5,No,No,790.0,5.0,2012,Si,Si,Si,Si,30,Newspapers,1.0,No,Si,35,No,2,1
76,1022,840,LATE,53,16705143.0,1022.0,120000000,KT - CO,Menos de 12 meses,Servicios,Seed,Medellín,5,No,No,561.0,4.0,2007,Si,No,No,No,44,CreditProfessionalContact,3.0,No,Si,13,No,4,1
77,1066,262,PAID,0,38279458.0,1066.0,80000000,KT - CO,Menos de 12 meses,Servicios,Seed,Bogotá D.C.,5,No,No,949.0,1.0,2014,Si,Si,Si,Si,27,Newspapers,3.0,No,No,14,No,0,0
78,1066,1439,PAID,3,14688134.0,1066.0,80000000,KT - CO,Menos de 12 meses,Servicios,Seed,Bogotá D.C.,5,No,No,949.0,1.0,2014,Si,Si,Si,Si,27,Newspapers,3.0,No,No,14,No,0,0
79,1067,712,LATE,16,38490732.0,1067.0,380000000,KT - CO,13 a 24 meses,Servicios,Scale Up,Medellín,4,Si,No,904.0,15.0,2000,No,Si,Si,No,38,CreditProfessionalContact,2.0,No,No,32,Si,2,1
80,1067,1468,LATE,20,53310826.0,1067.0,380000000,KT - CO,13 a 24 meses,Servicios,Scale Up,Medellín,4,Si,No,904.0,15.0,2000,No,Si,Si,No,38,CreditProfessionalContact,2.0,No,No,32,Si,2,1
81,1068,984,LATE,80,12581410.0,1068.0,50000000,KT - CO,13 a 24 meses,Servicios,Seed,Bogotá D.C.,5,No,No,570.0,7.0,2011,Si,No,Si,Si,39,Internet,2.0,No,Si,5,No,1,0
82,1069,124,PAID,2,38418415.0,1069.0,200000000,KT - EX,13 a 24 meses,Servicios,Venture,Medellín,6,Si,No,295.0,2.0,2007,Si,No,No,No,43,Newspapers,4.0,Si,Si,15,No,1,1
83,1070,677,PAID,7,30151607.0,1070.0,230000000,KT - EX,13 a 24 meses,Servicios,Venture,Medellín,6,No,No,807.0,6.0,2013,Si,Si,No,No,43,FriendOrColleague,6.0,No,Si,20,No,1,1
84,1070,1143,PAID,1,9039250.0,1070.0,230000000,KT - EX,13 a 24 meses,Servicios,Venture,Medellín,6,No,No,807.0,6.0,2013,Si,Si,No,No,43,FriendOrColleague,6.0,No,Si,20,No,1,1
85,1070,1505,PAID,4,29926839.0,1070.0,230000000,KT - EX,13 a 24 meses,Servicios,Venture,Medellín,6,No,No,807.0,6.0,2013,Si,Si,No,No,43,FriendOrColleague,6.0,No,Si,20,No,1,1
86,1112,1298,LATE,8,9138489.0,1112.0,30000000,KT - CO,13 a 24 meses,Servicios,Seed,Medellín,3,No,No,957.0,1.0,2017,Si,Si,No,No,29,Internet,2.0,No,No,6,Si,1,0
87,1146,1361,PAID,0,61373292.0,1146.0,200000000,KT - CO,13 a 24 meses,Servicios,Venture,Neiva,4,No,Si,809.0,7.0,2016,Si,No,No,Si,33,FriendOrColleague,5.0,Si,Si,12,Si,6,1
88,1259,972,LATE,115,23311264.0,1259.0,110000000,KT - EX,13 a 24 meses,Servicios,Seed,Bogotá D.C.,6,No,No,911.0,4.0,2011,Si,Si,Si,Si,31,Internet,2.0,No,Si,21,No,6,1
89,1259,1012,LATE,39,16070489.0,1259.0,110000000,KT - EX,13 a 24 meses,Servicios,Seed,Bogotá D.C.,6,No,No,911.0,4.0,2011,Si,Si,Si,Si,31,Internet,2.0,No,Si,21,No,6,1
90,1281,1011,LATE,193,15660125.0,1281.0,40000000,KT - CO,13 a 24 meses,Servicios,Seed,Medellín,3,No,No,876.0,4.0,2007,Si,No,Si,Si,63,FriendOrColleague,1.0,No,Si,14,Si,2,0
91,1282,599,PAID,4,16590701.0,1282.0,30000000,CR ,Menos de 12 meses,Servicios,Seed,Bogotá D.C.,4,No,No,967.0,2.0,2016,No,Si,Si,No,40,Internet,5.0,No,No,6,No,1,0
92,1314,639,PAID,5,242274953.0,1314.0,1150000000,SP,13 a 24 meses,Industria,Scale Up,Bogotá D.C.,4,No,Si,933.0,21.0,2010,Si,No,Si,Si,33,Internet,4.0,Si,Si,150,Si,6,1
93,1314,648,PAID,8,91195322.0,1314.0,1150000000,SP,13 a 24 meses,Industria,Scale Up,Bogotá D.C.,4,No,Si,933.0,21.0,2010,Si,No,Si,Si,33,Internet,4.0,Si,Si,150,Si,6,1
94,1315,1002,LATE,5,24592287.0,1315.0,80000000,KT - EX,13 a 24 meses,Servicios,Seed,Bogotá D.C.,3,No,No,729.0,2.0,2015,Si,Si,Si,Si,38,Internet,4.0,No,Si,8,No,0,0
95,1338,635,PAID,1,186955232.0,1338.0,330000000,KT - CO,Menos de 12 meses,Servicios,Growth,Bogotá D.C.,4,No,No,929.0,11.0,2004,Si,No,Si,Si,59,FriendOrColleague,3.0,No,Si,120,No,4,1
96,1339,264,LATE,313,13160472.0,1339.0,50000000,SP,13 a 24 meses,Servicios,Seed,Medellín,6,No,No,861.0,3.0,2011,Si,No,No,Si,32,FriendOrColleague,2.0,No,Si,10,No,1,0
97,1340,652,PAID,1,36070718.0,1340.0,290000000,SP,13 a 24 meses,Servicios,Venture,Bogotá D.C.,5,No,No,925.0,9.0,2009,Si,Si,Si,No,41,Internet,2.0,No,Si,40,No,4,1
98,1341,671,LATE,26,16707869.0,1341.0,110000000,KT - EX,Menos de 12 meses,Servicios,Seed,Bogotá D.C.,5,No,Si,920.0,1.0,2013,Si,No,Si,No,32,Internet,3.0,No,Si,8,No,2,0
99,1341,1243,PAID,1,16535793.0,1341.0,110000000,KT - EX,Menos de 12 meses,Servicios,Seed,Bogotá D.C.,5,No,Si,920.0,1.0,2013,Si,No,Si,No,32,Internet,3.0,No,Si,8,No,2,0
100,1342,640,LATE,10,12090536.0,1342.0,90000000,KT - EX,13 a 24 meses,Servicios,Seed,Envigado,3,No,No,951.0,2.0,2015,No,Si,Si,No,31,FriendOrColleague,2.0,No,No,22,Si,2,0
101,1343,269,PAID,0,21655336.0,1343.0,407000000,KT - CO,25 a 36 meses,Comercio,Venture,Bogotá D.C.,5,No,No,929.0,13.0,2008,No,Si,No,No,57,Internet,2.0,No,Si,18,No,1,1
102,1343,641,PAID,0,162125908.0,1343.0,407000000,KT - CO,25 a 36 meses,Comercio,Venture,Bogotá D.C.,5,No,No,929.0,13.0,2008,No,Si,No,No,57,Internet,2.0,No,Si,18,No,1,1
103,1343,1321,PAID,0,10791618.0,1343.0,407000000,KT - CO,25 a 36 meses,Comercio,Venture,Bogotá D.C.,5,No,No,929.0,13.0,2008,No,Si,No,No,57,Internet,2.0,No,Si,18,No,1,1
104,1372,697,LATE,210,19192558.0,1372.0,230000000,KT - EX,13 a 24 meses,Industria,Venture,Medellín,4,No,Si,632.0,8.0,2014,No,No,Si,Si,34,Internet,1.0,Si,Si,35,No,2,1
105,1372,1070,LATE,222,20390108.0,1372.0,230000000,KT - EX,13 a 24 meses,Industria,Venture,Medellín,4,No,Si,632.0,8.0,2014,No,No,Si,Si,34,Internet,1.0,Si,Si,35,No,2,1
106,1397,36,PAID,0,128196078.0,1397.0,300000000,KT - CO,25 a 36 meses,Servicios,Venture,Medellín,6,Si,No,925.0,14.0,2013,Si,Si,Si,Si,38,Other,4.0,No,Si,50,No,1,1
107,1397,1311,LATE,470,0.0,1397.0,300000000,KT - CO,25 a 36 meses,Servicios,Venture,Medellín,6,Si,No,925.0,14.0,2013,Si,Si,Si,Si,38,Other,4.0,No,Si,50,No,1,1
108,1399,601,LATE,64,24380864.0,1399.0,120000000,KT - EX,Menos de 12 meses,Servicios,Seed,Bogotá D.C.,5,No,No,955.0,2.0,2015,Si,Si,Si,Si,44,Internet,2.0,No,Si,26,Si,3,1
109,1399,1146,LATE,60,21977094.0,1399.0,120000000,KT - EX,Menos de 12 meses,Servicios,Seed,Bogotá D.C.,5,No,No,955.0,2.0,2015,Si,Si,Si,Si,44,Internet,2.0,No,Si,26,Si,3,1
110,1400,576,LATE,147,15721765.0,1400.0,30000000,SP,13 a 24 meses,Industria,Seed,Medellín,4,No,No,45.0,3.0,2010,Si,Si,No,Si,36,Other,4.0,No,Si,10,No,1,0
111,1403,11,PAID,6,54364691.0,1403.0,1030000000,KT - EX,Menos de 12 meses,Industria,Growth,La Estrella,3,No,Si,929.0,33.0,2011,Si,No,No,Si,47,Other,2.0,No,Si,15,No,1,1
112,1403,645,LATE,484,22756137.0,1403.0,1030000000,KT - EX,Menos de 12 meses,Industria,Growth,La Estrella,3,No,Si,929.0,33.0,2011,Si,No,No,Si,47,Other,2.0,No,Si,15,No,1,1
113,1403,646,LATE,92,38524047.0,1403.0,1030000000,KT - EX,Menos de 12 meses,Industria,Growth,La Estrella,3,No,Si,929.0,33.0,2011,Si,No,No,Si,47,Other,2.0,No,Si,15,No,1,1
114,1403,647,LATE,26,37713694.0,1403.0,1030000000,KT - EX,Menos de 12 meses,Industria,Growth,La Estrella,3,No,Si,929.0,33.0,2011,Si,No,No,Si,47,Other,2.0,No,Si,15,No,1,1
115,1403,1005,LATE,641,6525686.0,1403.0,1030000000,KT - EX,Menos de 12 meses,Industria,Growth,La Estrella,3,No,Si,929.0,33.0,2011,Si,No,No,Si,47,Other,2.0,No,Si,15,No,1,1
116,1403,1006,LATE,100,38558906.0,1403.0,1030000000,KT - EX,Menos de 12 meses,Industria,Growth,La Estrella,3,No,Si,929.0,33.0,2011,Si,No,No,Si,47,Other,2.0,No,Si,15,No,1,1
117,1403,1007,LATE,38,37736602.0,1403.0,1030000000,KT - EX,Menos de 12 meses,Industria,Growth,La Estrella,3,No,Si,929.0,33.0,2011,Si,No,No,Si,47,Other,2.0,No,Si,15,No,1,1
118,1403,1008,LATE,563,0.0,1403.0,1030000000,KT - EX,Menos de 12 meses,Industria,Growth,La Estrella,3,No,Si,929.0,33.0,2011,Si,No,No,Si,47,Other,2.0,No,Si,15,No,1,1
119,1403,1104,LATE,540,0.0,1403.0,1030000000,KT - EX,Menos de 12 meses,Industria,Growth,La Estrella,3,No,Si,929.0,33.0,2011,Si,No,No,Si,47,Other,2.0,No,Si,15,No,1,1
120,1403,1193,LATE,529,0.0,1403.0,1030000000,KT - EX,Menos de 12 meses,Industria,Growth,La Estrella,3,No,Si,929.0,33.0,2011,Si,No,No,Si,47,Other,2.0,No,Si,15,No,1,1
121,1405,23,LATE,293,25483419.0,1405.0,600000000,KT - EX,13 a 24 meses,Industria,Venture,Itagüí,5,No,No,651.0,14.0,2011,Si,Si,No,Si,53,Other,2.0,No,Si,10,No,2,1
122,1405,24,LATE,284,25409711.0,1405.0,600000000,KT - EX,13 a 24 meses,Industria,Venture,Itagüí,5,No,No,651.0,14.0,2011,Si,Si,No,Si,53,Other,2.0,No,Si,10,No,2,1
123,1405,25,LATE,278,25360068.0,1405.0,600000000,KT - EX,13 a 24 meses,Industria,Venture,Itagüí,5,No,No,651.0,14.0,2011,Si,Si,No,Si,53,Other,2.0,No,Si,10,No,2,1
124,1405,26,LATE,282,25404867.0,1405.0,600000000,KT - EX,13 a 24 meses,Industria,Venture,Itagüí,5,No,No,651.0,14.0,2011,Si,Si,No,Si,53,Other,2.0,No,Si,10,No,2,1
125,1405,27,LATE,295,9263848.0,1405.0,600000000,KT - EX,13 a 24 meses,Industria,Venture,Itagüí,5,No,No,651.0,14.0,2011,Si,Si,No,Si,53,Other,2.0,No,Si,10,No,2,1
126,1405,28,LATE,290,9258444.0,1405.0,600000000,KT - EX,13 a 24 meses,Industria,Venture,Itagüí,5,No,No,651.0,14.0,2011,Si,Si,No,Si,53,Other,2.0,No,Si,10,No,2,1
127,1405,991,LATE,69,52330925.0,1405.0,600000000,KT - EX,13 a 24 meses,Industria,Venture,Itagüí,5,No,No,651.0,14.0,2011,Si,Si,No,Si,53,Other,2.0,No,Si,10,No,2,1
128,1405,992,LATE,69,59126057.0,1405.0,600000000,KT - EX,13 a 24 meses,Industria,Venture,Itagüí,5,No,No,651.0,14.0,2011,Si,Si,No,Si,53,Other,2.0,No,Si,10,No,2,1
129,1405,993,LATE,69,65879405.0,1405.0,600000000,KT - EX,13 a 24 meses,Industria,Venture,Itagüí,5,No,No,651.0,14.0,2011,Si,Si,No,Si,53,Other,2.0,No,Si,10,No,2,1
130,1405,994,LATE,69,65444876.0,1405.0,600000000,KT - EX,13 a 24 meses,Industria,Venture,Itagüí,5,No,No,651.0,14.0,2011,Si,Si,No,Si,53,Other,2.0,No,Si,10,No,2,1
131,1405,995,LATE,69,36133447.0,1405.0,600000000,KT - EX,13 a 24 meses,Industria,Venture,Itagüí,5,No,No,651.0,14.0,2011,Si,Si,No,Si,53,Other,2.0,No,Si,10,No,2,1
132,1405,996,LATE,69,36042993.0,1405.0,600000000,KT - EX,13 a 24 meses,Industria,Venture,Itagüí,5,No,No,651.0,14.0,2011,Si,Si,No,Si,53,Other,2.0,No,Si,10,No,2,1
133,1405,997,LATE,69,74660780.0,1405.0,600000000,KT - EX,13 a 24 meses,Industria,Venture,Itagüí,5,No,No,651.0,14.0,2011,Si,Si,No,Si,53,Other,2.0,No,Si,10,No,2,1
134,1406,621,LATE,62,11393825.0,1406.0,45000000,KT - EX,13 a 24 meses,Servicios,Seed,Bogotá D.C.,5,No,No,0.0,3.0,2015,Si,No,Si,Si,50,Newspapers,1.0,No,Si,1,Si,1,0
135,1423,618,PAID,6,11658905.0,1423.0,130000000,KT - EX,13 a 24 meses,Comercio,Seed,Medellín,6,No,No,962.0,4.0,2015,No,Si,Si,Si,30,Newspapers,1.0,No,No,9,No,2,0
136,1423,1138,PAID,8,19403202.0,1423.0,130000000,KT - EX,13 a 24 meses,Comercio,Seed,Medellín,6,No,No,962.0,4.0,2015,No,Si,Si,Si,30,Newspapers,1.0,No,No,9,No,2,0
137,1424,689,PAID,0,2688273.0,1424.0,130000000,KT - EX,13 a 24 meses,Servicios,Seed,Pereira,5,No,No,943.0,1.0,2006,Si,No,Si,Si,33,FriendOrColleague,2.0,No,Si,6,Si,3,0
138,1425,600,LATE,96,28136045.0,1425.0,250000000,CR ,25 a 36 meses,Servicios,Seed,Bogotá D.C.,5,No,No,933.0,6.0,2013,Si,Si,No,Si,35,FriendOrColleague,2.0,No,No,7,No,2,1
139,1425,708,LATE,104,18709846.0,1425.0,250000000,CR ,25 a 36 meses,Servicios,Seed,Bogotá D.C.,5,No,No,933.0,6.0,2013,Si,Si,No,Si,35,FriendOrColleague,2.0,No,No,7,No,2,0
140,1440,673,LATE,82,24654443.0,1440.0,180000000,CR ,13 a 24 meses,Servicios,Seed,Bogotá D.C.,6,No,No,884.0,0.0,2016,Si,Si,Si,Si,34,FriendOrColleague,2.0,No,No,16,No,0,0
141,1440,1150,PAID,8,25365367.0,1440.0,180000000,CR ,13 a 24 meses,Servicios,Seed,Bogotá D.C.,6,No,No,884.0,0.0,2016,Si,Si,Si,Si,34,FriendOrColleague,2.0,No,No,16,No,0,0
142,1441,973,LATE,182,15293607.0,1441.0,115000000,KT - CO,13 a 24 meses,Comercio,Venture,Medellín,3,No,No,906.0,3.0,2012,No,Si,Si,Si,34,Other,3.0,No,Si,12,No,0,0
143,1441,981,LATE,160,29156585.0,1441.0,115000000,KT - CO,13 a 24 meses,Comercio,Venture,Medellín,3,No,No,906.0,3.0,2012,No,Si,Si,Si,34,Other,3.0,No,Si,12,No,0,0
144,1465,717,LATE,78,108874324.0,1465.0,600000000,CR ,25 a 36 meses,Servicios,Venture,Bogotá D.C.,6,No,Si,920.0,18.0,2016,Si,Si,Si,Si,57,Newspapers,5.0,No,Si,80,No,1,1
145,1466,203,LATE,18,27495195.0,1466.0,650000000,KT - EX,13 a 24 meses,Servicios,Growth,Bogotá D.C.,5,No,No,715.0,24.0,2013,Si,Si,Si,No,31,Other,2.0,No,Si,25,No,1,1
146,1466,670,PAID,21,9092571.0,1466.0,650000000,KT - EX,13 a 24 meses,Servicios,Growth,Bogotá D.C.,5,No,No,715.0,24.0,2013,Si,Si,Si,No,31,Other,2.0,No,Si,25,No,1,1
147,1466,1262,PAID,24,40336509.0,1466.0,650000000,KT - EX,13 a 24 meses,Servicios,Growth,Bogotá D.C.,5,No,No,715.0,24.0,2013,Si,Si,Si,No,31,Other,2.0,No,Si,25,No,1,1
148,1466,1507,LATE,13,18081724.0,1466.0,650000000,KT - EX,13 a 24 meses,Servicios,Growth,Bogotá D.C.,5,No,No,715.0,24.0,2013,Si,Si,Si,No,31,Other,2.0,No,Si,25,No,1,1
149,1467,103,PAID,2,27255376.0,1467.0,160500000,SP,Menos de 12 meses,Servicios,Seed,Medellín,5,No,Si,876.0,2.0,2010,Si,Si,Si,Si,35,FriendOrColleague,1.0,No,Si,9,No,0,1
150,1467,687,PAID,1,17053594.0,1467.0,160500000,SP,Menos de 12 meses,Servicios,Seed,Medellín,5,No,Si,876.0,2.0,2010,Si,Si,Si,Si,35,FriendOrColleague,1.0,No,Si,9,No,0,0
151,1467,1309,LATE,32,30190589.0,1467.0,160500000,SP,Menos de 12 meses,Servicios,Seed,Medellín,5,No,Si,876.0,2.0,2010,Si,Si,Si,Si,35,FriendOrColleague,1.0,No,Si,9,No,0,0
152,1468,685,LATE,76,11674641.0,1468.0,120000000,CR ,13 a 24 meses,Industria,Seed,Itagüí,5,No,No,954.0,1.0,2016,Si,Si,No,Si,56,Internet,1.0,Si,Si,7,No,1,0
153,1469,268,PAID,0,37614578.0,1469.0,130000000,SP,13 a 24 meses,Industria,Seed,Medellín,6,No,No,876.0,2.0,2015,Si,Si,No,Si,32,Other,2.0,No,No,14,Si,2,1
154,1469,1303,LATE,21,17477331.0,1469.0,130000000,SP,13 a 24 meses,Industria,Seed,Medellín,6,No,No,876.0,2.0,2015,Si,Si,No,Si,32,Other,2.0,No,No,14,Si,2,0
155,1472,122,PAID,2,42138087.0,1472.0,90000000,SP,Menos de 12 meses,Servicios,Venture,Bogotá D.C.,3,No,No,829.0,7.0,2010,Si,No,Si,No,34,Newspapers,2.0,No,Si,70,No,4,1
156,1473,572,PAID,3,26733266.0,1473.0,60000000,SP,13 a 24 meses,Industria,Seed,Medellín,5,No,No,909.0,0.0,2016,No,No,No,No,65,Newspapers,3.0,No,Si,10,No,1,0
157,1473,573,PAID,3,29235576.0,1473.0,60000000,SP,13 a 24 meses,Industria,Seed,Medellín,5,No,No,909.0,0.0,2016,No,No,No,No,65,Newspapers,3.0,No,Si,10,No,1,0
158,1474,221,PAID,0,116181102.0,1474.0,450000000,KT - CO,13 a 24 meses,Servicios,Venture,Barranquilla,5,No,Si,908.0,12.0,2015,No,Si,Si,Si,46,Other,4.0,No,Si,45,No,5,1
159,1475,584,PAID,8,66628707.0,1475.0,450000000,KT - EX,13 a 24 meses,Servicios,Venture,Bogotá D.C.,5,No,Si,964.0,4.0,2014,Si,Si,Si,Si,43,FriendOrColleague,2.0,No,No,25,No,1,1
160,1475,1110,PAID,1,15054738.0,1475.0,450000000,KT - EX,13 a 24 meses,Servicios,Venture,Bogotá D.C.,5,No,Si,964.0,4.0,2014,Si,Si,Si,Si,43,FriendOrColleague,2.0,No,No,25,No,1,1
161,1475,1518,PAID,0,21763743.0,1475.0,450000000,KT - EX,13 a 24 meses,Servicios,Venture,Bogotá D.C.,5,No,Si,964.0,4.0,2014,Si,Si,Si,Si,43,FriendOrColleague,2.0,No,No,25,No,1,1
162,1477,674,LATE,61,44467065.0,1477.0,82410311,CR ,25 a 36 meses,Industria,Seed,Medellín,6,No,No,693.0,9.0,2014,Si,Si,Si,Si,30,Other,4.0,No,No,25,No,3,1
163,1477,987,LATE,90,21826860.0,1477.0,82410311,CR ,25 a 36 meses,Industria,Seed,Medellín,6,No,No,693.0,9.0,2014,Si,Si,Si,Si,30,Other,4.0,No,No,25,No,3,1
164,1478,263,LATE,139,147410871.0,1478.0,150000000,KT - EX,25 a 36 meses,Servicios,Seed,Medellín,4,No,No,938.0,1.0,2013,Si,No,No,Si,34,Other,3.0,Si,Si,27,No,1,1
165,1480,606,LATE,317,15614938.0,1480.0,40000000,CR ,13 a 24 meses,Industria,Venture,Medellín,3,No,No,39.0,4.0,2014,Si,Si,Si,Si,45,Internet,1.0,Si,No,10,No,0,0
166,1480,1302,LATE,518,0.0,1480.0,40000000,CR ,13 a 24 meses,Industria,Venture,Medellín,3,No,No,39.0,4.0,2014,Si,Si,Si,Si,45,Internet,1.0,Si,No,10,No,0,0
167,1502,266,LATE,18,50181150.0,1502.0,930000000,KT - CO,13 a 24 meses,Servicios,Seed,Envigado,4,No,No,864.0,5.0,2014,Si,No,No,No,26,CreditProfessionalContact,2.0,No,Si,11,No,1,1
168,1502,718,PAID,5,37822165.0,1502.0,930000000,KT - CO,13 a 24 meses,Servicios,Seed,Envigado,4,No,No,864.0,5.0,2014,Si,No,No,No,26,CreditProfessionalContact,2.0,No,Si,11,No,1,1
169,1502,1260,LATE,60,34465883.0,1502.0,930000000,KT - CO,13 a 24 meses,Servicios,Seed,Envigado,4,No,No,864.0,5.0,2014,Si,No,No,No,26,CreditProfessionalContact,2.0,No,Si,11,No,1,1
170,1502,1549,LATE,75,125564549.0,1502.0,930000000,KT - CO,13 a 24 meses,Servicios,Seed,Envigado,4,No,No,864.0,5.0,2014,Si,No,No,No,26,CreditProfessionalContact,2.0,No,Si,11,No,1,1
171,1503,1310,PAID,0,272476587.0,1503.0,1200000000,KT - CO,Menos de 12 meses,Comercio,Growth,Medellín,4,Si,No,933.0,28.0,2012,No,No,No,No,45,Other,1.0,No,Si,10,No,3,1
172,1521,727,LATE,32,14136354.0,1521.0,235000000,CR ,13 a 24 meses,Servicios,Seed,Bogotá D.C.,4,No,Si,851.0,3.0,2000,No,No,Si,Si,37,FriendOrColleague,1.0,No,Si,25,Si,2,1
173,1521,1192,LATE,37,24395177.0,1521.0,235000000,CR ,13 a 24 meses,Servicios,Seed,Bogotá D.C.,4,No,Si,851.0,3.0,2000,No,No,Si,Si,37,FriendOrColleague,1.0,No,Si,25,Si,2,0
174,1522,686,PAID,1,17354618.0,1522.0,160000000,SP,Menos de 12 meses,Servicios,Venture,Medellín,4,No,No,888.0,4.0,1995,Si,Si,No,No,66,Newspapers,2.0,No,Si,35,Si,3,1
175,1522,1148,PAID,1,21809992.0,1522.0,160000000,SP,Menos de 12 meses,Servicios,Venture,Medellín,4,No,No,888.0,4.0,1995,Si,Si,No,No,66,Newspapers,2.0,No,Si,35,Si,3,1
176,1523,690,PAID,0,65617374.0,1523.0,550000000,KT - CO,13 a 24 meses,Industria,Scale Up,Medellín,4,No,No,929.0,9.0,2012,No,No,No,Si,42,Other,4.0,No,Si,40,No,3,1
177,1523,1108,PAID,0,44931692.0,1523.0,550000000,KT - CO,13 a 24 meses,Industria,Scale Up,Medellín,4,No,No,929.0,9.0,2012,No,No,No,Si,42,Other,4.0,No,Si,40,No,3,1
178,1524,691,PAID,0,99631827.0,1524.0,300000000,KT - EX,25 a 36 meses,Comercio,Seed,Bogotá D.C.,5,No,No,861.0,1.0,2016,No,No,No,No,41,Internet,2.0,No,No,5,No,0,0
179,1524,1199,PAID,5,39572005.0,1524.0,300000000,KT - EX,25 a 36 meses,Comercio,Seed,Bogotá D.C.,5,No,No,861.0,1.0,2016,No,No,No,No,41,Internet,2.0,No,No,5,No,0,0
180,1525,683,LATE,113,22525351.0,1525.0,310000000,KT - CO,13 a 24 meses,Servicios,Scale Up,Medellín,4,No,Si,783.0,11.0,2005,Si,Si,Si,No,47,CreditProfessionalContact,2.0,No,Si,28,No,5,1
181,1525,1053,LATE,127,25344599.0,1525.0,310000000,KT - CO,13 a 24 meses,Servicios,Scale Up,Medellín,4,No,Si,783.0,11.0,2005,Si,Si,Si,No,47,CreditProfessionalContact,2.0,No,Si,28,No,5,1
182,1551,594,LATE,22,46172737.0,1551.0,120000000,KT - CO,13 a 24 meses,Industria,Venture,Bogotá D.C.,4,No,No,954.0,2.0,2015,No,No,No,No,32,Internet,2.0,No,No,2,No,0,0
183,1552,839,PAID,4,44898169.0,1552.0,150000000,KT - EX,13 a 24 meses,Comercio,Scale Up,Bucaramanga,3,No,No,925.0,9.0,2010,No,No,No,No,51,SocialNetworks,1.0,No,Si,27,No,1,0
184,1553,666,LATE,522,0.0,1553.0,100000000,CR ,13 a 24 meses,Industria,Scale Up,Cali,3,No,No,919.0,17.0,2012,No,No,No,No,26,Internet,1.0,No,No,21,No,0,0
185,1554,986,LATE,529,0.0,1554.0,50000000,KT - CO,13 a 24 meses,Servicios,Venture,Medellín,4,No,Si,0.0,0.0,2016,No,No,No,No,52,FriendOrColleague,1.0,No,No,12,Si,1,0
186,1555,709,PAID,0,89498175.0,1555.0,180000000,KT - CO,Menos de 12 meses,Industria,Growth,Bogotá D.C.,3,No,No,898.0,7.0,2012,Si,No,No,Si,63,Other,2.0,No,No,13,No,4,1
187,1555,1088,PAID,4,16812486.0,1555.0,180000000,KT - CO,Menos de 12 meses,Industria,Growth,Bogotá D.C.,3,No,No,898.0,7.0,2012,Si,No,No,Si,63,Other,2.0,No,No,13,No,4,1
188,1556,836,LATE,37,37532195.0,1556.0,150000000,SP,13 a 24 meses,Comercio,Venture,Bogotá D.C.,5,No,Si,290.0,4.0,2008,No,No,No,No,48,CreditProfessionalContact,4.0,No,Si,10,No,5,1
189,1557,586,PAID,14,60626578.0,1557.0,470000000,SP,Menos de 12 meses,Servicios,Seed,Bogotá D.C.,4,Si,Si,929.0,4.0,2003,Si,Si,Si,Si,46,FriendOrColleague,1.0,No,Si,5,No,1,1
190,1557,1058,PAID,10,122933658.0,1557.0,470000000,SP,Menos de 12 meses,Servicios,Seed,Bogotá D.C.,4,Si,Si,929.0,4.0,2003,Si,Si,Si,Si,46,FriendOrColleague,1.0,No,Si,5,No,1,1
191,1558,593,LATE,270,44290586.0,1558.0,522000000,KT - CO,Menos de 12 meses,Comercio,Growth,Sabaneta,5,Si,Si,887.0,15.0,2005,Si,Si,Si,Si,62,CreditProfessionalContact,2.0,No,Si,72,No,3,1
192,1558,692,LATE,154,75947978.0,1558.0,522000000,KT - CO,Menos de 12 meses,Comercio,Growth,Sabaneta,5,Si,Si,887.0,15.0,2005,Si,Si,Si,Si,62,CreditProfessionalContact,2.0,No,Si,72,No,3,1
193,1558,1132,LATE,111,32854329.0,1558.0,522000000,KT - CO,Menos de 12 meses,Comercio,Growth,Sabaneta,5,Si,Si,887.0,15.0,2005,Si,Si,Si,Si,62,CreditProfessionalContact,2.0,No,Si,72,No,3,1
194,1580,1450,PAID,1,21341158.0,1580.0,85000000,KT - EX,13 a 24 meses,Servicios,Seed,Medellín,4,No,No,956.0,0.0,2016,Si,Si,No,No,42,Newspapers,1.0,No,No,5,Si,1,0
195,1600,22,PAID,4,54872164.0,1600.0,840000000,KT - CO,Menos de 12 meses,Industria,Scale Up,Medellín,6,Si,No,617.0,8.0,1986,Si,No,Si,Si,42,Other,4.0,No,Si,45,No,10,1
196,1600,67,PAID,0,98738685.0,1600.0,840000000,KT - CO,Menos de 12 meses,Industria,Scale Up,Medellín,6,Si,No,617.0,8.0,1986,Si,No,Si,Si,42,Other,4.0,No,Si,45,No,10,1
197,1600,562,LATE,100,36451323.0,1600.0,840000000,KT - CO,Menos de 12 meses,Industria,Scale Up,Medellín,6,Si,No,617.0,8.0,1986,Si,No,Si,Si,42,Other,4.0,No,Si,45,No,10,1
198,1600,615,LATE,117,91596195.0,1600.0,840000000,KT - CO,Menos de 12 meses,Industria,Scale Up,Medellín,6,Si,No,617.0,8.0,1986,Si,No,Si,Si,42,Other,4.0,No,Si,45,No,10,1
199,1600,698,LATE,77,109643956.0,1600.0,840000000,KT - CO,Menos de 12 meses,Industria,Scale Up,Medellín,6,Si,No,617.0,8.0,1986,Si,No,Si,Si,42,Other,4.0,No,Si,45,No,10,1
200,1600,1392,LATE,56,64367433.0,1600.0,840000000,KT - CO,Menos de 12 meses,Industria,Scale Up,Medellín,6,Si,No,617.0,8.0,1986,Si,No,Si,Si,42,Other,4.0,No,Si,45,No,10,1
201,1600,1393,LATE,56,75120391.0,1600.0,840000000,KT - CO,Menos de 12 meses,Industria,Scale Up,Medellín,6,Si,No,617.0,8.0,1986,Si,No,Si,Si,42,Other,4.0,No,Si,45,No,10,1
202,1626,208,LATE,464,2268588.0,1626.0,150000000,SP,Menos de 12 meses,Industria,Venture,Medellín,4,No,No,777.0,10.0,2011,Si,Si,No,Si,31,Other,3.0,No,Si,37,No,7,1
203,1626,974,LATE,475,1505370.0,1626.0,150000000,SP,Menos de 12 meses,Industria,Venture,Medellín,4,No,No,777.0,10.0,2011,Si,Si,No,Si,31,Other,3.0,No,Si,37,No,7,1
204,1626,983,LATE,509,7909022.0,1626.0,150000000,SP,Menos de 12 meses,Industria,Venture,Medellín,4,No,No,777.0,10.0,2011,Si,Si,No,Si,31,Other,3.0,No,Si,37,No,7,1
205,1626,999,LATE,174,16576086.0,1626.0,150000000,SP,Menos de 12 meses,Industria,Venture,Medellín,4,No,No,777.0,10.0,2011,Si,Si,No,Si,31,Other,3.0,No,Si,37,No,7,1
206,1627,207,PAID,29,353190680.0,1627.0,1247359964,KT - EX,13 a 24 meses,Industria,Scale Up,Envigado,5,No,No,937.0,10.0,2000,Si,Si,Si,Si,38,CreditProfessionalContact,4.0,No,Si,72,No,4,1
207,1627,636,PAID,24,12342408.0,1627.0,1247359964,KT - EX,13 a 24 meses,Industria,Scale Up,Envigado,5,No,No,937.0,10.0,2000,Si,Si,Si,Si,38,CreditProfessionalContact,4.0,No,Si,72,No,4,1
208,1628,710,LATE,309,40043732.0,1628.0,70000000,KT - CO,Menos de 12 meses,Industria,Venture,Medellín,3,No,No,0.0,1.0,2017,No,Si,No,No,29,FriendOrColleague,1.0,No,Si,6,No,0,0
209,1658,1085,LATE,115,25767303.0,1658.0,280000000,KT - CO,13 a 24 meses,Comercio,Venture,Medellín,5,No,Si,713.0,6.0,2016,No,No,No,No,28,CreditProfessionalContact,1.0,No,No,18,No,1,0
210,1658,1261,LATE,139,14899838.0,1658.0,280000000,KT - CO,13 a 24 meses,Comercio,Venture,Medellín,5,No,Si,713.0,6.0,2016,No,No,No,No,28,CreditProfessionalContact,1.0,No,No,18,No,1,0
211,1659,655,PAID,4,30141249.0,1659.0,330000000,CR ,13 a 24 meses,Comercio,Growth,Medellín,3,No,Si,920.0,17.0,2016,Si,Si,No,Si,46,CreditProfessionalContact,2.0,No,Si,40,Si,4,1
212,1659,1215,PAID,0,18140107.0,1659.0,330000000,CR ,13 a 24 meses,Comercio,Growth,Medellín,3,No,Si,920.0,17.0,2016,Si,Si,No,Si,46,CreditProfessionalContact,2.0,No,Si,40,Si,4,1
213,1660,70,PAID,0,150482150.0,1660.0,400000000,KT - CO,13 a 24 meses,Servicios,Growth,Itagüí,4,Si,Si,925.0,10.0,2008,Si,No,Si,Si,46,FriendOrColleague,8.0,No,Si,45,No,3,1
214,1661,643,LATE,467,0.0,1661.0,250000000,CR ,25 a 36 meses,Servicios,Seed,Bogotá D.C.,6,No,No,923.0,2.0,2016,No,No,No,Si,35,Newspapers,2.0,No,No,7,No,1,0
215,1661,1101,LATE,519,3759075.0,1661.0,250000000,CR ,25 a 36 meses,Servicios,Seed,Bogotá D.C.,6,No,No,923.0,2.0,2016,No,No,No,Si,35,Newspapers,2.0,No,No,7,No,1,0
216,1663,720,LATE,247,10120953.0,1663.0,350000000,CR ,Menos de 12 meses,Industria,Scale Up,Itagüí,3,No,No,933.0,16.0,2009,No,No,No,No,39,CreditProfessionalContact,1.0,No,Si,80,No,2,1
217,1663,970,LATE,87,54869651.0,1663.0,350000000,CR ,Menos de 12 meses,Industria,Scale Up,Itagüí,3,No,No,933.0,16.0,2009,No,No,No,No,39,CreditProfessionalContact,1.0,No,Si,80,No,2,1
218,1663,971,LATE,164,29347807.0,1663.0,350000000,CR ,Menos de 12 meses,Industria,Scale Up,Itagüí,3,No,No,933.0,16.0,2009,No,No,No,No,39,CreditProfessionalContact,1.0,No,Si,80,No,2,1
219,1681,1266,PAID,5,30247367.0,1681.0,200000000,KT - CO,13 a 24 meses,Servicios,Growth,Medellín,4,Si,No,937.0,23.0,2009,Si,No,No,No,46,Other,1.0,No,Si,50,No,8,1
220,1700,672,PAID,1,22286310.0,1700.0,340000000,KT - CO,Menos de 12 meses,Comercio,Venture,Bogotá D.C.,3,No,Si,679.0,16.0,2015,Si,Si,Si,Si,27,Internet,2.0,No,Si,28,No,2,1
221,1700,1313,LATE,30,46424824.0,1700.0,340000000,KT - CO,Menos de 12 meses,Comercio,Venture,Bogotá D.C.,3,No,Si,679.0,16.0,2015,Si,Si,Si,Si,27,Internet,2.0,No,Si,28,No,2,1
222,1731,1087,PAID,0,15904465.0,1731.0,150000000,KT - CO,13 a 24 meses,Comercio,Seed,Bogotá D.C.,4,Si,Si,922.0,4.0,1992,Si,No,Si,Si,69,FriendOrColleague,5.0,No,No,8,No,1,1
223,1731,1114,PAID,0,19231145.0,1731.0,150000000,KT - CO,13 a 24 meses,Comercio,Seed,Bogotá D.C.,4,Si,Si,922.0,4.0,1992,Si,No,Si,Si,69,FriendOrColleague,5.0,No,No,8,No,1,1
224,1731,1366,PAID,0,15019796.0,1731.0,150000000,KT - CO,13 a 24 meses,Comercio,Seed,Bogotá D.C.,4,Si,Si,922.0,4.0,1992,Si,No,Si,Si,69,FriendOrColleague,5.0,No,No,8,No,1,1
225,1739,588,PAID,4,13142415.0,1739.0,750000000,KT - EX,25 a 36 meses,Servicios,Venture,Medellín,6,Si,No,923.0,1.0,2011,Si,No,Si,Si,36,FriendOrColleague,3.0,No,Si,11,No,1,1
226,1739,597,PAID,0,7580020.0,1739.0,750000000,KT - EX,25 a 36 meses,Servicios,Venture,Medellín,6,Si,No,923.0,1.0,2011,Si,No,Si,Si,36,FriendOrColleague,3.0,No,Si,11,No,1,1
227,1740,681,PAID,1,33302422.0,1740.0,250000000,CR ,25 a 36 meses,Comercio,Seed,Envigado,5,No,No,876.0,2.0,2014,Si,Si,No,No,32,Other,5.0,No,No,8,No,1,0
228,1740,1301,PAID,1,68894210.0,1740.0,250000000,CR ,25 a 36 meses,Comercio,Seed,Envigado,5,No,No,876.0,2.0,2014,Si,Si,No,No,32,Other,5.0,No,No,8,No,1,0
229,1741,637,LATE,52,230633492.0,1741.0,731112570,KT - EX,Menos de 12 meses,Servicios,Scale Up,Bogotá D.C.,4,No,No,713.0,11.0,2013,Si,Si,Si,No,33,Other,6.0,No,No,15,No,0,1
230,1741,833,LATE,13,61431810.0,1741.0,731112570,KT - EX,Menos de 12 meses,Servicios,Scale Up,Bogotá D.C.,4,No,No,713.0,11.0,2013,Si,Si,Si,No,33,Other,6.0,No,No,15,No,0,1
231,1742,222,LATE,177,38760382.0,1742.0,400000000,KT - EX,Menos de 12 meses,Servicios,Scale Up,Bogotá D.C.,5,No,Si,966.0,15.0,2003,Si,Si,Si,Si,47,Newspapers,3.0,No,Si,10,No,1,1
232,1742,979,LATE,222,166251192.0,1742.0,400000000,KT - EX,Menos de 12 meses,Servicios,Scale Up,Bogotá D.C.,5,No,Si,966.0,15.0,2003,Si,Si,Si,Si,47,Newspapers,3.0,No,Si,10,No,1,1
233,1743,837,LATE,27,150557919.0,1743.0,611585150,KT - EX,13 a 24 meses,Industria,Scale Up,Itagüí,4,No,No,933.0,22.0,1992,Si,No,Si,Si,44,Other,20.0,No,Si,327,No,5,1
234,1745,1218,PAID,1,60677072.0,1745.0,250000000,SP,13 a 24 meses,Servicios,Seed,Bogotá D.C.,6,No,No,944.0,1.0,2002,No,No,Si,Si,40,Internet,4.0,Si,No,52,No,5,1
235,1745,1519,PAID,0,15029466.0,1745.0,250000000,SP,13 a 24 meses,Servicios,Seed,Bogotá D.C.,6,No,No,944.0,1.0,2002,No,No,Si,Si,40,Internet,4.0,Si,No,52,No,5,0
236,1777,1284,PAID,1,26776792.0,1777.0,120000000,SP,25 a 36 meses,Servicios,Seed,Bogotá D.C.,5,No,Si,937.0,12.0,2006,Si,No,No,Si,40,Internet,2.0,No,Si,43,No,2,1
237,1831,1498,LATE,40,64865795.0,1831.0,250000000,KT - EX,13 a 24 meses,Servicios,Seed,Medellín,4,No,No,874.0,4.0,2017,Si,Si,Si,Si,28,FriendOrColleague,8.0,Si,Si,23,No,1,1
238,1935,1432,PAID,8,12627381.0,1935.0,150000000,CR ,13 a 24 meses,Servicios,Seed,Bogotá D.C.,4,No,No,776.0,6.0,2015,Si,Si,Si,No,32,SocialNetworks,3.0,No,No,16,No,0,0
239,1996,1063,LATE,160,40402112.0,1996.0,200000000,KT - CO,13 a 24 meses,Servicios,Growth,Bogotá D.C.,3,No,No,933.0,8.0,2011,Si,No,No,No,50,FriendOrColleague,1.0,No,Si,70,No,1,1
240,2027,1497,LATE,90,14691247.0,2027.0,100000000,KT - EX,25 a 36 meses,Servicios,Scale Up,Barranquilla,4,No,No,866.0,8.0,2010,No,No,No,No,35,Newspapers,3.0,No,Si,173,No,2,0
241,2080,1182,PAID,0,43382875.0,2080.0,200000000,CR ,25 a 36 meses,Industria,Venture,Bello,4,No,Si,937.0,23.0,2014,Si,No,Si,Si,35,SocialNetworks,2.0,No,Si,120,No,6,1
242,2127,650,PAID,6,16453847.0,2127.0,145000000,KT - CO,13 a 24 meses,Servicios,Seed,Bogotá D.C.,4,No,No,971.0,5.0,2016,Si,Si,Si,Si,57,Internet,2.0,No,No,10,Si,3,0
243,2174,570,PAID,0,10593974.0,2174.0,35000000,KT - CO,13 a 24 meses,Comercio,Seed,Barranquilla,4,No,No,922.0,1.0,2010,No,No,No,No,43,Newspapers,1.0,No,Si,4,Si,2,0
244,2186,1180,LATE,192,9872248.0,2186.0,50000000,KT - CO,Menos de 12 meses,Servicios,Seed,Bogotá D.C.,4,No,No,956.0,1.0,2017,No,No,No,Si,32,FriendOrColleague,4.0,No,No,7,No,1,0
245,2188,1404,PAID,1,7628509.0,2188.0,30000000,KT - CO,13 a 24 meses,Servicios,Seed,Medellín,5,No,No,817.0,1.0,2017,Si,Si,No,Si,28,SocialNetworks,2.0,No,Si,2,Si,1,0
246,2189,565,LATE,45,27849040.0,2189.0,230000000,CR ,Menos de 12 meses,Servicios,Seed,Bogotá D.C.,4,No,Si,486.0,9.0,2011,Si,No,No,No,63,Internet,4.0,No,Si,8,No,1,1
247,2189,1282,LATE,31,18504350.0,2189.0,230000000,CR ,Menos de 12 meses,Servicios,Seed,Bogotá D.C.,4,No,Si,486.0,9.0,2011,Si,No,No,No,63,Internet,4.0,No,Si,8,No,1,0
248,2190,651,LATE,224,55649179.0,2190.0,410000000,KT - CO,Menos de 12 meses,Comercio,Venture,Cali,3,No,Si,907.0,11.0,2016,No,No,No,No,37,Internet,1.0,No,No,15,No,1,0
249,2190,1128,LATE,216,18620224.0,2190.0,410000000,KT - CO,Menos de 12 meses,Comercio,Venture,Cali,3,No,Si,907.0,11.0,2016,No,No,No,No,37,Internet,1.0,No,No,15,No,1,0
250,2190,1145,LATE,193,11032937.0,2190.0,410000000,KT - CO,Menos de 12 meses,Comercio,Venture,Cali,3,No,Si,907.0,11.0,2016,No,No,No,No,37,Internet,1.0,No,No,15,No,1,0
251,2227,63,PAID,6,221838093.0,2227.0,250000000,KT - CO,13 a 24 meses,Servicios,Scale Up,Medellín,5,No,No,902.0,14.0,2011,No,No,Si,Si,36,CreditProfessionalContact,4.0,No,Si,45,No,2,1
252,2230,1147,PAID,2,18289832.0,2230.0,240000000,CR ,13 a 24 meses,Servicios,Seed,Medellín,5,No,Si,494.0,2.0,2015,Si,Si,No,No,28,Other,2.0,Si,Si,5,No,0,0
253,2242,1004,PAID,3,27058614.0,2242.0,90000000,KT - CO,13 a 24 meses,Servicios,Scale Up,Medellín,5,No,No,891.0,5.0,2015,No,No,No,Si,54,FriendOrColleague,2.0,No,No,5,No,0,0
254,2247,722,PAID,5,58298751.0,2247.0,250000000,KT - CO,13 a 24 meses,Servicios,Seed,Medellín,6,No,Si,925.0,0.0,1983,No,Si,No,No,66,FriendOrColleague,3.0,No,Si,15,No,3,1
255,2247,1521,PAID,9,18051360.0,2247.0,250000000,KT - CO,13 a 24 meses,Servicios,Seed,Medellín,6,No,Si,925.0,0.0,1983,No,Si,No,No,66,FriendOrColleague,3.0,No,Si,15,No,3,1
256,2260,1316,PAID,5,39023257.0,2260.0,200000000,KT - CO,13 a 24 meses,Servicios,Seed,Bogotá D.C.,3,No,No,918.0,4.0,2016,Si,Si,No,Si,37,Internet,3.0,Si,No,10,No,0,0
257,2267,1111,LATE,19,12691512.0,2267.0,150000000,KT - EX,13 a 24 meses,Servicios,Seed,Sabaneta,5,No,No,967.0,1.0,2016,Si,Si,Si,Si,28,Other,1.0,No,No,16,No,0,0
258,2272,1411,PAID,5,38742135.0,2272.0,100000000,KT - CO,13 a 24 meses,Comercio,Scale Up,Bogotá D.C.,5,No,No,892.0,2.0,2013,Si,Si,No,Si,47,Internet,1.0,No,No,11,No,1,0
259,2274,563,LATE,55,16849884.0,2274.0,230000000,KT - EX,Menos de 12 meses,Servicios,Seed,Bogotá D.C.,5,No,Si,888.0,4.0,2013,No,No,No,Si,33,FriendOrColleague,3.0,Si,No,30,No,1,0
260,2319,1055,PAID,0,8997716.0,2319.0,40000000,CR ,25 a 36 meses,Comercio,Seed,Bogotá D.C.,4,No,No,0.0,0.0,2017,No,No,No,No,29,Newspapers,1.0,Si,No,2,No,1,0
261,2428,202,LATE,49,166164894.0,2428.0,800000000,KT - EX,Menos de 12 meses,Servicios,Venture,Medellín,5,No,Si,891.0,17.0,2013,No,Si,Si,Si,30,FriendOrColleague,2.0,No,Si,10,No,1,1
262,2428,224,LATE,60,38649095.0,2428.0,800000000,KT - EX,Menos de 12 meses,Servicios,Venture,Medellín,5,No,Si,891.0,17.0,2013,No,Si,Si,Si,30,FriendOrColleague,2.0,No,Si,10,No,1,1
263,2428,1223,LATE,62,92445425.0,2428.0,800000000,KT - EX,Menos de 12 meses,Servicios,Venture,Medellín,5,No,Si,891.0,17.0,2013,No,Si,Si,Si,30,FriendOrColleague,2.0,No,Si,10,No,1,1
264,2428,1427,LATE,21,55267159.0,2428.0,800000000,KT - EX,Menos de 12 meses,Servicios,Venture,Medellín,5,No,Si,891.0,17.0,2013,No,Si,Si,Si,30,FriendOrColleague,2.0,No,Si,10,No,1,1
265,2429,602,LATE,177,10019585.0,2429.0,30000000,CR ,13 a 24 meses,Industria,Seed,Medellín,3,No,No,664.0,2.0,2014,No,No,No,No,34,FriendOrColleague,1.0,No,No,18,Si,1,0
266,2430,613,PAID,3,18197342.0,2430.0,300000000,KT - EX,Menos de 12 meses,Servicios,Venture,Bogotá D.C.,5,Si,No,906.0,7.0,2015,Si,No,Si,No,64,FriendOrColleague,5.0,No,Si,10,Si,5,1
267,2430,1329,PAID,0,30606503.0,2430.0,300000000,KT - EX,Menos de 12 meses,Servicios,Venture,Bogotá D.C.,5,Si,No,906.0,7.0,2015,Si,No,Si,No,64,FriendOrColleague,5.0,No,Si,10,Si,5,1
268,2431,624,PAID,0,76109420.0,2431.0,250000000,KT - CO,13 a 24 meses,Servicios,Seed,Medellín,6,No,No,935.0,2.0,2009,Si,Si,Si,Si,61,FriendOrColleague,2.0,No,Si,20,No,5,1
269,2431,1281,PAID,0,76664128.0,2431.0,250000000,KT - CO,13 a 24 meses,Servicios,Seed,Medellín,6,No,No,935.0,2.0,2009,Si,Si,Si,Si,61,FriendOrColleague,2.0,No,Si,20,No,5,1
270,2432,607,LATE,106,16667224.0,2432.0,60000000,KT - EX,Menos de 12 meses,Servicios,Seed,Bogotá D.C.,6,No,No,917.0,2.0,2018,Si,No,Si,No,49,FriendOrColleague,2.0,No,No,4,No,0,0
271,2433,106,LATE,15,20161722.0,2433.0,530000000,CR ,13 a 24 meses,Servicios,Growth,Bogotá D.C.,3,Si,Si,920.0,26.0,2003,No,No,No,Si,29,Internet,5.0,No,Si,30,No,0,1
272,2433,1170,LATE,12,39188178.0,2433.0,530000000,CR ,13 a 24 meses,Servicios,Growth,Bogotá D.C.,3,Si,Si,920.0,26.0,2003,No,No,No,Si,29,Internet,5.0,No,Si,30,No,0,1
273,2433,1214,LATE,33,25158992.0,2433.0,530000000,CR ,13 a 24 meses,Servicios,Growth,Bogotá D.C.,3,Si,Si,920.0,26.0,2003,No,No,No,Si,29,Internet,5.0,No,Si,30,No,0,1
274,2434,632,LATE,148,13029470.0,2434.0,50000000,KT - CO,13 a 24 meses,Industria,Seed,Bogotá D.C.,5,No,No,872.0,3.0,2015,No,No,No,Si,51,FriendOrColleague,2.0,No,Si,25,Si,0,0
275,2435,835,LATE,15,118588319.0,2435.0,600000000,KT - CO,13 a 24 meses,Industria,Growth,Medellín,4,No,Si,929.0,21.0,1980,Si,Si,Si,No,30,CreditProfessionalContact,5.0,No,Si,230,No,7,1
276,2435,1205,PAID,1,182221355.0,2435.0,600000000,KT - CO,13 a 24 meses,Industria,Growth,Medellín,4,No,Si,929.0,21.0,1980,Si,Si,Si,No,30,CreditProfessionalContact,5.0,No,Si,230,No,7,1
277,2437,611,PAID,6,12210532.0,2437.0,220606989,KT - CO,13 a 24 meses,Comercio,Seed,Envigado,4,No,No,880.0,8.0,2016,Si,Si,Si,Si,52,FriendOrColleague,1.0,No,No,7,No,1,0
278,2437,638,PAID,3,25257378.0,2437.0,220606989,KT - CO,13 a 24 meses,Comercio,Seed,Envigado,4,No,No,880.0,8.0,2016,Si,Si,Si,Si,52,FriendOrColleague,1.0,No,No,7,No,1,0
279,2437,1409,LATE,8,9206906.0,2437.0,220606989,KT - CO,13 a 24 meses,Comercio,Seed,Envigado,4,No,No,880.0,8.0,2016,Si,Si,Si,Si,52,FriendOrColleague,1.0,No,No,7,No,1,0
280,2438,199,PAID,1,11100221.0,2438.0,300000000,KT - EX,13 a 24 meses,Servicios,Seed,Medellín,6,No,No,933.0,2.0,2015,No,No,No,No,36,FriendOrColleague,4.0,No,Si,4,No,0,0
281,2438,1216,PAID,4,30346831.0,2438.0,300000000,KT - EX,13 a 24 meses,Servicios,Seed,Medellín,6,No,No,933.0,2.0,2015,No,No,No,No,36,FriendOrColleague,4.0,No,Si,4,No,0,0
282,2439,834,PAID,1,32107091.0,2439.0,310000000,KT - EX,25 a 36 meses,Industria,Scale Up,Sabaneta,4,No,No,925.0,27.0,1993,Si,No,No,No,56,FriendOrColleague,5.0,No,Si,120,No,25,1
283,2439,1187,PAID,0,15004072.0,2439.0,310000000,KT - EX,25 a 36 meses,Industria,Scale Up,Sabaneta,4,No,No,925.0,27.0,1993,Si,No,No,No,56,FriendOrColleague,5.0,No,Si,120,No,25,1
284,2439,1188,PAID,0,17737257.0,2439.0,310000000,KT - EX,25 a 36 meses,Industria,Scale Up,Sabaneta,4,No,No,925.0,27.0,1993,Si,No,No,No,56,FriendOrColleague,5.0,No,Si,120,No,25,1
285,2440,662,LATE,61,22469828.0,2440.0,193138000,KT - EX,13 a 24 meses,Servicios,Seed,Bogotá D.C.,5,No,No,362.0,2.0,2010,Si,Si,No,No,38,Other,1.0,No,Si,12,Si,1,0
286,2440,663,LATE,25,9931914.0,2440.0,193138000,KT - EX,13 a 24 meses,Servicios,Seed,Bogotá D.C.,5,No,No,362.0,2.0,2010,Si,Si,No,No,38,Other,1.0,No,Si,12,Si,1,0
287,2440,1539,LATE,15,19754663.0,2440.0,193138000,KT - EX,13 a 24 meses,Servicios,Seed,Bogotá D.C.,5,No,No,362.0,2.0,2010,Si,Si,No,No,38,Other,1.0,No,Si,12,Si,1,0
288,2441,614,PAID,11,21028409.0,2441.0,130000000,KT - CO,13 a 24 meses,Servicios,Venture,Medellín,3,No,No,954.0,4.0,2017,No,No,No,No,39,CreditProfessionalContact,2.0,No,Si,10,Si,1,0
289,2442,1179,LATE,13,90440797.0,2442.0,530000000,KT - CO,Menos de 12 meses,Comercio,Scale Up,Bogotá D.C.,5,No,No,917.0,12.0,2017,Si,No,Si,No,43,Other,2.0,No,Si,10,No,0,1
290,2442,1516,LATE,7,24911296.0,2442.0,530000000,KT - CO,Menos de 12 meses,Comercio,Scale Up,Bogotá D.C.,5,No,No,917.0,12.0,2017,Si,No,Si,No,43,Other,2.0,No,Si,10,No,0,1
291,2447,1079,PAID,3,12067875.0,2447.0,280000000,KT - EX,Menos de 12 meses,Servicios,Seed,Medellín,5,No,No,936.0,2.0,2016,Si,Si,Si,Si,39,FriendOrColleague,2.0,No,No,5,Si,1,0
292,2447,1091,PAID,3,15090518.0,2447.0,280000000,KT - EX,Menos de 12 meses,Servicios,Seed,Medellín,5,No,No,936.0,2.0,2016,Si,Si,Si,Si,39,FriendOrColleague,2.0,No,No,5,Si,1,0
293,2447,1129,PAID,3,9050844.0,2447.0,280000000,KT - EX,Menos de 12 meses,Servicios,Seed,Medellín,5,No,No,936.0,2.0,2016,Si,Si,Si,Si,39,FriendOrColleague,2.0,No,No,5,Si,1,0
294,2448,580,LATE,48,11753812.0,2448.0,30000000,KT - EX,13 a 24 meses,Servicios,Seed,Bogotá D.C.,6,No,No,852.0,2.0,2013,Si,Si,Si,Si,37,CreditProfessionalContact,4.0,Si,Si,5,No,1,0
295,2449,581,LATE,16,31072195.0,2449.0,363215000,SP,13 a 24 meses,Industria,Seed,Medellín,6,No,No,808.0,12.0,2011,Si,Si,Si,No,33,Email,1.0,No,Si,20,Si,2,1
296,2449,694,LATE,50,46086880.0,2449.0,363215000,SP,13 a 24 meses,Industria,Seed,Medellín,6,No,No,808.0,12.0,2011,Si,Si,Si,No,33,Email,1.0,No,Si,20,Si,2,1
297,2449,695,LATE,55,10808112.0,2449.0,363215000,SP,13 a 24 meses,Industria,Seed,Medellín,6,No,No,808.0,12.0,2011,Si,Si,Si,No,33,Email,1.0,No,Si,20,Si,2,1
298,2449,713,LATE,55,7753213.0,2449.0,363215000,SP,13 a 24 meses,Industria,Seed,Medellín,6,No,No,808.0,12.0,2011,Si,Si,Si,No,33,Email,1.0,No,Si,20,Si,2,1
299,2450,653,LATE,106,14372797.0,2450.0,343000000,KT - EX,25 a 36 meses,Servicios,Seed,Bogotá D.C.,6,Si,Si,891.0,6.0,2005,Si,No,Si,Si,45,Other,2.0,No,Si,4,No,1,1
300,2450,669,LATE,121,2170151.0,2450.0,343000000,KT - EX,25 a 36 meses,Servicios,Seed,Bogotá D.C.,6,Si,Si,891.0,6.0,2005,Si,No,Si,Si,45,Other,2.0,No,Si,4,No,1,1
301,2450,1161,LATE,96,12518598.0,2450.0,343000000,KT - EX,25 a 36 meses,Servicios,Seed,Bogotá D.C.,6,Si,Si,891.0,6.0,2005,Si,No,Si,Si,45,Other,2.0,No,Si,4,No,1,1
302,2451,230,PAID,0,65074312.0,2451.0,300000000,SP,25 a 36 meses,Servicios,Seed,Bogotá D.C.,6,No,No,921.0,6.0,2015,Si,Si,No,No,45,Internet,3.0,No,No,11,No,2,1
303,2452,699,PAID,5,44790619.0,2452.0,210000000,KT - EX,13 a 24 meses,Servicios,Seed,Bogotá D.C.,6,No,No,893.0,4.0,2011,Si,Si,No,Si,49,FriendOrColleague,2.0,No,Si,4,Si,1,0
304,2453,665,LATE,76,12929771.0,2453.0,40000000,KT - CO,13 a 24 meses,Servicios,Seed,Medellín,6,Si,No,839.0,2.0,2012,No,No,No,Si,52,FriendOrColleague,1.0,No,No,10,No,1,0
305,2454,682,PAID,3,16648799.0,2454.0,80000000,KT - EX,Menos de 12 meses,Servicios,Seed,Medellín,5,No,No,877.0,1.0,2017,No,No,No,No,27,FriendOrColleague,2.0,No,No,5,Si,3,0
306,2455,701,LATE,203,48944027.0,2455.0,150000000,KT - CO,13 a 24 meses,Comercio,Scale Up,Bogotá D.C.,5,No,Si,833.0,20.0,2011,Si,Si,No,No,36,FriendOrColleague,2.0,No,Si,12,No,2,1
307,2456,1371,LATE,72,75157647.0,2456.0,600000000,KT - CO,13 a 24 meses,Comercio,Growth,Bogotá D.C.,4,No,Si,929.0,29.0,2009,No,No,Si,Si,57,FriendOrColleague,4.0,No,Si,25,Si,3,1
308,2457,625,LATE,50,24372806.0,2457.0,110000000,KT - CO,13 a 24 meses,Comercio,Venture,Medellín,6,Si,No,757.0,9.0,1995,Si,No,Si,Si,49,Email,1.0,No,Si,9,No,1,1
309,2457,1514,LATE,22,7563529.0,2457.0,110000000,KT - CO,13 a 24 meses,Comercio,Venture,Medellín,6,Si,No,757.0,9.0,1995,Si,No,Si,Si,49,Email,1.0,No,Si,9,No,1,1
310,2458,656,PAID,1,159874001.0,2458.0,300000000,CR ,25 a 36 meses,Servicios,Scale Up,Medellín,4,No,No,916.0,6.0,2013,No,No,No,No,45,Newspapers,4.0,No,Si,42,No,0,1
311,2459,628,LATE,545,0.0,2459.0,300000000,KT - EX,25 a 36 meses,Servicios,Venture,Bogotá D.C.,4,Si,Si,933.0,11.0,2003,No,No,No,No,63,Internet,5.0,No,Si,81,No,3,1
312,2460,688,PAID,3,66058664.0,2460.0,450000000,CR ,13 a 24 meses,Comercio,Scale Up,Medellín,5,No,No,937.0,7.0,2007,No,No,No,Si,41,CreditProfessionalContact,1.0,No,Si,15,No,3,1
313,2460,1534,PAID,2,37226008.0,2460.0,450000000,CR ,13 a 24 meses,Comercio,Scale Up,Medellín,5,No,No,937.0,7.0,2007,No,No,No,Si,41,CreditProfessionalContact,1.0,No,Si,15,No,3,1
314,2461,684,PAID,1,44361317.0,2461.0,160000000,KT - CO,Menos de 12 meses,Servicios,Seed,Medellín,4,No,No,877.0,8.0,2013,Si,Si,Si,Si,31,FriendOrColleague,1.0,No,Si,18,No,2,1
315,2461,1422,PAID,0,24242804.0,2461.0,160000000,KT - CO,Menos de 12 meses,Servicios,Seed,Medellín,4,No,No,877.0,8.0,2013,Si,Si,Si,Si,31,FriendOrColleague,1.0,No,Si,18,No,2,0
316,2462,20,PAID,0,48677583.0,2462.0,1230000000,CR ,25 a 36 meses,Servicios,Venture,Medellín,6,No,No,933.0,16.0,2011,Si,Si,Si,Si,33,FriendOrColleague,2.0,No,Si,22,No,3,1
317,2462,590,PAID,1,32642401.0,2462.0,1230000000,CR ,25 a 36 meses,Servicios,Venture,Medellín,6,No,No,933.0,16.0,2011,Si,Si,Si,Si,33,FriendOrColleague,2.0,No,Si,22,No,3,1
318,2462,1116,PAID,1,216844031.0,2462.0,1230000000,CR ,25 a 36 meses,Servicios,Venture,Medellín,6,No,No,933.0,16.0,2011,Si,Si,Si,Si,33,FriendOrColleague,2.0,No,Si,22,No,3,1
319,2464,626,PAID,1,43674921.0,2464.0,200000000,SP,25 a 36 meses,Servicios,Venture,Medellín,5,Si,No,929.0,4.0,2014,Si,Si,Si,Si,30,Other,2.0,No,Si,40,No,8,1
320,2465,209,LATE,209,24788185.0,2465.0,285478000,CR ,Menos de 12 meses,Industria,Seed,La Estrella,4,No,Si,468.0,9.0,2014,Si,No,No,No,36,Other,2.0,No,Si,28,No,3,1
321,2465,719,LATE,32,27761453.0,2465.0,285478000,CR ,Menos de 12 meses,Industria,Seed,La Estrella,4,No,Si,468.0,9.0,2014,Si,No,No,No,36,Other,2.0,No,Si,28,No,3,1
322,2465,977,LATE,200,20423226.0,2465.0,285478000,CR ,Menos de 12 meses,Industria,Seed,La Estrella,4,No,Si,468.0,9.0,2014,Si,No,No,No,36,Other,2.0,No,Si,28,No,3,1
323,2466,985,LATE,191,12608386.0,2466.0,50000000,SP,13 a 24 meses,Servicios,Seed,Envigado,6,No,No,861.0,5.0,2008,Si,No,Si,No,46,Internet,5.0,No,Si,14,No,0,0
324,2466,1082,LATE,135,29889144.0,2466.0,50000000,SP,13 a 24 meses,Servicios,Seed,Envigado,6,No,No,861.0,5.0,2008,Si,No,Si,No,46,Internet,5.0,No,Si,14,No,0,0
325,2467,610,PAID,0,9263122.0,2467.0,140000000,KT - CO,Menos de 12 meses,Industria,Venture,Medellín,5,No,Si,917.0,5.0,2010,Si,Si,Si,Si,40,FriendOrColleague,2.0,No,Si,12,No,0,1
326,2467,679,PAID,2,25816894.0,2467.0,140000000,KT - CO,Menos de 12 meses,Industria,Venture,Medellín,5,No,Si,917.0,5.0,2010,Si,Si,Si,Si,40,FriendOrColleague,2.0,No,Si,12,No,0,1
327,2468,627,LATE,96,7599862.0,2468.0,90000000,KT - CO,Menos de 12 meses,Servicios,Seed,Medellín,5,No,No,933.0,4.0,2004,Si,Si,No,Si,43,FriendOrColleague,3.0,Si,Si,18,No,1,1
328,2468,633,LATE,48,43496664.0,2468.0,90000000,KT - CO,Menos de 12 meses,Servicios,Seed,Medellín,5,No,No,933.0,4.0,2004,Si,Si,No,Si,43,FriendOrColleague,3.0,Si,Si,18,No,1,1
329,2469,630,PAID,0,39370424.0,2469.0,390000000,KT - CO,Menos de 12 meses,Comercio,Growth,Bogotá D.C.,4,Si,Si,920.0,20.0,2002,Si,No,No,Si,64,FriendOrColleague,2.0,No,Si,20,Si,5,1
330,2469,1190,PAID,1,48097647.0,2469.0,390000000,KT - CO,Menos de 12 meses,Comercio,Growth,Bogotá D.C.,4,Si,Si,920.0,20.0,2002,Si,No,No,Si,64,FriendOrColleague,2.0,No,Si,20,Si,5,1
331,2470,585,PAID,1,15869853.0,2470.0,117902428,SP,13 a 24 meses,Servicios,Seed,Medellín,4,No,No,902.0,4.0,2011,Si,No,Si,No,43,CreditProfessionalContact,1.0,No,Si,10,No,1,0
332,2470,903,PAID,2,29769862.0,2470.0,117902428,SP,13 a 24 meses,Servicios,Seed,Medellín,4,No,No,902.0,4.0,2011,Si,No,Si,No,43,CreditProfessionalContact,1.0,No,Si,10,No,1,0
333,2474,616,PAID,2,6629553.0,2474.0,120000000,KT - CO,13 a 24 meses,Industria,Seed,Medellín,6,No,No,832.0,1.0,2013,Si,Si,Si,No,33,Other,4.0,No,Si,6,Si,2,0
334,2474,714,PAID,13,6619094.0,2474.0,120000000,KT - CO,13 a 24 meses,Industria,Seed,Medellín,6,No,No,832.0,1.0,2013,Si,Si,Si,No,33,Other,4.0,No,Si,6,Si,2,0
335,2474,1159,LATE,13,6620879.0,2474.0,120000000,KT - CO,13 a 24 meses,Industria,Seed,Medellín,6,No,No,832.0,1.0,2013,Si,Si,Si,No,33,Other,4.0,No,Si,6,Si,2,0
336,2475,617,PAID,13,9007154.0,2475.0,110000000,KT - EX,Menos de 12 meses,Servicios,Seed,Medellín,6,No,No,853.0,3.0,2006,Si,Si,Si,Si,37,Newspapers,3.0,No,Si,8,No,2,1
337,2475,696,PAID,1,27520765.0,2475.0,110000000,KT - EX,Menos de 12 meses,Servicios,Seed,Medellín,6,No,No,853.0,3.0,2006,Si,Si,Si,Si,37,Newspapers,3.0,No,Si,8,No,2,1
338,2475,1317,PAID,5,8989251.0,2475.0,110000000,KT - EX,Menos de 12 meses,Servicios,Seed,Medellín,6,No,No,853.0,3.0,2006,Si,Si,Si,Si,37,Newspapers,3.0,No,Si,8,No,2,0
339,2476,676,PAID,0,44949348.0,2476.0,560000000,KT - EX,Menos de 12 meses,Servicios,Scale Up,Medellín,6,No,No,929.0,5.0,2012,Si,Si,Si,Si,37,Other,2.0,No,Si,20,No,7,1
340,2476,1130,PAID,1,157743092.0,2476.0,560000000,KT - EX,Menos de 12 meses,Servicios,Scale Up,Medellín,6,No,No,929.0,5.0,2012,Si,Si,Si,Si,37,Other,2.0,No,Si,20,No,7,1
341,2477,1240,LATE,14,90567209.0,2477.0,750000000,KT - CO,Menos de 12 meses,Servicios,Venture,Bogotá D.C.,6,No,Si,858.0,21.0,2013,Si,Si,Si,Si,31,FriendOrColleague,3.0,No,Si,11,No,0,1
342,2477,1423,LATE,14,25204306.0,2477.0,750000000,KT - CO,Menos de 12 meses,Servicios,Venture,Bogotá D.C.,6,No,Si,858.0,21.0,2013,Si,Si,Si,Si,31,FriendOrColleague,3.0,No,Si,11,No,0,1
343,2478,35,PAID,12,88449367.0,2478.0,90000000,KT - CO,Menos de 12 meses,Servicios,Venture,Medellín,4,No,No,858.0,9.0,2015,Si,No,No,Si,40,Other,2.0,No,No,30,No,1,1
344,2479,561,PAID,2,6508179.0,2479.0,150000000,KT - CO,25 a 36 meses,Servicios,Venture,Envigado,5,No,No,907.0,2.0,2016,No,Si,No,Si,40,CreditProfessionalContact,2.0,No,Si,8,No,1,0
345,2479,1050,PAID,1,26029725.0,2479.0,150000000,KT - CO,25 a 36 meses,Servicios,Venture,Envigado,5,No,No,907.0,2.0,2016,No,Si,No,Si,40,CreditProfessionalContact,2.0,No,Si,8,No,1,0
346,2480,629,PAID,0,38743695.0,2480.0,140000000,KT - CO,Menos de 12 meses,Servicios,Seed,Bogotá D.C.,5,No,No,921.0,1.0,2011,No,No,No,No,44,Other,2.0,No,No,4,No,0,0
347,2481,223,PAID,3,88898557.0,2481.0,1095000000,KT - CO,Menos de 12 meses,Servicios,Scale Up,Bogotá D.C.,6,Si,Si,900.0,13.0,2015,Si,Si,Si,No,35,FriendOrColleague,1.0,No,Si,33,No,3,1
348,2481,265,PAID,4,25018288.0,2481.0,1095000000,KT - CO,Menos de 12 meses,Servicios,Scale Up,Bogotá D.C.,6,Si,Si,900.0,13.0,2015,Si,Si,Si,No,35,FriendOrColleague,1.0,No,Si,33,No,3,1
349,2481,591,PAID,22,83433059.0,2481.0,1095000000,KT - CO,Menos de 12 meses,Servicios,Scale Up,Bogotá D.C.,6,Si,Si,900.0,13.0,2015,Si,Si,Si,No,35,FriendOrColleague,1.0,No,Si,33,No,3,1
350,2481,657,PAID,10,18535319.0,2481.0,1095000000,KT - CO,Menos de 12 meses,Servicios,Scale Up,Bogotá D.C.,6,Si,Si,900.0,13.0,2015,Si,Si,Si,No,35,FriendOrColleague,1.0,No,Si,33,No,3,1
351,2481,711,PAID,3,77798891.0,2481.0,1095000000,KT - CO,Menos de 12 meses,Servicios,Scale Up,Bogotá D.C.,6,Si,Si,900.0,13.0,2015,Si,Si,Si,No,35,FriendOrColleague,1.0,No,Si,33,No,3,1
352,2481,1136,LATE,81,167408252.0,2481.0,1095000000,KT - CO,Menos de 12 meses,Servicios,Scale Up,Bogotá D.C.,6,Si,Si,900.0,13.0,2015,Si,Si,Si,No,35,FriendOrColleague,1.0,No,Si,33,No,3,1
353,2481,1408,LATE,55,60518733.0,2481.0,1095000000,KT - CO,Menos de 12 meses,Servicios,Scale Up,Bogotá D.C.,6,Si,Si,900.0,13.0,2015,Si,Si,Si,No,35,FriendOrColleague,1.0,No,Si,33,No,3,1
354,2483,675,LATE,20,65043382.0,2483.0,300000000,KT - CO,25 a 36 meses,Servicios,Seed,Bogotá D.C.,6,No,No,925.0,0.0,2008,Si,No,Si,Si,44,FriendOrColleague,1.0,No,No,10,No,3,0
355,2486,1066,PAID,2,67491433.0,2486.0,300000000,KT - EX,25 a 36 meses,Comercio,Seed,Bogotá D.C.,5,No,No,943.0,1.0,2014,No,No,No,Si,36,FriendOrColleague,19.0,No,Si,5,No,1,0
356,2496,569,PAID,2,14380984.0,2496.0,250000000,CR ,13 a 24 meses,Industria,Seed,Medellín,4,No,No,922.0,1.0,2013,Si,Si,Si,Si,38,FriendOrColleague,2.0,No,No,18,No,1,0
357,2514,954,LATE,494,0.0,2514.0,300000000,KT - EX,25 a 36 meses,Industria,Scale Up,Barranquilla,4,Si,Si,619.0,16.0,2005,No,No,Si,Si,29,Other,2.0,No,Si,25,No,1,1
358,2598,1009,LATE,203,22205184.0,2598.0,250000000,CR ,Menos de 12 meses,Industria,Venture,La Estrella,4,No,No,0.0,0.0,2017,Si,No,No,Si,46,CreditProfessionalContact,1.0,Si,No,9,No,1,0
359,2598,1010,LATE,139,38360445.0,2598.0,250000000,CR ,Menos de 12 meses,Industria,Venture,La Estrella,4,No,No,0.0,0.0,2017,Si,No,No,Si,46,CreditProfessionalContact,1.0,Si,No,9,No,1,0
360,2652,1051,PAID,6,15170017.0,2652.0,50000000,KT - EX,13 a 24 meses,Servicios,Seed,Medellín,4,No,No,0.0,0.0,2018,No,Si,No,No,32,SocialNetworks,2.0,No,Si,2,No,2,0
361,2696,1056,LATE,16,9165339.0,2696.0,260000000,KT - EX,13 a 24 meses,Comercio,Seed,Bogotá D.C.,5,No,No,901.0,2.0,2014,Si,Si,Si,Si,36,FriendOrColleague,2.0,No,Si,6,No,0,0
362,2696,1384,LATE,22,18573877.0,2696.0,260000000,KT - EX,13 a 24 meses,Comercio,Seed,Bogotá D.C.,5,No,No,901.0,2.0,2014,Si,Si,Si,Si,36,FriendOrColleague,2.0,No,Si,6,No,0,0
363,2697,1099,PAID,25,11677360.0,2697.0,60000000,KT - CO,13 a 24 meses,Industria,Seed,Barranquilla,2,No,No,931.0,2.0,2010,No,No,No,No,35,Internet,3.0,No,Si,7,Si,1,0
364,2738,1089,PAID,0,22127209.0,2738.0,70000000,KT - CO,Menos de 12 meses,Servicios,Seed,Bogotá D.C.,4,No,No,923.0,4.0,2012,Si,Si,Si,Si,32,Internet,3.0,No,No,7,No,1,0
365,2738,1365,PAID,0,11577922.0,2738.0,70000000,KT - CO,Menos de 12 meses,Servicios,Seed,Bogotá D.C.,4,No,No,923.0,4.0,2012,Si,Si,Si,Si,32,Internet,3.0,No,No,7,No,1,0
366,2765,1049,LATE,91,62874133.0,2765.0,320000000,SP,13 a 24 meses,Servicios,Scale Up,Medellín,6,No,No,867.0,1.0,2013,No,No,No,Si,49,FriendOrColleague,4.0,No,Si,35,No,5,1
367,2767,1594,PAID,3,7575876.0,2767.0,30000000,KT - CO,13 a 24 meses,Comercio,Seed,Bogotá D.C.,3,No,No,951.0,3.0,2010,Si,Si,Si,Si,31,Newspapers,2.0,No,No,7,No,1,0
368,2769,1071,LATE,212,40289538.0,2769.0,200000000,KT - CO,13 a 24 meses,Servicios,Scale Up,Barranquilla,4,Si,No,950.0,4.0,2007,No,No,No,No,33,Other,2.0,No,No,15,Si,2,0
369,2774,1429,LATE,83,12424684.0,2774.0,50000000,SP,Menos de 12 meses,Servicios,Seed,Bogotá D.C.,3,No,No,936.0,0.0,2002,No,No,No,No,52,Newspapers,3.0,No,Si,7,No,0,0
370,2792,1052,LATE,76,32442131.0,2792.0,250000000,KT - CO,Menos de 12 meses,Comercio,Venture,Medellín,5,No,No,925.0,4.0,2018,No,No,No,No,37,Internet,1.0,No,Si,5,No,1,0
371,2792,1463,LATE,80,69592922.0,2792.0,250000000,KT - CO,Menos de 12 meses,Comercio,Venture,Medellín,5,No,No,925.0,4.0,2018,No,No,No,No,37,Internet,1.0,No,Si,5,No,1,0
372,2814,1137,LATE,30,54148723.0,2814.0,300000000,KT - EX,25 a 36 meses,Servicios,Venture,Medellín,4,Si,Si,937.0,12.0,2002,Si,No,Si,Si,48,SocialNetworks,2.0,No,Si,100,No,8,1
373,2822,1064,PAID,7,13216064.0,2822.0,110000000,KT - EX,25 a 36 meses,Servicios,Seed,Bogotá D.C.,5,No,No,0.0,4.0,2006,Si,Si,Si,Si,44,Newspapers,2.0,No,No,29,No,3,0
374,2822,1323,PAID,1,11009583.0,2822.0,110000000,KT - EX,25 a 36 meses,Servicios,Seed,Bogotá D.C.,5,No,No,0.0,4.0,2006,Si,Si,Si,Si,44,Newspapers,2.0,No,No,29,No,3,0
375,2884,1067,PAID,1,54774874.0,2884.0,350000000,CR ,25 a 36 meses,Servicios,Venture,Barranquilla,4,Si,Si,895.0,15.0,2012,No,Si,No,No,34,Other,1.0,No,Si,25,Si,2,1
376,2892,1057,PAID,7,55975654.0,2892.0,60000000,KT - EX,13 a 24 meses,Servicios,Seed,Bogotá D.C.,4,Si,No,0.0,1.0,2012,Si,No,No,No,45,Internet,1.0,No,No,2,No,0,0
377,2916,1068,PAID,4,55226553.0,2916.0,170000000,KT - CO,Menos de 12 meses,Servicios,Growth,Barranquilla,6,No,Si,931.0,12.0,2015,Si,Si,Si,Si,46,Other,6.0,No,No,140,No,5,1
378,2918,1078,LATE,75,202338429.0,2918.0,500000000,CR ,13 a 24 meses,Comercio,Growth,Bogotá D.C.,4,No,Si,916.0,10.0,2015,No,No,No,No,47,FriendOrColleague,1.0,No,Si,70,No,2,1
379,2924,1073,LATE,32,76750775.0,2924.0,200000000,KT - CO,13 a 24 meses,Servicios,Growth,Bogotá D.C.,4,Si,Si,902.0,5.0,2007,Si,No,Si,Si,55,FriendOrColleague,2.0,Si,Si,500,No,5,1
380,2952,1065,PAID,7,75541330.0,2952.0,130000000,KT - CO,25 a 36 meses,Servicios,Seed,Medellín,6,No,No,863.0,2.0,2014,Si,No,No,Si,31,SocialNetworks,1.0,Si,No,3,No,0,0
381,2952,1484,PAID,3,14168871.0,2952.0,130000000,KT - CO,25 a 36 meses,Servicios,Seed,Medellín,6,No,No,863.0,2.0,2014,Si,No,No,Si,31,SocialNetworks,1.0,Si,No,3,No,0,0
382,2959,1072,LATE,1083,0.0,2959.0,150000000,KT - CO,Menos de 12 meses,Comercio,Growth,Bogotá D.C.,5,No,Si,937.0,27.0,2010,No,No,No,No,59,FriendOrColleague,1.0,No,Si,3,No,2,0
383,2981,1483,LATE,137,20212375.0,2981.0,100000000,KT - EX,13 a 24 meses,Servicios,Venture,Cali,5,No,No,800.0,2.0,2017,Si,Si,No,No,38,Internet,2.0,No,Si,7,Si,2,0
384,2986,1074,LATE,63,36605941.0,2986.0,300000000,KT - EX,13 a 24 meses,Servicios,Growth,Bogotá D.C.,5,Si,Si,887.0,44.0,1999,Si,No,Si,Si,51,FriendOrColleague,2.0,No,Si,370,No,1,1
385,2986,1233,LATE,56,32128283.0,2986.0,300000000,KT - EX,13 a 24 meses,Servicios,Growth,Bogotá D.C.,5,Si,Si,887.0,44.0,1999,Si,No,Si,Si,51,FriendOrColleague,2.0,No,Si,370,No,1,1
386,2994,1374,PAID,6,16694930.0,2994.0,60000000,KT - EX,Menos de 12 meses,Servicios,Seed,Bogotá D.C.,5,No,No,937.0,1.0,2016,No,Si,Si,Si,29,SocialNetworks,2.0,No,No,6,No,0,0
387,2999,1112,LATE,89,15078186.0,2999.0,200000000,CR ,25 a 36 meses,Servicios,Venture,Bogotá D.C.,4,No,Si,868.0,2.0,2013,Si,Si,No,Si,32,FriendOrColleague,2.0,No,No,11,No,0,0
388,3045,1084,LATE,48,16123517.0,3045.0,80000000,KT - CO,13 a 24 meses,Servicios,Seed,Bogotá D.C.,6,No,No,881.0,4.0,2008,No,No,No,Si,56,FriendOrColleague,1.0,No,Si,3,No,0,0
389,3065,1160,LATE,43,9803626.0,3065.0,60000000,KT - EX,13 a 24 meses,Comercio,Growth,Medellín,4,No,No,0.0,0.0,2014,No,No,No,Si,63,Other,1.0,Si,No,5,Si,2,0
390,3066,1119,LATE,279,22066737.0,3066.0,300000000,CR ,25 a 36 meses,Industria,Growth,Medellín,4,No,Si,669.0,32.0,2014,Si,No,No,No,48,Other,1.0,No,Si,39,No,2,1
391,3070,1077,PAID,13,9657801.0,3070.0,110000000,KT - CO,13 a 24 meses,Industria,Seed,Medellín,4,Si,Si,765.0,6.0,2017,Si,Si,No,No,48,FriendOrColleague,5.0,No,No,20,Si,1,0
392,3070,1513,LATE,15,9614491.0,3070.0,110000000,KT - CO,13 a 24 meses,Industria,Seed,Medellín,4,Si,Si,765.0,6.0,2017,Si,Si,No,No,48,FriendOrColleague,5.0,No,No,20,Si,1,0
393,3074,1093,LATE,31,115723422.0,3074.0,300000000,KT - CO,13 a 24 meses,Comercio,Growth,Barranquilla,6,No,Si,828.0,34.0,2015,No,No,Si,Si,48,CreditProfessionalContact,6.0,No,Si,120,No,3,1
394,3114,1086,LATE,24,35519770.0,3114.0,170000000,KT - EX,13 a 24 meses,Servicios,Seed,Bogotá D.C.,5,No,No,798.0,6.0,2016,No,No,No,No,35,FriendOrColleague,1.0,No,No,3,No,0,0
395,3127,1098,LATE,11,25869469.0,3127.0,85000000,CR ,13 a 24 meses,Comercio,Venture,Bogotá D.C.,3,No,No,951.0,2.0,2015,Si,Si,No,No,55,FriendOrColleague,3.0,No,No,10,No,0,0
396,3133,1433,LATE,35,35550858.0,3133.0,240000000,KT - EX,Menos de 12 meses,Servicios,Seed,Bogotá D.C.,4,No,No,863.0,6.0,2016,Si,Si,Si,Si,42,FriendOrColleague,4.0,No,No,11,No,2,0
397,3156,1246,LATE,33,16070444.0,3156.0,50000000,KT - CO,13 a 24 meses,Servicios,Venture,Bogotá D.C.,4,No,No,886.0,1.0,2014,Si,No,Si,Si,43,Internet,2.0,No,Si,10,No,0,0
398,3162,1118,PAID,5,104167089.0,3162.0,320000000,KT - CO,13 a 24 meses,Industria,Seed,Bogotá D.C.,5,No,Si,866.0,10.0,1993,Si,No,Si,Si,59,FriendOrColleague,2.0,No,Si,51,No,5,1
399,3165,1276,LATE,14,61361196.0,3165.0,350000000,KT - CO,13 a 24 meses,Servicios,Venture,Bogotá D.C.,5,No,No,772.0,3.0,2017,Si,Si,No,Si,28,FriendOrColleague,1.0,Si,Si,17,No,1,0
400,3237,1094,PAID,8,12201853.0,3237.0,40000000,CR ,13 a 24 meses,Servicios,Seed,Bogotá D.C.,3,No,No,982.0,2.0,2010,Si,Si,Si,Si,41,Internet,2.0,No,Si,12,No,1,0
401,3239,1103,LATE,92,72350175.0,3239.0,230000000,KT - EX,Menos de 12 meses,Servicios,Scale Up,Rionegro,5,No,No,841.0,7.0,2007,Si,No,No,Si,49,CreditProfessionalContact,2.0,No,Si,7,No,0,0
402,3262,1109,PAID,0,30443768.0,3262.0,150000000,KT - EX,13 a 24 meses,Servicios,Scale Up,Bogotá D.C.,5,No,Si,701.0,4.0,2016,Si,Si,Si,Si,67,Internet,2.0,No,Si,50,No,4,1
403,3262,1440,PAID,0,15151752.0,3262.0,150000000,KT - EX,13 a 24 meses,Servicios,Scale Up,Bogotá D.C.,5,No,Si,701.0,4.0,2016,Si,Si,Si,Si,67,Internet,2.0,No,Si,50,No,4,1
404,3265,1364,PAID,2,19540255.0,3265.0,145000000,KT - CO,13 a 24 meses,Comercio,Seed,Medellín,4,No,No,942.0,3.0,2018,No,No,Si,Si,32,Internet,2.0,No,No,5,No,2,0
405,3283,1102,LATE,43,30517902.0,3283.0,100000000,KT - EX,13 a 24 meses,Servicios,Venture,Barranquilla,4,No,No,891.0,0.0,2013,Si,Si,Si,No,42,Newspapers,8.0,Si,No,20,No,1,0
406,3369,1117,LATE,21,675865.0,3369.0,35000000,CR ,25 a 36 meses,Comercio,Seed,Medellín,5,No,No,924.0,0.0,2016,No,No,No,Si,33,FriendOrColleague,1.0,No,No,8,No,0,0
407,3400,1127,LATE,600,0.0,3400.0,30000000,KT - CO,Menos de 12 meses,Comercio,Venture,Envigado,3,No,No,912.0,0.0,2016,No,Si,No,No,30,FriendOrColleague,1.0,No,Si,5,No,0,0
408,3423,1115,LATE,17,24874003.0,3423.0,130000000,KT - EX,13 a 24 meses,Servicios,Seed,Bogotá D.C.,5,No,No,752.0,9.0,2015,Si,Si,Si,Si,33,FriendOrColleague,3.0,No,Si,12,Si,5,0
409,3423,1515,LATE,17,7417872.0,3423.0,130000000,KT - EX,13 a 24 meses,Servicios,Seed,Bogotá D.C.,5,No,No,752.0,9.0,2015,Si,Si,Si,Si,33,FriendOrColleague,3.0,No,Si,12,Si,5,0
410,3430,1178,PAID,9,43833428.0,3430.0,60000000,KT - CO,Menos de 12 meses,Servicios,Seed,Bogotá D.C.,5,No,No,895.0,5.0,2015,Si,No,No,Si,33,Newspapers,3.0,No,Si,6,No,2,0
411,3440,1156,PAID,1,29712361.0,3440.0,60000000,KT - EX,Menos de 12 meses,Servicios,Seed,Medellín,4,No,No,879.0,5.0,2017,Si,No,Si,No,35,FriendOrColleague,3.0,No,Si,7,No,0,0
412,3478,1273,LATE,106,9422590.0,3478.0,100000000,CR ,25 a 36 meses,Servicios,Seed,Bucaramanga,4,No,No,0.0,0.0,2018,No,No,No,No,41,Newspapers,4.0,No,No,13,No,0,0
413,3478,1424,LATE,108,9426759.0,3478.0,100000000,CR ,25 a 36 meses,Servicios,Seed,Bucaramanga,4,No,No,0.0,0.0,2018,No,No,No,No,41,Newspapers,4.0,No,No,13,No,0,0
414,3486,1141,PAID,0,90490830.0,3486.0,370000000,KT - CO,13 a 24 meses,Industria,Venture,Cartagena de indias,3,Si,No,933.0,6.0,2002,Si,Si,Si,Si,65,Other,5.0,No,Si,85,No,4,1
415,3489,1120,LATE,38,52763195.0,3489.0,63000000,KT - EX,13 a 24 meses,Servicios,Seed,Barranquilla,3,No,No,819.0,4.0,2017,Si,Si,No,Si,33,FriendOrColleague,1.0,No,Si,7,Si,2,0
416,3527,1352,LATE,127,12888007.0,3527.0,50000000,KT - EX,13 a 24 meses,Servicios,Seed,Barranquilla,5,No,No,456.0,5.0,2016,Si,Si,No,Si,34,Other,1.0,No,No,7,No,0,0
417,3560,1142,LATE,323,7692886.0,3560.0,50000000,KT - EX,13 a 24 meses,Servicios,Scale Up,Bogotá D.C.,4,No,No,0.0,0.0,2014,Si,Si,Si,Si,35,Internet,5.0,No,No,30,Si,2,0
418,3616,1196,LATE,83,7666920.0,3616.0,30000000,KT - EX,13 a 24 meses,Servicios,Seed,Bogotá D.C.,4,No,No,736.0,0.0,2010,Si,Si,Si,Si,33,Other,1.0,Si,No,6,No,1,0
419,3627,1154,LATE,103,205929387.0,3627.0,375708564,KT - EX,Menos de 12 meses,Servicios,Venture,Cali,5,No,No,933.0,0.0,2011,No,Si,Si,Si,43,Other,2.0,No,Si,7,No,1,0
420,3629,1194,LATE,34,22266496.0,3629.0,170000000,KT - EX,13 a 24 meses,Servicios,Scale Up,Bogotá D.C.,3,No,No,881.0,2.0,2017,Si,Si,Si,Si,38,Internet,1.0,No,No,35,No,3,0
421,3629,1600,LATE,10,17664854.0,3629.0,170000000,KT - EX,13 a 24 meses,Servicios,Scale Up,Bogotá D.C.,3,No,No,881.0,2.0,2017,Si,Si,Si,Si,38,Internet,1.0,No,No,35,No,3,0
422,3639,1267,LATE,100,23445839.0,3639.0,50000000,KT - CO,Menos de 12 meses,Comercio,Scale Up,Bogotá D.C.,4,Si,No,925.0,7.0,1997,Si,No,Si,No,46,FriendOrColleague,2.0,No,Si,8,No,0,0
423,3656,1472,PAID,6,9105105.0,3656.0,30000000,KT - EX,13 a 24 meses,Servicios,Seed,Barranquilla,3,No,No,919.0,1.0,2016,Si,Si,Si,Si,36,Internet,1.0,No,No,6,No,0,0
424,3665,1173,PAID,1,45196096.0,3665.0,150000000,KT - EX,13 a 24 meses,Servicios,Venture,Bogotá D.C.,5,No,No,912.0,3.0,2008,Si,No,No,No,61,Newspapers,2.0,No,Si,7,No,0,0
425,3715,1162,LATE,32,195612036.0,3715.0,250000000,SP,Más de 37 meses,Servicios,Seed,Medellín,5,No,No,828.0,1.0,2013,No,No,No,Si,35,FriendOrColleague,3.0,No,Si,12,Si,1,0
426,3719,1157,PAID,2,27730604.0,3719.0,290000000,KT - CO,Menos de 12 meses,Servicios,Scale Up,Barranquilla,4,No,Si,786.0,5.0,2015,Si,No,No,Si,32,Other,3.0,No,Si,11,No,0,0
427,3719,1508,PAID,0,16543546.0,3719.0,290000000,KT - CO,Menos de 12 meses,Servicios,Scale Up,Barranquilla,4,No,Si,786.0,5.0,2015,Si,No,No,Si,32,Other,3.0,No,Si,11,No,0,0
428,3722,1163,LATE,80,13879903.0,3722.0,90000000,KT - CO,Menos de 12 meses,Servicios,Venture,Medellín,3,No,Si,929.0,10.0,2011,Si,Si,No,Si,40,FriendOrColleague,1.0,No,Si,8,Si,1,0
429,3722,1504,LATE,81,6051663.0,3722.0,90000000,KT - CO,Menos de 12 meses,Servicios,Venture,Medellín,3,No,Si,929.0,10.0,2011,Si,Si,No,Si,40,FriendOrColleague,1.0,No,Si,8,Si,1,0
430,3723,1277,PAID,3,76577760.0,3723.0,200000000,KT - CO,13 a 24 meses,Comercio,Scale Up,Bogotá D.C.,5,No,No,666.0,1.0,2016,Si,Si,No,Si,52,FriendOrColleague,4.0,No,Si,24,No,0,0
431,3735,1172,PAID,2,66038351.0,3735.0,350000000,CR ,25 a 36 meses,Servicios,Venture,Bogotá D.C.,5,Si,Si,904.0,27.0,1997,Si,Si,Si,Si,50,CreditProfessionalContact,3.0,No,Si,125,No,8,1
432,3741,1164,PAID,10,9145540.0,3741.0,77000000,SP,13 a 24 meses,Servicios,Seed,Manizales,6,No,No,792.0,3.0,2010,Si,No,Si,Si,32,CreditProfessionalContact,3.0,Si,Si,11,Si,1,0
433,3742,1168,PAID,4,19352180.0,3742.0,60000000,KT - CO,Menos de 12 meses,Servicios,Seed,Medellín,6,No,No,889.0,2.0,2015,Si,No,No,No,41,FriendOrColleague,1.0,No,No,2,No,0,0
434,3761,1171,LATE,59,37201729.0,3761.0,270000000,CR ,13 a 24 meses,Servicios,Venture,Medellín,5,No,Si,635.0,6.0,2013,Si,Si,No,Si,32,SocialNetworks,3.0,Si,Si,23,No,0,0
435,3780,1174,PAID,2,54780871.0,3780.0,500000000,SP,25 a 36 meses,Industria,Venture,Manizales,4,Si,Si,933.0,24.0,2004,Si,No,No,Si,65,FriendOrColleague,3.0,No,Si,19,Si,4,1
436,3780,1217,PAID,0,54771911.0,3780.0,500000000,SP,25 a 36 meses,Industria,Venture,Manizales,4,Si,Si,933.0,24.0,2004,Si,No,No,Si,65,FriendOrColleague,3.0,No,Si,19,Si,4,1
437,3787,1176,PAID,0,45193041.0,3787.0,150000000,KT - EX,13 a 24 meses,Servicios,Venture,Armenia,4,No,No,853.0,3.0,2012,Si,Si,Si,Si,37,Other,2.0,No,Si,25,No,0,0
438,3802,1175,PAID,6,82066403.0,3802.0,200000000,KT - CO,Menos de 12 meses,Servicios,Seed,Bogotá D.C.,5,No,No,905.0,3.0,2010,Si,Si,Si,No,43,FriendOrColleague,1.0,No,Si,4,No,1,0
439,3819,1189,LATE,17,45509016.0,3819.0,240000000,KT - CO,13 a 24 meses,Servicios,Venture,Medellín,6,No,Si,734.0,1.0,2013,Si,No,No,No,35,FriendOrColleague,1.0,No,Si,9,No,2,0
440,3819,1587,PAID,8,15002812.0,3819.0,240000000,KT - CO,13 a 24 meses,Servicios,Venture,Medellín,6,No,Si,734.0,1.0,2013,Si,No,No,No,35,FriendOrColleague,1.0,No,Si,9,No,2,0
441,3832,1197,LATE,132,16300779.0,3832.0,80000000,KT - CO,13 a 24 meses,Servicios,Seed,Bogotá D.C.,6,No,No,0.0,0.0,2013,No,No,No,No,40,FriendOrColleague,1.0,No,No,4,No,1,0
442,3839,1183,LATE,42,30625498.0,3839.0,100000000,SP,13 a 24 meses,Servicios,Seed,Bucaramanga,4,No,No,914.0,4.0,2012,Si,Si,Si,Si,27,Internet,1.0,No,Si,11,Si,2,0
443,3851,1184,PAID,7,27718890.0,3851.0,80000000,KT - CO,Menos de 12 meses,Comercio,Venture,Bogotá D.C.,4,No,No,902.0,7.0,2016,Si,Si,No,No,30,Internet,1.0,No,No,4,No,2,0
444,3870,1314,PAID,7,9760691.0,3870.0,30000000,KT - CO,13 a 24 meses,Servicios,Seed,Bogotá D.C.,5,No,Si,820.0,4.0,2015,Si,No,Si,Si,45,FriendOrColleague,2.0,No,No,11,No,1,0
445,3888,1177,LATE,21,60120161.0,3888.0,300000000,KT - CO,Menos de 12 meses,Industria,Scale Up,Bogotá D.C.,3,No,No,836.0,2.0,2014,Si,No,No,No,32,FriendOrColleague,3.0,No,Si,15,No,0,0
446,3903,1198,PAID,0,98125795.0,3903.0,100000000,KT - CO,13 a 24 meses,Comercio,Scale Up,Barranquilla,4,No,No,976.0,2.0,2014,No,No,No,No,45,CreditProfessionalContact,2.0,No,No,9,No,0,0
447,3934,1285,PAID,7,65088680.0,3934.0,300000000,SP,25 a 36 meses,Servicios,Scale Up,Medellín,5,No,No,933.0,11.0,1992,Si,Si,No,No,46,Other,5.0,No,No,60,No,3,1
448,3985,1250,PAID,3,30233511.0,3985.0,100000000,KT - EX,13 a 24 meses,Servicios,Scale Up,Bogotá D.C.,3,No,Si,933.0,11.0,2009,Si,Si,Si,Si,52,Internet,5.0,No,Si,14,No,4,1
449,3996,1203,PAID,3,76783378.0,3996.0,100000000,SP,25 a 36 meses,Comercio,Seed,Marinilla,3,No,Si,929.0,1.0,2006,Si,Si,No,No,45,Other,2.0,No,Si,18,No,2,0
450,4029,634,PAID,0,25622487.0,4029.0,385000000,KT - EX,13 a 24 meses,Servicios,Venture,Bogotá D.C.,6,Si,No,970.0,3.0,2010,Si,Si,Si,No,43,Other,4.0,No,Si,24,No,0,1
451,4029,1191,PAID,5,65636135.0,4029.0,385000000,KT - EX,13 a 24 meses,Servicios,Venture,Bogotá D.C.,6,Si,No,970.0,3.0,2010,Si,Si,Si,No,43,Other,4.0,No,Si,24,No,0,1
452,4030,1237,PAID,0,33465571.0,4030.0,330000000,SP,13 a 24 meses,Comercio,Seed,Bogotá D.C.,3,No,No,922.0,3.0,2012,Si,Si,Si,Si,40,FriendOrColleague,1.0,No,Si,4,No,0,0
453,4036,1373,LATE,181,13996926.0,4036.0,50000000,KT - CO,Menos de 12 meses,Comercio,Venture,Cartagena de indias,3,No,No,916.0,5.0,2016,Si,No,No,No,40,Internet,1.0,No,No,10,No,0,0
454,4042,1486,LATE,242,15248437.0,4042.0,100000000,KT - CO,13 a 24 meses,Servicios,Venture,Santa Marta,3,Si,Si,951.0,3.0,2011,Si,No,No,No,37,Newspapers,1.0,No,Si,8,No,0,0
455,4049,1236,PAID,9,15179837.0,4049.0,80000000,SP,13 a 24 meses,Servicios,Seed,Bogotá D.C.,4,No,Si,956.0,1.0,2014,Si,Si,Si,Si,30,SocialNetworks,1.0,No,No,18,No,2,0
456,4068,1229,LATE,66,49946461.0,4068.0,250000000,KT - EX,13 a 24 meses,Comercio,Growth,Medellín,6,No,Si,925.0,3.0,2012,No,No,No,No,55,SocialNetworks,1.0,No,Si,25,No,4,0
457,4071,1230,PAID,0,10990740.0,4071.0,50000000,SP,25 a 36 meses,Servicios,Seed,Medellín,5,No,No,819.0,3.0,2014,Si,No,Si,Si,31,Internet,1.0,No,Si,15,No,0,0
458,4075,1264,LATE,18,27811944.0,4075.0,110000000,KT - EX,Menos de 12 meses,Servicios,Seed,Bogotá D.C.,5,No,Si,905.0,1.0,2014,Si,Si,No,Si,31,FriendOrColleague,1.0,No,Si,12,No,0,0
459,4078,1351,LATE,434,6495565.0,4078.0,100000000,KT - CO,13 a 24 meses,Comercio,Venture,Cali,3,No,No,0.0,4.0,2016,No,No,No,No,41,FriendOrColleague,1.0,No,No,15,No,0,0
460,4086,1226,PAID,1,7637302.0,4086.0,30000000,KT - CO,13 a 24 meses,Comercio,Seed,Bogotá D.C.,4,No,Si,891.0,3.0,2016,No,No,No,No,33,CreditProfessionalContact,2.0,No,Si,17,No,3,0
461,4090,1228,PAID,6,33190977.0,4090.0,150000000,KT - CO,25 a 36 meses,Servicios,Venture,Bogotá D.C.,5,No,No,929.0,6.0,2006,No,No,No,Si,43,FriendOrColleague,1.0,No,Si,12,No,2,0
462,4147,1247,LATE,302,5560552.0,4147.0,80000000,KT - EX,Menos de 12 meses,Servicios,Seed,Barranquilla,3,No,No,940.0,5.0,2017,No,No,No,No,34,Internet,1.0,No,No,5,No,0,0
463,4162,1494,LATE,14,25416538.0,4162.0,175000000,KT - EX,Menos de 12 meses,Servicios,Venture,Bogotá D.C.,6,No,Si,825.0,4.0,2016,Si,No,No,No,31,FriendOrColleague,2.0,No,No,43,No,0,0
464,4179,1239,LATE,408,5600184.0,4179.0,150000000,CR ,25 a 36 meses,Industria,Seed,Medellín,4,No,No,932.0,4.0,2016,No,Si,No,Si,43,FriendOrColleague,1.0,Si,Si,6,No,0,0
465,4187,1254,LATE,29,25444843.0,4187.0,175000000,KT - CO,13 a 24 meses,Comercio,Seed,Bogotá D.C.,3,No,No,687.0,6.0,2013,Si,No,No,No,39,CreditProfessionalContact,1.0,No,No,14,Si,1,0
466,4214,1295,PAID,0,41070197.0,4214.0,50000000,KT - CO,Menos de 12 meses,Servicios,Seed,Bogotá D.C.,5,No,No,0.0,0.0,2018,No,No,No,Si,32,Newspapers,2.0,No,No,5,No,0,0
467,4217,1255,PAID,0,114747467.0,4217.0,360000000,KT - CO,13 a 24 meses,Comercio,Venture,Bogotá D.C.,3,No,No,927.0,6.0,2015,Si,Si,Si,Si,42,FriendOrColleague,1.0,No,Si,4,No,0,0
468,4228,1271,PAID,2,60965773.0,4228.0,330000000,CR ,13 a 24 meses,Servicios,Scale Up,Pereira,5,No,Si,862.0,3.0,2014,No,No,No,No,42,SocialNetworks,3.0,No,Si,31,No,1,0
469,4240,1272,PAID,0,16729395.0,4240.0,60000000,KT - EX,Menos de 12 meses,Servicios,Seed,Bogotá D.C.,4,No,No,0.0,0.0,2016,Si,No,Si,Si,42,CreditProfessionalContact,1.0,No,No,2,No,0,0
470,4242,1330,LATE,49,16291446.0,4242.0,50000000,KT - CO,13 a 24 meses,Industria,Seed,Copacabana,3,No,No,943.0,0.0,2013,No,No,No,No,45,FriendOrColleague,1.0,No,Si,16,No,1,0
471,4250,1249,PAID,5,38139810.0,4250.0,200000000,KT - EX,13 a 24 meses,Servicios,Seed,Medellín,5,No,No,938.0,1.0,2010,Si,No,No,Si,44,FriendOrColleague,1.0,No,No,12,No,0,0
472,4264,1256,PAID,2,89353418.0,4264.0,500000000,KT - CO,13 a 24 meses,Servicios,Growth,Bogotá D.C.,5,Si,Si,925.0,10.0,2005,Si,No,Si,Si,42,FriendOrColleague,2.0,No,Si,27,No,1,1
473,4266,1278,PAID,9,30744939.0,4266.0,100000000,SP,13 a 24 meses,Servicios,Scale Up,Medellín,4,No,Si,165.0,2.0,2006,Si,Si,Si,Si,55,Other,3.0,No,Si,29,No,2,1
474,4277,1318,LATE,35,22810087.0,4277.0,75000000,KT - EX,13 a 24 meses,Industria,Seed,Medellín,4,No,No,962.0,0.0,2018,No,Si,No,No,32,FriendOrColleague,2.0,No,No,6,Si,1,0
475,4286,1334,LATE,36,16767651.0,4286.0,60000000,KT - CO,Menos de 12 meses,Comercio,Seed,Bogotá D.C.,4,No,No,933.0,3.0,2013,No,No,Si,No,32,FriendOrColleague,2.0,No,No,1,No,1,0
476,4312,1257,PAID,1,45350391.0,4312.0,150000000,KT - CO,13 a 24 meses,Comercio,Scale Up,Medellín,3,No,No,925.0,2.0,2013,No,No,No,No,48,CreditProfessionalContact,2.0,No,Si,62,No,3,0
477,4324,1263,PAID,10,55429375.0,4324.0,250000000,KT - CO,Menos de 12 meses,Servicios,Scale Up,Bogotá D.C.,4,Si,Si,804.0,16.0,2004,Si,Si,No,Si,57,Email,1.0,Si,Si,50,Si,4,1
478,4342,1270,PAID,1,9123228.0,4342.0,30000000,KT - EX,13 a 24 meses,Servicios,Seed,Cali,5,No,No,957.0,0.0,2010,Si,Si,Si,Si,37,SocialNetworks,1.0,No,No,7,No,0,0
479,4372,1275,PAID,7,9786739.0,4372.0,60000000,KT - EX,13 a 24 meses,Servicios,Seed,Bogotá D.C.,4,No,No,877.0,2.0,2012,Si,No,No,Si,44,Internet,2.0,Si,Si,24,Si,1,0
480,4404,1279,LATE,168,32090550.0,4404.0,300000000,KT - EX,25 a 36 meses,Comercio,Growth,Medellín,5,No,No,920.0,3.0,2016,No,Si,No,No,68,Other,1.0,No,Si,20,No,0,0
481,4406,1333,LATE,13,11705145.0,4406.0,30000000,KT - CO,13 a 24 meses,Industria,Seed,Medellín,3,No,No,0.0,1.0,2016,No,No,No,No,22,FriendOrColleague,1.0,No,No,4,Si,1,0
482,4409,1287,LATE,187,6275878.0,4409.0,30000000,KT - EX,13 a 24 meses,Servicios,Seed,Bogotá D.C.,4,No,No,895.0,1.0,2013,No,No,No,No,58,FriendOrColleague,2.0,No,No,3,Si,1,0
483,4440,1449,LATE,38,11562785.0,4440.0,45000000,KT - EX,13 a 24 meses,Servicios,Seed,Medellín,4,No,Si,892.0,0.0,2014,Si,Si,Si,Si,44,SocialNetworks,1.0,No,No,4,No,1,0
484,4449,1332,LATE,25,47929858.0,4449.0,150000000,KT - CO,13 a 24 meses,Servicios,Venture,Medellín,5,No,No,929.0,2.0,2014,Si,Si,Si,Si,40,Other,6.0,No,Si,15,No,1,0
485,4458,1320,LATE,19,12980741.0,4458.0,90000000,CR ,13 a 24 meses,Servicios,Seed,Bogotá D.C.,2,No,No,933.0,2.0,2015,No,No,No,No,42,CreditProfessionalContact,1.0,Si,No,5,Si,1,0
486,4468,1315,LATE,89,13048847.0,4468.0,50000000,SP,13 a 24 meses,Servicios,Seed,Bogotá D.C.,5,No,No,896.0,1.0,2014,Si,No,No,Si,41,FriendOrColleague,1.0,No,Si,2,Si,2,0
487,4504,1280,PAID,0,22716095.0,4504.0,100000000,KT - CO,25 a 36 meses,Comercio,Seed,Barranquilla,5,Si,No,933.0,3.0,2005,Si,Si,No,No,71,CreditProfessionalContact,3.0,No,Si,14,No,3,0
488,4508,1383,PAID,6,20619765.0,4508.0,110000000,CR ,25 a 36 meses,Industria,Venture,Bogotá D.C.,3,No,No,0.0,2.0,2016,Si,Si,No,No,41,FriendOrColleague,1.0,No,Si,18,No,4,0
489,4529,1297,LATE,60,54954172.0,4529.0,300000000,CR ,25 a 36 meses,Servicios,Seed,Bogotá D.C.,4,No,No,910.0,6.0,2012,Si,No,No,Si,56,CreditProfessionalContact,5.0,No,Si,28,Si,4,1
490,4574,1453,PAID,10,27628562.0,4574.0,120000000,KT - CO,Menos de 12 meses,Servicios,Seed,Bogotá D.C.,3,No,No,916.0,3.0,2016,Si,No,Si,No,39,Other,2.0,No,Si,15,No,3,0
491,4585,1340,PAID,2,24214797.0,4585.0,220000000,KT - CO,13 a 24 meses,Servicios,Seed,Bogotá D.C.,5,No,No,806.0,3.0,2017,Si,No,No,No,36,SocialNetworks,1.0,No,No,10,Si,1,0
492,4590,1328,PAID,3,76661853.0,4590.0,200000000,KT - CO,13 a 24 meses,Comercio,Venture,Bogotá D.C.,4,No,No,937.0,3.0,2005,Si,Si,No,No,43,CreditProfessionalContact,2.0,No,Si,14,No,3,0
493,4657,1379,LATE,10,6631616.0,4657.0,30000000,CR ,25 a 36 meses,Servicios,Seed,Bogotá D.C.,6,No,Si,938.0,2.0,2013,Si,Si,Si,Si,32,Internet,1.0,No,Si,8,No,1,0
494,4685,1324,PAID,1,88424192.0,4685.0,300000000,KT - EX,13 a 24 meses,Servicios,Venture,Bogotá D.C.,6,No,No,969.0,0.0,2010,No,No,No,Si,45,CommunicationMedia,1.0,No,Si,35,No,6,0
495,4697,1304,PAID,3,27595237.0,4697.0,150000000,KT - EX,13 a 24 meses,Servicios,Seed,Medellín,5,No,Si,325.0,1.0,2016,No,Si,No,Si,28,Referrer,2.0,No,No,12,No,0,0
496,4728,1319,LATE,18,90985563.0,4728.0,300000000,KT - CO,13 a 24 meses,Comercio,Growth,Medellín,5,Si,Si,933.0,11.0,1965,Si,Si,Si,Si,53,CreditProfessionalContact,69.0,Si,Si,69,No,5,1
497,4736,1307,LATE,18,37935382.0,4736.0,150000000,KT - CO,13 a 24 meses,Servicios,Venture,Medellín,5,No,No,950.0,3.0,2016,Si,No,No,Si,40,Referrer,4.0,No,No,26,No,1,0
498,4778,1325,PAID,1,27249934.0,4778.0,150000000,CR ,25 a 36 meses,Servicios,Scale Up,Barranquilla,4,No,No,943.0,5.0,2014,No,No,Si,No,46,Referrer,2.0,No,Si,25,No,1,0
499,4824,1353,LATE,570,0.0,4824.0,100000000,KT - EX,13 a 24 meses,Servicios,Scale Up,Bogotá D.C.,3,No,Si,882.0,4.0,2014,No,Si,No,No,54,Other,1.0,No,Si,5,No,0,0
500,4872,1338,LATE,81,50481755.0,4872.0,50000000,SP,13 a 24 meses,Industria,Seed,Medellín,6,No,No,944.0,1.0,2017,No,Si,No,Si,27,FriendOrColleague,3.0,No,No,15,Si,2,0
501,4892,1442,PAID,4,12055883.0,4892.0,40000000,SP,13 a 24 meses,Servicios,Seed,Medellín,4,No,No,0.0,0.0,2018,Si,Si,Si,Si,30,CreditProfessionalContact,3.0,Si,No,11,No,0,0
502,4896,1327,LATE,13,14785067.0,4896.0,80000000,CR ,25 a 36 meses,Industria,Seed,Medellín,3,No,No,919.0,2.0,2014,No,No,No,No,40,Referrer,1.0,Si,Si,14,No,1,0
503,4909,1381,PAID,14,15342260.0,4909.0,50000000,KT - CO,13 a 24 meses,Servicios,Seed,Medellín,4,No,No,874.0,0.0,2015,Si,No,No,Si,35,Fenalco,2.0,No,Si,10,No,2,0
504,4911,1357,LATE,29,18327376.0,4911.0,170000000,KT - EX,13 a 24 meses,Servicios,Seed,Medellín,4,No,Si,828.0,2.0,2011,Si,No,Si,Si,32,RutaN,3.0,No,No,8,No,0,0
505,4922,1359,LATE,8,9202102.0,4922.0,30000000,CR ,13 a 24 meses,Servicios,Seed,Medellín,3,No,No,906.0,2.0,2017,No,No,No,No,43,Fenalco,1.0,No,No,37,Si,3,0
506,4941,1349,PAID,0,18392912.0,4941.0,110000000,KT - CO,13 a 24 meses,Servicios,Venture,Medellín,4,No,No,829.0,5.0,2015,No,Si,Si,Si,42,RutaN,2.0,No,Si,10,No,1,0
507,4953,1342,PAID,0,22054331.0,4953.0,100000000,KT - EX,25 a 36 meses,Servicios,Scale Up,Medellín,4,No,No,860.0,2.0,2014,No,No,No,Si,29,RutaN,3.0,No,Si,35,No,4,0
508,4976,1343,PAID,0,33681577.0,4976.0,110000000,KT - EX,13 a 24 meses,Servicios,Seed,Medellín,5,No,Si,870.0,1.0,2006,Si,No,Si,Si,41,RutaN,1.0,No,No,11,No,0,0
509,5055,1369,LATE,157,13165959.0,5055.0,50000000,KT - CO,13 a 24 meses,Industria,Seed,Bogotá D.C.,4,No,No,942.0,1.0,2013,Si,No,No,Si,60,CreditProfessionalContact,1.0,No,Si,15,No,3,0
510,5067,1363,PAID,25,27875443.0,5067.0,120000000,KT - EX,Menos de 12 meses,Servicios,Seed,Medellín,3,No,No,937.0,2.0,2014,Si,No,No,No,32,RutaN,2.0,No,Si,12,Si,1,0
511,5070,1331,LATE,58,19539608.0,5070.0,50000000,KT - CO,13 a 24 meses,Comercio,Scale Up,Bogotá D.C.,4,No,Si,340.0,4.0,2012,Si,Si,Si,Si,47,FriendOrColleague,2.0,No,Si,9,Si,2,0
512,5072,1367,LATE,49,12678458.0,5072.0,50000000,SP,13 a 24 meses,Servicios,Venture,Manizales,4,No,No,925.0,4.0,2012,Si,No,Si,No,46,Other,1.0,No,Si,6,No,2,0
513,5083,1350,PAID,0,9209444.0,5083.0,30000000,KT - CO,13 a 24 meses,Industria,Seed,Barranquilla,2,No,No,967.0,1.0,2018,No,No,No,Si,32,Referrer,2.0,No,No,4,No,0,0
514,5092,1336,LATE,49,45136252.0,5092.0,150000000,KT - EX,13 a 24 meses,Comercio,Scale Up,Itagüí,4,No,Si,933.0,7.0,2010,No,No,Si,Si,36,SocialNetworks,5.0,No,Si,22,No,1,0
515,5117,1339,LATE,16,45222072.0,5117.0,150000000,KT - EX,13 a 24 meses,Servicios,Venture,Bogotá D.C.,6,No,No,939.0,2.0,2014,Si,Si,Si,Si,32,FriendOrColleague,1.0,No,Si,45,Si,3,0
516,5132,1382,PAID,0,31289766.0,5132.0,80000000,KT - EX,13 a 24 meses,Servicios,Venture,Bogotá D.C.,4,No,Si,791.0,1.0,2006,Si,No,Si,Si,37,SocialNetworks,3.0,No,Si,15,No,1,0
517,5133,1446,PAID,0,15292200.0,5133.0,50000000,CR ,13 a 24 meses,Servicios,Seed,Bogotá D.C.,4,No,No,974.0,3.0,2017,Si,Si,No,No,38,SocialNetworks,1.0,No,Si,5,No,1,0
518,5227,1407,PAID,0,54360796.0,5227.0,180000000,SP,13 a 24 meses,Servicios,Seed,Bogotá D.C.,5,No,Si,893.0,4.0,2010,Si,Si,Si,Si,38,SocialNetworks,4.0,No,Si,27,Si,5,0
519,5251,1356,LATE,267,11365823.0,5251.0,100000000,SP,25 a 36 meses,Servicios,Seed,Medellín,3,No,Si,180.0,2.0,2013,No,Si,No,No,47,Referrer,2.0,No,Si,8,No,2,0
520,5269,1362,LATE,107,27631332.0,5269.0,150000000,KT - EX,25 a 36 meses,Comercio,Scale Up,Bucaramanga,3,No,Si,933.0,6.0,2013,No,No,No,No,48,Referrer,2.0,No,Si,4,No,0,0
521,5271,1385,LATE,480,0.0,5271.0,100000000,CR ,13 a 24 meses,Industria,Scale Up,Cali,3,No,No,950.0,1.0,2013,No,No,No,No,37,FriendOrColleague,1.0,No,No,9,No,0,0
522,5309,1377,PAID,12,59538788.0,5309.0,200000000,KT - EX,13 a 24 meses,Industria,Growth,Bogotá D.C.,4,Si,No,929.0,28.0,1958,Si,Si,Si,Si,61,CreditProfessionalContact,3.0,No,Si,196,No,5,1
523,5338,1372,LATE,92,53684248.0,5338.0,300000000,KT - EX,25 a 36 meses,Servicios,Growth,Medellín,6,Si,No,920.0,4.0,1989,No,No,No,No,65,FriendOrColleague,1.0,Si,Si,80,No,0,1
524,5350,1370,LATE,69,18576327.0,5350.0,100000000,CR ,25 a 36 meses,Servicios,Seed,Medellín,4,No,No,805.0,0.0,2017,Si,Si,No,No,28,Referrer,1.0,No,Si,4,No,0,0
525,5362,1418,PAID,2,47706277.0,5362.0,150000000,KT - EX,13 a 24 meses,Servicios,Venture,Bogotá D.C.,5,Si,Si,872.0,1.0,2016,No,Si,Si,Si,33,FriendOrColleague,4.0,No,No,26,No,2,0
526,5363,1335,LATE,34,27671503.0,5363.0,150000000,KT - CO,25 a 36 meses,Servicios,Growth,Rionegro,5,No,Si,828.0,6.0,2010,Si,Si,No,No,39,Referrer,2.0,No,Si,40,No,3,0
527,5403,1397,LATE,132,20508845.0,5403.0,80000000,KT - CO,13 a 24 meses,Industria,Venture,Bogotá D.C.,6,Si,No,896.0,5.0,2012,No,No,No,Si,25,Referrer,2.0,No,Si,23,No,5,0
528,5446,1421,LATE,57,16789109.0,5446.0,30000000,KT - EX,Menos de 12 meses,Servicios,Seed,Bogotá D.C.,4,No,No,0.0,2.0,2017,No,No,No,No,36,SocialNetworks,1.0,No,No,2,No,0,0
529,5468,1398,LATE,116,60268228.0,5468.0,300000000,KT - EX,13 a 24 meses,Servicios,Scale Up,Bogotá D.C.,4,Si,Si,866.0,6.0,2002,Si,No,No,Si,47,Referrer,1.0,No,Si,62,No,2,0
530,5483,1387,LATE,27,34985638.0,5483.0,140000000,KT - CO,13 a 24 meses,Servicios,Scale Up,Medellín,4,No,No,952.0,1.0,2010,No,No,No,Si,35,Referrer,1.0,No,Si,14,Si,2,0
531,5487,1447,PAID,7,36092226.0,5487.0,360000000,KT - CO,25 a 36 meses,Comercio,Scale Up,Bogotá D.C.,4,No,No,797.0,12.0,2016,Si,No,No,Si,30,FriendOrColleague,5.0,No,Si,25,No,3,0
532,5506,1416,PAID,6,12921895.0,5506.0,40000000,CR ,13 a 24 meses,Servicios,Seed,Medellín,4,Si,Si,974.0,2.0,2014,Si,No,No,Si,42,Fenalco,1.0,No,No,24,No,3,0
533,5551,1386,PAID,0,30307198.0,5551.0,100000000,KT - CO,13 a 24 meses,Servicios,Growth,Bogotá D.C.,5,Si,Si,925.0,31.0,2013,Si,Si,Si,Si,74,CreditProfessionalContact,4.0,No,Si,255,No,1,1
534,5555,1455,LATE,85,17766810.0,5555.0,70000000,KT - EX,13 a 24 meses,Servicios,Venture,Bogotá D.C.,3,Si,Si,875.0,0.0,2015,Si,No,No,No,25,CommunicationMedia,3.0,No,Si,15,Si,1,0
535,5567,1378,LATE,508,0.0,5567.0,100000000,KT - CO,13 a 24 meses,Servicios,Venture,Bogotá D.C.,4,No,No,869.0,7.0,2012,Si,No,No,No,29,Fenalco,1.0,No,Si,15,Si,3,0
536,5573,1401,LATE,35,48367878.0,5573.0,150000000,KT - EX,13 a 24 meses,Servicios,Venture,Bogotá D.C.,4,No,No,920.0,1.0,2017,Si,Si,No,No,44,Referrer,1.0,No,No,8,No,1,0
537,5592,1395,PAID,1,45458114.0,5592.0,150000000,KT - CO,13 a 24 meses,Comercio,Seed,Bogotá D.C.,6,No,No,872.0,3.0,2016,No,No,No,No,36,Referrer,2.0,No,Si,6,No,2,0
538,5622,1413,LATE,12,9203287.0,5622.0,30000000,CR ,13 a 24 meses,Comercio,Seed,Bogotá D.C.,5,No,No,940.0,1.0,1991,No,No,No,Si,41,Referrer,1.0,No,No,4,Si,2,0
539,5629,1412,LATE,333,1534373.0,5629.0,30000000,KT - CO,13 a 24 meses,Comercio,Seed,Medellín,5,Si,Si,859.0,3.0,2014,No,No,No,No,63,FriendOrColleague,1.0,No,Si,6,Si,3,0
540,5652,1464,PAID,0,19365563.0,5652.0,50000000,KT - EX,13 a 24 meses,Servicios,Seed,Bogotá D.C.,6,No,No,945.0,2.0,2012,Si,No,No,No,40,CommunicationMedia,2.0,No,Si,8,No,2,0
541,5658,1396,PAID,1,45718969.0,5658.0,250000000,CR ,25 a 36 meses,Servicios,Scale Up,Barranquilla,3,No,No,934.0,4.0,2016,No,No,No,No,42,Referrer,1.0,No,No,14,No,1,0
542,5674,1430,PAID,1,30516154.0,5674.0,100000000,CR ,13 a 24 meses,Comercio,Scale Up,Bucaramanga,4,No,Si,883.0,12.0,2016,No,No,No,Si,24,Referrer,3.0,No,Si,8,No,1,0
543,5680,1417,LATE,85,25115345.0,5680.0,100000000,SP,13 a 24 meses,Servicios,Seed,Bogotá D.C.,3,Si,Si,947.0,1.0,2006,Si,Si,Si,Si,40,CreditProfessionalContact,1.0,Si,Si,9,No,1,0
544,5692,1399,LATE,63,95941569.0,5692.0,420000000,KT - EX,13 a 24 meses,Servicios,Scale Up,Bogotá D.C.,4,No,No,925.0,8.0,2010,Si,No,No,No,42,Internet,2.0,No,Si,52,No,3,0
545,5713,1451,PAID,16,54869282.0,5713.0,300000000,CR ,25 a 36 meses,Comercio,Growth,Medellín,6,No,No,925.0,11.0,2010,Si,Si,Si,Si,71,Referrer,6.0,No,No,100,Si,5,1
546,5721,1479,LATE,143,19255867.0,5721.0,75000000,KT - EX,13 a 24 meses,Servicios,Seed,Pereira,4,Si,Si,0.0,0.0,2018,Si,No,No,Si,48,SocialNetworks,1.0,No,No,4,Si,1,0
547,5750,1438,PAID,4,25007232.0,5750.0,115000000,KT - CO,Menos de 12 meses,Servicios,Seed,Rionegro,5,No,Si,664.0,5.0,2018,No,No,No,No,60,SocialNetworks,2.0,No,No,13,No,1,0
548,5769,1443,LATE,299,30445876.0,5769.0,200000000,CR ,13 a 24 meses,Servicios,Growth,Medellín,4,No,No,915.0,7.0,2014,No,No,No,No,37,FriendOrColleague,1.0,No,Si,8,No,1,0
549,5795,1425,LATE,39,37665771.0,5795.0,150000000,KT - CO,13 a 24 meses,Servicios,Venture,Medellín,3,No,No,920.0,5.0,2016,No,Si,No,Si,28,Referrer,1.0,No,Si,32,No,2,0
550,5806,1415,LATE,96,15235705.0,5806.0,90000000,CR ,13 a 24 meses,Servicios,Seed,Bogotá D.C.,4,No,No,896.0,5.0,2016,No,No,No,No,44,Referrer,1.0,No,No,8,No,0,0
551,5821,1431,LATE,16,15497414.0,5821.0,90000000,KT - EX,13 a 24 meses,Servicios,Seed,Medellín,4,No,No,923.0,1.0,2017,Si,Si,No,No,30,Referrer,1.0,No,No,4,No,0,0
552,5828,1475,PAID,0,21187947.0,5828.0,70000000,KT - CO,13 a 24 meses,Servicios,Seed,Bogotá D.C.,3,No,No,933.0,0.0,2017,Si,No,No,Si,42,FriendOrColleague,2.0,No,No,1,Si,1,0
553,5832,1426,PAID,2,38426287.0,5832.0,100000000,KT - CO,13 a 24 meses,Industria,Venture,Bogotá D.C.,4,No,No,879.0,8.0,2005,Si,No,No,No,49,CreditProfessionalContact,2.0,No,Si,25,No,2,0
554,5951,1462,LATE,49,7518139.0,5951.0,30000000,CR ,13 a 24 meses,Servicios,Seed,Bogotá D.C.,4,No,No,980.0,2.0,1999,No,No,No,No,46,FriendOrColleague,2.0,No,Si,4,No,0,0
555,5958,1441,PAID,0,22236876.0,5958.0,40000000,SP,Menos de 12 meses,Servicios,Seed,Bogotá D.C.,6,Si,Si,960.0,2.0,2014,Si,Si,Si,Si,37,CommunicationMedia,1.0,No,No,12,No,1,0
556,6008,1493,LATE,53,55401283.0,6008.0,150000000,KT - CO,Menos de 12 meses,Servicios,Seed,Bogotá D.C.,5,No,No,867.0,2.0,2007,Si,Si,Si,Si,37,SocialNetworks,2.0,No,Si,6,Si,1,0
557,6069,1474,PAID,3,11715482.0,6069.0,30000000,KT - CO,13 a 24 meses,Comercio,Seed,Medellín,2,No,No,0.0,2.0,2018,No,No,No,No,23,CommunicationMedia,2.0,No,No,2,Si,0,0
558,6115,1454,LATE,46,32262704.0,6115.0,70000000,KT - EX,Menos de 12 meses,Servicios,Seed,Bogotá D.C.,6,No,Si,951.0,1.0,2017,Si,Si,No,Si,42,FriendOrColleague,1.0,No,No,4,No,1,0
559,6183,1470,PAID,24,75246006.0,6183.0,300000000,CR ,13 a 24 meses,Servicios,Venture,Bogotá D.C.,5,No,Si,829.0,7.0,2011,Si,No,Si,No,39,Referrer,2.0,No,Si,10,Si,2,0
560,6202,1491,LATE,82,9678233.0,6202.0,30000000,KT - EX,13 a 24 meses,Comercio,Seed,Bogotá D.C.,6,No,No,907.0,4.0,2012,Si,Si,No,Si,30,Internet,2.0,Si,Si,10,Si,1,0
561,6267,1466,PAID,2,45300752.0,6267.0,150000000,KT - EX,13 a 24 meses,Servicios,Venture,Bogotá D.C.,5,No,No,870.0,10.0,2008,Si,No,No,No,31,FriendOrColleague,3.0,No,Si,23,Si,6,0
562,6276,1461,PAID,0,19400129.0,6276.0,50000000,KT - CO,13 a 24 meses,Servicios,Venture,Bogotá D.C.,3,No,No,956.0,2.0,2014,No,No,No,No,58,CreditProfessionalContact,1.0,No,Si,6,No,2,0
563,6289,1456,PAID,9,27813266.0,6289.0,50000000,KT - CO,Menos de 12 meses,Servicios,Seed,Bogotá D.C.,3,No,No,964.0,1.0,2017,No,Si,No,Si,36,CreditProfessionalContact,2.0,No,No,7,Si,3,0
564,6313,1473,PAID,8,11605229.0,6313.0,30000000,KT - CO,13 a 24 meses,Servicios,Venture,Bogotá D.C.,5,No,Si,925.0,1.0,2016,Si,No,No,No,48,Internet,1.0,No,No,1,Si,1,0
565,6328,1489,LATE,90,12758503.0,6328.0,50000000,KT - CO,13 a 24 meses,Servicios,Seed,Bogotá D.C.,5,No,No,0.0,1.0,2016,Si,No,No,No,45,Internet,1.0,No,No,2,No,0,0
566,6361,1480,LATE,10,9065756.0,6361.0,30000000,SP,13 a 24 meses,Servicios,Venture,Bogotá D.C.,3,No,Si,959.0,1.0,2017,Si,No,No,No,40,Internet,2.0,No,Si,3,Si,1,0
567,6385,1476,LATE,152,32829690.0,6385.0,300000000,KT - EX,25 a 36 meses,Servicios,Growth,Medellín,4,No,No,920.0,8.0,2009,Si,Si,Si,Si,54,SocialNetworks,1.0,No,Si,30,Si,4,0
568,6498,1477,LATE,109,10219933.0,6498.0,40000000,KT - EX,13 a 24 meses,Servicios,Seed,Bogotá D.C.,3,No,No,664.0,3.0,2014,No,No,No,No,59,CreditProfessionalContact,1.0,No,Si,5,No,0,0
569,6505,1502,LATE,11,44172685.0,6505.0,205000000,KT - CO,13 a 24 meses,Comercio,Seed,Medellín,4,Si,No,743.0,5.0,2018,Si,No,No,No,44,SocialNetworks,2.0,No,Si,7,No,0,0
570,6526,1490,LATE,99,20352196.0,6526.0,100000000,KT - CO,13 a 24 meses,Industria,Venture,Bogotá D.C.,3,No,No,937.0,3.0,2005,No,No,No,No,31,Internet,2.0,No,Si,20,No,1,0
571,6663,1488,LATE,88,15288351.0,6663.0,60000000,KT - CO,13 a 24 meses,Servicios,Seed,Bogotá D.C.,4,No,Si,934.0,5.0,2015,Si,Si,No,Si,38,CommunicationMedia,2.0,No,Si,9,Si,3,0
572,6734,1499,LATE,29,16038476.0,6734.0,50000000,KT - CO,13 a 24 meses,Servicios,Seed,Bogotá D.C.,5,No,No,967.0,2.0,2017,Si,Si,No,Si,39,SocialNetworks,2.0,No,Si,6,No,0,0
573,6982,1503,PAID,4,36277437.0,6982.0,200000000,KT - EX,25 a 36 meses,Servicios,Venture,Bogotá D.C.,4,No,Si,892.0,5.0,2013,Si,No,Si,Si,38,CommunicationMedia,1.0,No,Si,18,No,3,0
574,7008,1593,LATE,57,23829284.0,7008.0,130000000,CR ,25 a 36 meses,Servicios,Venture,Bogotá D.C.,4,No,No,911.0,2.0,2016,No,No,No,No,35,Internet,3.0,Si,Si,14,No,5,0
575,7145,1492,PAID,0,85184813.0,7145.0,400000000,KT - EX,25 a 36 meses,Servicios,Venture,Medellín,6,No,Si,920.0,2.0,2011,Si,Si,No,Si,38,SocialNetworks,2.0,Si,Si,12,No,9,0
576,7279,1595,PAID,1,16168099.0,7279.0,50000000,KT - CO,13 a 24 meses,Servicios,Venture,Bogotá D.C.,3,No,No,226.0,8.0,1990,Si,No,No,Si,56,Referrer,2.0,No,Si,6,No,0,0
